# corpus baseapp set 1 symbols [CLEAN26,CLEAN27,CLEAN28,CLEAN29,CLEANSCHEMA25,CLEANSCHEMA26,CLEANSCHEMA27,CLEANSCHEMA28,CLEANSCHEMA29,CLEANSCHEMA30,CLEANSCHEMA31] hashSourceSnapshot(al-only,no-app.json) a74072635ef6ebeb3c4a1195de7ab2e29b985bb25eee6bc0ece0c9918f98b29a git 4d61fc58bc55dd0acb78f8b9b6ea54109b960785
Source/Base Application/AccessibleCompanies.PageExt.al	9	2f62c87f03e9230fb67232885ee9360c23445dce0925b5a5f1afd382b8b1757a
Source/Base Application/AdditionalCustomerTerms.Page.al	8	5831c8bf2a3d811fae1a770cf20d54901d6c87ba7b9a6529a5968145ffe60085
Source/Base Application/AdditionalCustTermsSetup.Page.al	15	5640d7bba4774302197ca66e1412d2d17fafaff0c594bcf4461a80c917ee3668
Source/Base Application/AdvancedSettingsExt.PageExt.al	12	40e9a71f713353ce62469383a672de478e9f3b347aa0a134833d9c31b954bea2
Source/Base Application/AdvancedSettingsExtImpl.Codeunit.al	7	ac2f9872305bfc73f02577aae8d70f87e49039c8d0c671fe25ea65cf9cb93fac
Source/Base Application/ApplicationSystemConstants.Codeunit.al	20	0f8886051acafe077b61b65a6cee00a98506247d696b4723bc10f30fb6915925
Source/Base Application/Assembly/AssemblyBOM.Page.al	79	3393f789f505dc04d7e77565939bc9b457a48f22caafdad9a00fccab16ad861a
Source/Base Application/Assembly/Comment/AssemblyCommentLine.Table.al	14	4288fbf256bc47101df4bb74092fc4db789a7087ee6f31b10fce5e05cfe44ee6
Source/Base Application/Assembly/Comment/AssemblyCommentSheet.Page.al	2	a8cd376ace4f6be18fd7a249356fe9ddd92e2476b4e6c7b2406f8bbd85535cd7
Source/Base Application/Assembly/Costing/CalculateAssemblyCost.Codeunit.al	338	6d2a6f3863618432adf1950f639429b39f9136762fc8a33c4abd6a184bc6b373
Source/Base Application/Assembly/Document/AssembletoOrderLines.Page.al	87	c183c7e1fa8c4c9bfd33c13ec49067bf2341a5226c255a5ddbb2ff6de688c93c
Source/Base Application/Assembly/Document/AssembletoOrderLink.Table.al	1198	2c1c38620566b99044bf151f09864bfcdd391a488369551930762d00f4a9bb30
Source/Base Application/Assembly/Document/AssemblyAvailability.Page.al	21	f2776d43efd947e99bfc5fbb18a425c778c24cd8d3dcf7f902dc11a5fb37a884
Source/Base Application/Assembly/Document/AssemblyAvailabilityCheck.Page.al	88	f0bc1bedd6515c17ea2ef533827edd106720b5490493b462310c674b3c606427
Source/Base Application/Assembly/Document/AssemblyAvailabilityMgt.Codeunit.al	268	e8c76d431976fd59d2e4a0afb30b03cb2b294ccf84d1ede280d5b5dfde02d09d
Source/Base Application/Assembly/Document/AssemblyHeader.Table.al	1055	d1f2f92d8a4ddd4ad6256606eda95002f70f9f0e2e856368974600b9e7386fc6
Source/Base Application/Assembly/Document/AssemblyHeaderInvtProfile.Codeunit.al	75	404b76cf1dfd294015fde5b7706be47696b54a19f47839f28d96adb870477a61
Source/Base Application/Assembly/Document/AssemblyHeaderReserve.Codeunit.al	443	21abf47f024145711ab1dd9c6c8a7728416ad41ae7458464635b1480b0958300
Source/Base Application/Assembly/Document/AssemblyInfoPaneManagement.Codeunit.al	69	8749f141ad86db0af7081d2d36c99b36c26a07d3607e2bfa745f688249b85da5
Source/Base Application/Assembly/Document/AssemblyLine.Table.al	1083	8af04c600f721b739040eaf1ce802f340b0de5712939567cc54e3da3e1d0f29d
Source/Base Application/Assembly/Document/AssemblyLineAvail.Page.al	21	37fc82eaa171516a70ab577a14cef842a899f4fb0f2f43cffc8af2000831e8ad
Source/Base Application/Assembly/Document/AssemblyLineInvtProfile.Codeunit.al	131	b10e139db38653a0eb04f1837baa9893c1d85dff6b4c3d9432d4f879bcc757c6
Source/Base Application/Assembly/Document/AssemblyLineManagement.Codeunit.al	685	94a25a535674ec524fc31c7b0bcbb3905683a81bbaed0aae0608cb051954b6e7
Source/Base Application/Assembly/Document/AssemblyLinePlanning.Codeunit.al	93	e318589b34ff77d5cee69785f4f7c52a460003a4aa42c2bb4d3f6ab99b2e4478
Source/Base Application/Assembly/Document/AssemblyLineReserve.Codeunit.al	533	9f9c56e7439587cf06b5d0358ef0617b9a0ef3943f4c2a6112d5d7056ab31da2
Source/Base Application/Assembly/Document/AssemblyLines.Page.al	10	43615b665bfb7e813b7789145dc0c2170fa0549da12140efad13f8a9ed147146
Source/Base Application/Assembly/Document/AssemblyList.Page.al	9	e7609442b1bad527d3613c8a9bdddb2e9a6ab79983151494d0d48627aafb00c9
Source/Base Application/Assembly/Document/AssemblyOrder.Page.al	138	27d88aea720683a5a129f919ba982816695f9a66d32bc870e0f4ab4843c1d20d
Source/Base Application/Assembly/Document/AssemblyOrder.Report.al	4	a5609f941597af152d69176c8fb1627d46d197240f5561a671342907936b6fc9
Source/Base Application/Assembly/Document/AssemblyOrders.Page.al	41	c61827bfc6190bffbfc8c23974b396f82b38fcc2788e46265a01d04416f0eb98
Source/Base Application/Assembly/Document/AssemblyOrderStatistics.Page.al	5	35d7e34da86684411652ae40e45545700e473ad4c10904e627d963f4ada28b9d
Source/Base Application/Assembly/Document/AssemblyOrderSubform.Page.al	164	632dbb87948280038b8b41c06d2b5791213b036ff46486a6a413ffaa82437ec0
Source/Base Application/Assembly/Document/AssemblyQuote.Page.al	37	b6ea6b049a5a31232d82bbdb43e47e6de17c4ff2633d6ca69dc006eb6a5cbd07
Source/Base Application/Assembly/Document/AssemblyQuotes.Page.al	25	4a37bb6f0efe891f2ac8b285dde1a8348c020c8b32740f08bd6d206579da6830
Source/Base Application/Assembly/Document/AssemblyQuoteSubform.Page.al	96	56fc269bf99d6ac3bb5964d5dafb31e8e3d20936a03e8e44a9c3703ccd89caf7
Source/Base Application/Assembly/Document/AssemblyWarehouseMgt.Codeunit.al	139	67d6fc2e66e98df12747cdf95253276e42c6b4fe9674ad6ef9cee8a5c2c2560f
Source/Base Application/Assembly/Document/AvailableAssemblyHeaders.Page.al	86	71e9569304f130a5d4d96d1b6e46fff95496306ce7685f64ca8b88f515e07e57
Source/Base Application/Assembly/Document/AvailableAssemblyLines.Page.al	88	73090c77e53125e21a1fedccdfd836c97ea6eb1783a7cb9e1f590cc2a27ffef6
Source/Base Application/Assembly/Document/BatchPostAssemblyOrders.Report.al	19	71339df4d4438ab37fe73f1d007388e153f7c178564e7ebf907461d592f109ba
Source/Base Application/Assembly/Document/BlanketAssemblyOrder.Page.al	46	c55e160669723be0b57ea03df4ef09ac1b37ea4d2080953028fac0fe09fdf07d
Source/Base Application/Assembly/Document/BlanketAssemblyOrders.Page.al	17	a2e25cf5646e34492137ad91ddb9b0cf90b012634136fcac6cddac2c9a1d0c1a
Source/Base Application/Assembly/Document/BlanketAssemblyOrderSubform.Page.al	94	18f3fb68eda4e9a51c4b907d2a0351b7982174efbe7dca81d2b570d155365d1a
Source/Base Application/Assembly/Document/CheckAssemblyDocument.Codeunit.al	36	14d206a240e78daab921db00ccc51188bac0cee9d9764a6029fc0bad6df4bbcf
Source/Base Application/Assembly/Document/ComponentItemDetails.Page.al	5	7b982a0880471a093d36373f7fcaeab106d6535f1390e7f9d27c28abfc121dac
Source/Base Application/Assembly/Document/ComponentItemFactBox.Page.al	31	4b0044d89887a33b50d7e83ff698cff64ad91988e917303d8e7a605bfa4d600d
Source/Base Application/Assembly/Document/CopyAssemblyDocument.Report.al	34	e3b2e6d16b12d67feadfa3ce296d0f2b80f79aabe1373caf0bb563b5aea82c5b
Source/Base Application/Assembly/Document/ReleaseAssemblyDocument.Codeunit.al	34	b13bfbbaeb919f03d13c258e6244dada81be36ff5d8b2e328f3648470fa2f7c4
Source/Base Application/Assembly/Document/WhseAssemblyRelease.Codeunit.al	161	1e738f795adc64bb4529751478458c2628c0718e3cc660b9f1e0744f5c564457
Source/Base Application/Assembly/Foundation/Navigate/AsmNavigateMgt.Codeunit.al	23	5fa2f9adec383a82f77bcffd4edbce52daf2d0dab926526424f08b50e93c5e24
Source/Base Application/Assembly/History/InvtLedgerAssemblySource.Codeunit.al	7	186e74e4c19fe20e302dfb7a240a29b9b2ea17a79d630f1a5c4aaa893d100e24
Source/Base Application/Assembly/History/PostedAsmOrderStatistics.Page.al	5	195d59b96d10ea6308f77d5bb86f265e770168cc29cacafca3809b4042d405f6
Source/Base Application/Assembly/History/PostedAssembletoOrderLink.Table.al	49	2463faaf3e81bf63e877e1f4ba870194d32ff4c00a42aac34560ce9262b55766
Source/Base Application/Assembly/History/PostedAssemblyHeader.Table.al	52	ad9a2fba9d08733c783ce28559daab2bbd03c829c0dfface0248d5e0ea3c64a0
Source/Base Application/Assembly/History/PostedAssemblyLine.Table.al	59	d1238377b85e98cd902b4a62402ef09596ab22c5030b4533a98f0cae577ba11b
Source/Base Application/Assembly/History/PostedAssemblyLines.Page.al	6	cd3b51edaa5edfd9243668d5c246d46d9776c06b500b8f09b89c6040c8eb95fe
Source/Base Application/Assembly/History/PostedAssemblyLinesDelete.Codeunit.al	10	ae4f4dcba6c34d97e5ec7abcc36340ca03b075f4f9fd0462c699a0e9ae869923
Source/Base Application/Assembly/History/PostedAssemblyOrder.Page.al	19	40b572099eb88e591ae6bad5b049ee6b28af1dfbd4eaa612ee909a4ce64fa7ef
Source/Base Application/Assembly/History/PostedAssemblyOrder.Report.al	100	27e94262a6f5af9b6669b0d9d05dc47aba0475e50f1744d00a3e6b5a0604469f
Source/Base Application/Assembly/History/PostedAssemblyOrders.Page.al	8	b3c85721509f113c26efc54411971ff7ad9378b685f55e4061ed6c1de0cb03db
Source/Base Application/Assembly/History/PostedAssemblyOrderSubform.Page.al	30	5f51d42c78cec96601f014a8bc79b3c56d1916178a54ec01ef80d8ffb0560085
Source/Base Application/Assembly/History/PstdAssemblyUndoYesNo.Codeunit.al	11	9b5966d6ca972039705b8a1a772715f9e66cf53e1e2409b62396b83ed090c3f4
Source/Base Application/Assembly/Inventory/BOM/AsmBOMBuffer.TableExt.al	41	51648a5042d90e578bda9a727999f325066bb1b19c92a21ce92287d16df6e8b4
Source/Base Application/Assembly/Inventory/BOM/AsmCalculateBOMTree.Codeunit.al	39	e645f49f93dbe40db4bcbf6dbf337791865e1dfc0a6432d9183e01a70b3dbdb9
Source/Base Application/Assembly/Inventory/Costing/AsmInventoryAdjmtEntry.TableExt.al	28	7fbf7b97a6ecc8a654d25cc88a17b4fa5d142d40ba866926bce3b221ef16c855
Source/Base Application/Assembly/Inventory/Item/AsmItemCard.PageExt.al	4	123c026796ed7a82bfcb91f91eb3594ec0af5ca6e206cfdb7dc79a55e55f5de9
Source/Base Application/Assembly/Inventory/Journal/AsmItemJnlCheckLine.Codeunit.al	50	621738e59144c15e69304cc5fe73604d79516bec8896af408422d99a8801d422
Source/Base Application/Assembly/Inventory/Journal/AsmItemJournalLine.TableExt.al	54	e8b658f679979d0993cfeffbd68ecc91f581657dd34df32ebf6bc20981f3ea04
Source/Base Application/Assembly/Inventory/Journal/AsmItemJournalMgt.Codeunit.al	86	5cdfa7eac01c106904b08a82e79e74ff18bb85e3aebeee3b88115dd4e66bdef8
Source/Base Application/Assembly/Inventory/Requisition/AsmCarryOutAction.Codeunit.al	199	38df224624d0cdfe3ad9bfdadc2b84ed4fe52931edc48d178540ba610115da63
Source/Base Application/Assembly/Inventory/Requisition/AsmCarryOutActionPrint.Codeunit.al	31	4b42b6d086b139b15f88180b23d44ad5119fdb25cd973d22d0b235050d278509
Source/Base Application/Assembly/Inventory/Requisition/AsmRequisitionLine.Codeunit.al	28	c5ae831a85fded008716e1e86547deab14787575cbdec6c2c5ba4551d91ec42f
Source/Base Application/Assembly/Inventory/Requisition/AsmRequisitionLine.TableExt.al	73	cf3bd06e3dcc171513ddc995ec17a8705f1f01482d13a54c505519f0123c0bc3
Source/Base Application/Assembly/Inventory/Tracking/AsmGetDemandToReserve.Codeunit.al	107	39960134e4c9ae9f97567351c4fa7f96cd4394880bbb4c6649bbf4c6a91281a7
Source/Base Application/Assembly/Inventory/Tracking/AsmItemTrackingCode.TableExt.al	18	26dd6eea3cafbfb6a1d3eba2000a94f1933c7b2491935f8e4b1ad4773cc4d4ae
Source/Base Application/Assembly/Inventory/Tracking/AsmItemTrackingMgt.Codeunit.al	132	aeba08a5e6d9ee2857a15c479f3aeefa6f583e99db6781bf0b7843cbfa271537
Source/Base Application/Assembly/Inventory/Tracking/AsmItemTrackingNavigateMgt.Codeunit.al	42	f8f17e04dd25516df2e40d121dc30cacdf9deb559bd1bd94b0d0845c0ca6adb4
Source/Base Application/Assembly/Inventory/Tracking/AsmReservCheckDateConfl.Codeunit.al	31	09808d888b23581dd056fea5a7418eb546477526262e83d8b4f8a754743d0d65
Source/Base Application/Assembly/Posting/AssemblyPost.Codeunit.al	1065	97a7057733f98cd1c10b8980f570dc124c140cc304d53a56c3182f6f44f1ac8e
Source/Base Application/Assembly/Posting/AssemblyPostYesNo.Codeunit.al	22	b0a47dc7f084dd781222227ed0671f69fa9502338b191080c9edf93f87efd443
Source/Base Application/Assembly/Reports/AssembletoOrderSales.Report.al	97	132ecdc191efde6b43f17511e4ec8de0a4d28cfb825e0040279dffa8f2bf9cbf
Source/Base Application/Assembly/Reports/AssemblyBOMEndItems.Report.al	10	e0aacd2c3f5939f879a47a88a5a0f0020b425d886318d0cd03923f14c6552ac5
Source/Base Application/Assembly/Reports/AssemblyBOMRawMaterials.Report.al	2	547a595c6f569a0d3362724a53dacba5f6410c9f345ebb64a7a55533b199d509
Source/Base Application/Assembly/Reports/AssemblyBOMs.Report.al	2	dca6184bf3587956a97b156750247032e9e4106673d82aca754067256e374bef
Source/Base Application/Assembly/Reports/AssemblyBOMSubassemblies.Report.al	10	0d6ffbc3b8be28ec08b25fe2602dc79b8cd4d0ccb68cfc8bf123aebad12d77fe
Source/Base Application/Assembly/Reports/ATOSalesBuffer.Table.al	85	c52b8b71775e289c42870876cf8b1b79a6175055f57a233182c6a45680fc2343
Source/Base Application/Assembly/Setup/AssemblyDataClassification.Codeunit.al	16	f80bc0e03022ad7f9efa0f32c955bc51801cfd13c59906ec40763b6d68e3bee8
Source/Base Application/Assembly/Setup/AssemblySetup.Page.al	6	516eff895173fdda7fbad91901000edaa9031b86beb7e366c57ad07662b9f474
Source/Base Application/Assembly/Warehouse/Activity/AsmCreateInvtPickMovement.Codeunit.al	96	a4afe0cdd71cc7025d865269c9407a1a5b4ceba9bc50ce3a32ff48cb7f662e5e
Source/Base Application/Assembly/Warehouse/Activity/AsmCreatePick.Codeunit.al	46	1e2cd17776bd92a163d24c77c9d0695008d6834dc0783f6e7b9979beac0f73f0
Source/Base Application/Assembly/Warehouse/Activity/AsmWhseActivityPost.Codeunit.al	5	a7c1ff67a6f345210a3ea586f1db93d9e80298c9d826be947b7c342e18481093
Source/Base Application/Assembly/Warehouse/Activity/AsmWhseActivityRegister.Codeunit.al	89	a932608c6d1b8ff6a031016525a55534b34a352b81733f1bd3ae881dba0ec2b1
Source/Base Application/Assembly/Warehouse/Worksheet/AsmWhseWorksheetLine.Codeunit.al	6	09f78f08ee6235a54228d7734ad7af7c64658f5842dc33b516fe05e12177717a
Source/Base Application/AutomateEnvironmentPicker.Page.al	172	db8b9a4f85db8fbab79cbd36d0487fb7c988695a72576519227435a99f6c81f4
Source/Base Application/AutomationAPIManagement.Codeunit.al	3	023b33d6004fe369d0b066f241d23b6ffd476f3ec524333c1f562d7dca955d90
Source/Base Application/Bank/BankAccount/BankAccount.Table.al	540	1d36db3320a6879982fbd4c6900f462d89a4f3de12251a55a7b8a6b7c0a0f300
Source/Base Application/Bank/BankAccount/BankAccountBalance.Page.al	54	0e1c5d52fde2d9c1ce01d33b7788181116e2ce5878a3e2bf724298cdbfd62a02
Source/Base Application/Bank/BankAccount/BankAccountBalanceLines.Page.al	44	dc5d97c956c84e6e05a85ac78bec0be98460405c4e431a6326f47f27faf96b89
Source/Base Application/Bank/BankAccount/BankAccountCard.Page.al	81	427c965462ad58583fd9f8a2e64ba23301600be03f1caf98427334688d3efae0
Source/Base Application/Bank/BankAccount/BankAccountList.Page.al	50	5a4498a0229f2ee371855938b85648d9d36f1d2094485fa3f23234fc87910b72
Source/Base Application/Bank/BankAccount/BankAccountPostingGroup.Table.al	8	d8e8ab1b461fe9f34769fbb1fb57a6bd9e4f1d8800b66fc995cd6c672b34cfc9
Source/Base Application/Bank/BankAccount/BankAccountStatistics.Page.al	15	8162b172ff5e94dcceadec41e2340d102c615110cb8b579649c098d1a671eda3
Source/Base Application/Bank/BankAccount/OnlineBankAccounts.Page.al	6	32716d6d5b8f9abdea6ad646eadc9cc891a2921381ebfa633d8af50140684d9e
Source/Base Application/Bank/BankAccount/PaymentBankAccountList.Page.al	2	965d17a593b384756e4e24e319329b7cc400b06aad373988148ed5c8db6380b1
Source/Base Application/Bank/BankAccount/PaymentMethod.Table.al	63	ed13a711c9b0a3253297166a27ee3a2063f1286a418dce520f616f145b2410b8
Source/Base Application/Bank/Check/ApplyCheckLedgerEntries.Page.al	25	8875d6078efde3232fc05ac80b647553dc007053eac5e92e0dad5a0949e2a88b
Source/Base Application/Bank/Check/Check.Report.al	921	f3872b9478091911e2cfdbc018a1714348c425c9fa7bc966afda367dcc029583
Source/Base Application/Bank/Check/CheckLedgerEntries.Page.al	12	613eb7944a9fd19f5b12b130b59d36b86d98365a9e6e11f57fad758cf0ea59dd
Source/Base Application/Bank/Check/CheckLedgerEntry.Table.al	62	810e884700357b3655ca8bce42633ea6e0d7d7537ccca560bde0c426b0fb81ab
Source/Base Application/Bank/Check/CheckManagement.Codeunit.al	712	ff4019b6031177e0b2c0bf9236abc2659f02b52fae45f632e2bfe3c8f9e974f8
Source/Base Application/Bank/Check/CheckPreview.Page.al	81	5d3132bc672dfff0f6eefe03d590aeab2988426117983e0b9c74e88c44163b31
Source/Base Application/Bank/Check/ConfirmFinancialVoid.Page.al	20	72f0dad0127950bdb77a57a53e1808d106eb1724edd504f5a4617122e4a5e17f
Source/Base Application/Bank/Check/DeleteCheckLedgerEntries.Report.al	74	10d8f6a6306dbb234a54de1256cab8c59c66c1678b1b6ea57d8c0172a7d955a4
Source/Base Application/Bank/Check/VoidTransmitElecPmnts.Report.al	74	f74c5d511c189d6b4957aba314deeeb2c556fbc987e01fff0a46d4ed9f26f620
Source/Base Application/Bank/Deposit/OpenDepositListPage.Codeunit.al	2	af403abc88d9dcd817778582c9ba068562835997af3d5df18f9f79acd153d203
Source/Base Application/Bank/Deposit/OpenDepositPage.Codeunit.al	2	6f6532064ff90de06d774ee70c691f30fef035017ba5b9fac55155ac385d7f88
Source/Base Application/Bank/Deposit/OpenDepositReport.Codeunit.al	2	ebc14e9a66a0f3bc459d092d61b240ba6be900498c9b57e1471873005f7336b4
Source/Base Application/Bank/Deposit/OpenDepositsPage.Codeunit.al	2	c6ae94f7b85c0949225141e2521984044ce19b7fba21151a5770510586b22be6
Source/Base Application/Bank/Deposit/OpenDepositTestReport.Codeunit.al	2	9612147b0b48e4c16c850e6ad5b110bdda4c06c010ab78bed51bd6a5642bd9b8
Source/Base Application/Bank/Deposit/OpenPBankDepositsLPage.Codeunit.al	2	a77bfe23ef39f5aebf5adb569e759826ae85a924273eaa8ae9e899c993b77015
Source/Base Application/Bank/DirectDebit/CreateDirectDebitCollection.Report.al	53	ecd60453fcc502b8c92a286cf05c41081a47059674481bcb0e2e83add4127aec
Source/Base Application/Bank/DirectDebit/DirectDebitCollectEntries.Page.al	52	34ed47d03a9fb72c993921e1bc965f790be2003f9a03d5f5d449203d7125b925
Source/Base Application/Bank/DirectDebit/DirectDebitCollection.Table.al	49	359f0b6968a2047344b8d7dcde24acbf848fd1f6c26b0755bc6c8c5e225e1b73
Source/Base Application/Bank/DirectDebit/DirectDebitCollectionEntry.Table.al	149	1d043254f418a60228b38245d71a49bcc2865f652b739e6eb63f4d0317da54a1
Source/Base Application/Bank/DirectDebit/DirectDebitCollections.Page.al	8	c40fe6097837410bf44347534abefed9d4a341a8159808fbd350b26b179a8b69
Source/Base Application/Bank/DirectDebit/ImpSEPACAMTGenJnl.Codeunit.al	12	4b8ca3be8e4cc9b8a109d36165c440c4061d9f7caeedc078f0e620538f8f533a
Source/Base Application/Bank/DirectDebit/PostDirectDebitCollection.Report.al	160	7ae305a9e237fe834ec4b189e62f999bcab78bb965fbc1eb36e17936f63d4684
Source/Base Application/Bank/DirectDebit/SEPACTCheckLine.Codeunit.al	105	7869c8edae2544dbd6d4b9bc5f62fa03373f11fd8c76a9545a3b7ce7abfc7d88
Source/Base Application/Bank/DirectDebit/SEPACTExportFile.Codeunit.al	38	7d3a13dacb687e1c3a1bb7326f95452d815be99c2a99c78311602831cb41b9b9
Source/Base Application/Bank/DirectDebit/SEPACTFillExportBuffer.Codeunit.al	194	add404709c0380df3b2b4056fd899cc33450a50367fe2d37a0a7070e18c52e28
Source/Base Application/Bank/DirectDebit/SEPACTPrepareSource.Codeunit.al	20	10235a45570771e594e905aae8e93e7e8c1a8abaddfe36433c12052196335966
Source/Base Application/Bank/DirectDebit/SEPADDCheckLine.Codeunit.al	75	cd35e3fed9e29e214922c509ebe555ae955c4f60cb72078f717b7931f5a41299
Source/Base Application/Bank/DirectDebit/SEPADDExportFile.Codeunit.al	55	1890b2ccf81bc377702a757fed26d92a94b377c348aeabde6337b673d1d2ec6c
Source/Base Application/Bank/DirectDebit/SEPADDFillExportBuffer.Codeunit.al	72	91cce3300aaed47895f3424b70e43a13f16f83997b273e93056a1a970b4f63e5
Source/Base Application/Bank/DirectDebit/SEPADDPrepareSource.Codeunit.al	23	618d4bd9462d9907d919e47752ee1bb185567a83cc3d2a6b06255e8225a7643d
Source/Base Application/Bank/DirectDebit/SEPADirectDebitMandate.Table.al	144	c8413f53aac74114ac0b852efb32fec641f917ee8cf5c8bf5eb212b254aa16bb
Source/Base Application/Bank/DirectDebit/SEPADirectDebitMandates.Page.al	11	1393c77c17d948c33446c522841db868afe69e910787fc4eba8b1db180baad10
Source/Base Application/Bank/Ledger/ApplyBankAccLedgerEntries.Page.al	140	203a89a3c953e7702a8e427633e0f36c211e17608028b96c618ef5b2c01de34a
Source/Base Application/Bank/Ledger/BankAccLedgEntrPreview.Page.al	10	3a4e10ee74a03fbb0d55a94753b0b0e6075a026d7509a9b08d276f20cae86ed1
Source/Base Application/Bank/Ledger/BankAccountLedgerEntries.Page.al	43	2856e0913f8c8538dcc1b10908a7baeb59e0c61783cbe2059fce5049fed50725
Source/Base Application/Bank/Ledger/BankAccountLedgerEntry.Table.al	143	ec0dd33f17c34a0e26968c0ed26b5d43518e447a13539a8a8fcf1b48a74c0f00
Source/Base Application/Bank/Ledger/CalcRunningAccBalance.codeunit.al	49	147692f9eaa0ce03fef1c0c9680455d85c16f38239afbacd66d04c5a2884e41d
Source/Base Application/Bank/Ledger/DateCompressBankAccLedger.Report.al	288	e9af2989699cdf424664df049ca1f5e1a079b476db2c69688bec66ca560aa441
Source/Base Application/Bank/Ledger/GLRegBankAccountLedger.Codeunit.al	3	0c9ee272abf0ed1d1171b8ea2c4988931126ca7bd4bf2ab461afc2f9b2d3ff54
Source/Base Application/Bank/Payment/BalancingAccountSetup.Page.al	4	5ce59539db9aa5c31c82ab1c840209a4dd7376522d9c4acca30842c56b640dae
Source/Base Application/Bank/Payment/CreditTransferEntry.Table.al	117	70cab7c11a9f726dd9bdcd896627ba9c7a89c4dbb3779dfedd6c99f4243076ce
Source/Base Application/Bank/Payment/CreditTransferRegister.Table.al	54	88dfe74c240e3cbbddcd8920e3a23c28987986492838c7a38b23b05c657dd238
Source/Base Application/Bank/Payment/CreditTransferRegisters.Page.al	2	52f6730e11c582245c3b5f5bc068528ee59534f032aa1dc37fca3d188520508e
Source/Base Application/Bank/Payment/CreditTransReexportHistory.Table.al	3	32bb98191d18dcb0c790776ee9db4dc67f2561831d948c7a946470713be1f31d
Source/Base Application/Bank/Payment/DocumentSearch.Page.al	10	222b0face16386edd0f0ea7887bbf4d853db3d5bdb146f778710a9f3e77f40cc
Source/Base Application/Bank/Payment/DocumentSearchResult.Page.al	6	a4fcb73c955414e4d0b0e6947c3e2797b24f85dfbf2007a5b2fddcb6770b0f2b
Source/Base Application/Bank/Payment/ExportPaymentFileYesNo.Codeunit.al	18	3de21fe8ec63b4eaf219b216a5cfaf1daa346dbdd2200a4a4a4ceca5cd00e12b
Source/Base Application/Bank/Payment/PaymentExportData.Table.al	187	ff4f4637514c709c02fee441ed4c790b79787c663f6b3777a3a9d2aa7d185ff6
Source/Base Application/Bank/Payment/PaymentExportGenJnlCheck.Codeunit.al	81	50bcc83a0fe0f9fac25695591217d5c6be2833d093be9f0b962a8660f8ce0c44
Source/Base Application/Bank/Payment/PaymentExportMgt.Codeunit.al	199	f576b115e1ff3267621b4fecad7c12039d99ef9baa90115013538c8b6b72095a
Source/Base Application/Bank/Payment/PaymentJnlExportErrorText.Table.al	57	813bcad591525c59f01b495354fc4aa88ad3d2b9722b265515f4cb9b60001a53
Source/Base Application/Bank/Payment/PaymentJournalErrorsPart.Page.al	2	a01826662ddfdff700ba7ee93d575f105ba62106b70902b05b9abb8e2c6eb12c
Source/Base Application/Bank/Payment/PaymentRegistration.Page.al	51	39f90ce2b1d32beb7e1bcac54f19e15982c7d0359b0572688ab3cbedb6aabd85
Source/Base Application/Bank/Payment/PaymentRegistrationBuffer.Table.al	159	f640bf65fd19b0a1f5cea1e2e517501b57a1037a9bca771c1b513153d0138b11
Source/Base Application/Bank/Payment/PaymentRegistrationDetails.Page.al	18	715c543170d88f3c18bbf840c9da4fb7cd3158e6e9f1ffb0d0f90ed0e0cc6daf
Source/Base Application/Bank/Payment/PaymentRegistrationMgt.Codeunit.al	368	48bbc8e33c18e724c9571000082494ef4176cbc6245ddfbf70a6d55cec1948ca
Source/Base Application/Bank/Payment/PaymentRegistrationSetup.Page.al	11	5f916536d7b898cd219cf235a2738803f9298029fba46e8ec9c591c259fabed3
Source/Base Application/Bank/Payment/PaymentRegistrationSetup.Table.al	68	2ee90482132bfb99092c162d349b13d271823f338665c8bb25f915926058ef1f
Source/Base Application/Bank/Payment/PmtExportCustLedgerCheck.Codeunit.al	40	4624b7093809012a7bcd1732599315768f4c13bc48eec0b2fbd730c2b90c4bf5
Source/Base Application/Bank/Payment/PmtExportMgtCustLedgEntry.Codeunit.al	117	696dbfe88923a3428dbf9936a47ac5a812e542cb3bb05cb0f7733765927c00e7
Source/Base Application/Bank/Payment/PmtExportMgtGenJnlLine.Codeunit.al	132	8a15d69d0882c60a30a7f357675cf47887f375dd8c2339ff424b8b557d633a3d
Source/Base Application/Bank/Payment/PmtExportMgtVendLedgEntry.Codeunit.al	120	2d41d92e3aa3b9b31ca0650a3c9cbc97dbd786a193d1a5cd39b07660ed033719
Source/Base Application/Bank/Payment/PmtExportVendLedgerCheck.Codeunit.al	52	c83955e34aedbfe4527102ad7beadea7cb6396ce0cac73e20f15ca17c4258020
Source/Base Application/Bank/PositivePay/ExpExternalDataPosPay.Codeunit.al	9	0ab2041eca7ea09c9494284fa709edf7d0601ff01a56f2fcb817a037c2e791dc
Source/Base Application/Bank/PositivePay/ExpLauncherPosPay.Codeunit.al	141	ffa2d45324c566f54fa1895d387ca7b2b84c9f807a0ca7a03bb0788a6ab21585
Source/Base Application/Bank/PositivePay/ExpMappingDetPosPay.Codeunit.al	38	5dca67665f90240e7c54dd8f4074f4f5ea336e1e49df4050945a9352387230ce
Source/Base Application/Bank/PositivePay/ExpMappingFootPosPay.Codeunit.al	23	b51541e3ec99dcc00480ce4274a6791c595f48dd6f4d77cd4bbc72dfe6fe4cc5
Source/Base Application/Bank/PositivePay/ExpMappingHeadPosPay.Codeunit.al	23	72f35b95675624e5ef9265b934229fe781909f2c24a3e02fc51b1e3c371aff8a
Source/Base Application/Bank/PositivePay/ExpPositivePayHandler.Codeunit.al	4	338e489eeddaa084886d7970b3938e9375f24f266ec7c43cf803ca66759b448b
Source/Base Application/Bank/PositivePay/ExpPreMappingDetPosPay.Codeunit.al	47	a5be551c3d221c8417b4aae1dbf5847401029575ae49754f86b7a48ca3481146
Source/Base Application/Bank/PositivePay/ExpUserFeedbackPosPay.Codeunit.al	58	4cb96aa862d3464a9f7f00613568a1914215a0d633f789f78522015cc7bdf4c3
Source/Base Application/Bank/PositivePay/ExpWritingPosPay.Codeunit.al	71	72d7877a660a19337682543b9ff6521500ef661944b50f7c533066aaa297c802
Source/Base Application/Bank/PositivePay/PositivePayEntries.Page.al	2	79ee70e5595001d5a2164f760d8a53e1935bd3f8feac56d217a3f7d62c41f8ac
Source/Base Application/Bank/PositivePay/PositivePayEntry.Table.al	17	23ba2df983e816dfaef012e1299dc5346edce5b44a8826bc90127b71f842b874
Source/Base Application/Bank/PositivePay/PositivePayEntryDetail.Table.al	14	be3e52d8ee1cc0f729398f4e8c0dcaf19fb63b306e5ef32b70c3babce2170f97
Source/Base Application/Bank/PositivePay/PositivePayExport.Page.al	34	34a17860f092f15be9d6a3ef96f8df2b66bf4c91248b4cf0b3e38fa12a4a23ae
Source/Base Application/Bank/PositivePay/PositivePayExportDetail.Page.al	23	be731e882f1896fb70a29cfcc314affde4bee3a394bb22a4dddeaaf7463de1ee
Source/Base Application/Bank/PositivePay/PositivePayExportMgt.Codeunit.al	181	58acb767f370b1896440e7cac02d86dc47257f9502b48dd83ce2e6a5283adced
Source/Base Application/Bank/Reconciliation/AppliedPaymentEntry.Table.al	639	06b8ca78d83674fef65e98b07b8549516d1eb230242ed6770547b01be012cc96
Source/Base Application/Bank/Reconciliation/BankAccEntrySetReconNo.Codeunit.al	247	19048643d55cd1ff71ea9e385bd21ee713968200daf0988c1f85e56e10b260bd
Source/Base Application/Bank/Reconciliation/BankAccReconciliation.Page.al	193	a1ad84a4916a300f917253f6a3556fd28d7c1dd9806f847cda6239caceb4972c
Source/Base Application/Bank/Reconciliation/BankAccReconciliation.Table.al	349	26d1cda369adad167cadabb07cf23bb3e0b7478da23763b5fae0de4b8f9747c0
Source/Base Application/Bank/Reconciliation/BankAccReconciliationLine.Table.al	676	0ac1122513078997b4cadf1054023c940a6717e79e684355dea49fcecb2d6bfa
Source/Base Application/Bank/Reconciliation/BankAccReconciliationLines.Page.al	60	c25f4932cbe571bb228c47a90576964e9d68472370dc5bd36e7a85d387914ae9
Source/Base Application/Bank/Reconciliation/BankAccReconciliationList.Page.al	4	8df08c896d30379da1dbc05589ae209ac92521df198d7bf334462e0e81338a9f
Source/Base Application/Bank/Reconciliation/BankAccReconciliationPost.Codeunit.al	585	ec3a805d7e8bb7db511135371083f95e7629f7e0febab6d3f5a12777ec29e4a5
Source/Base Application/Bank/Reconciliation/BankAccReconPostPreview.Codeunit.al	77	6023a2d96a6b8ab02c856c07e84ae56be56da35e81ad79b07d28055b92e89ae7
Source/Base Application/Bank/Reconciliation/BankAccReconPostPrint.Codeunit.al	10	ca13a633eeb5c97f52118a4c0912890c8f9bc93484d0dc9ed6224d95e1a389c7
Source/Base Application/Bank/Reconciliation/BankAccReconPostYesNo.Codeunit.al	38	fb8fcc67cf973330492a205892a42958bdf6458ec9232ac0259fdb38fd20eb50
Source/Base Application/Bank/Reconciliation/BankAccReconTest.Codeunit.al	141	bda26f964cde71f40caf38756b77a711c44816b751772cafdf896707c5273755
Source/Base Application/Bank/Reconciliation/BankAccRecTestRepVisible.Codeunit.al	5	1ad89974314bf672c4d021431b846f33b9faa8673dc7176c4ed5cf4827770ebd
Source/Base Application/Bank/Reconciliation/BankPaymentApplLinesDelete.Codeunit.al	4	ce972cbc73f554f3991c3ae47494201e0a2cc71d0984513af6fe5b4a23231b0c
Source/Base Application/Bank/Reconciliation/BankPmtApplRule.Table.al	164	8b2fd91abd9f7a68a67f8cb038c40484b687595c5a06c74e47697bd50d769ae4
Source/Base Application/Bank/Reconciliation/BankPmtApplSettings.Table.al	14	6cd2f788b4749fe231cdf495c09d0317e4df6609b943abccf8314390ae14abcf
Source/Base Application/Bank/Reconciliation/BankRecLineMatchDetails.Page.al	21	79e4052eba7bf24a8dbb63c04a7f54dbe0139a6e5c2b52c4a6e733abe153393f
Source/Base Application/Bank/Reconciliation/BankStatementMatchingBuffer.Table.al	43	0be257da18accf1121a1867ae7badb62caa6cdad0b59cc4de3eb5afa07ecc0d6
Source/Base Application/Bank/Reconciliation/BankStmtMultipleMatchLine.Table.al	9	2cd0e2be04790f46eecdb455486f64ef1544f24eb9c39ebf0fc13b9d9b1d3a20
Source/Base Application/Bank/Reconciliation/ChangeBankRecStatementNo.Codeunit.al	72	01a82d242bded05c4bc1b244dfa9a9ea7ceda5461ef1077fd11b727c02666073
Source/Base Application/Bank/Reconciliation/ChangeBankRecStatementNo.Page.al	8	899ebbc238d525966f7e2dd031b745b59aded0ea1cdf308c75ba7d3709b914bb
Source/Base Application/Bank/Reconciliation/CheckEntrySetReconNo.Codeunit.al	129	f8d0073d2175664fc9834eaac135d8a166387d67db85e2dd30102d56ac5dc78d
Source/Base Application/Bank/Reconciliation/GetBankStmtLineCandidates.Codeunit.al	74	2aa7f8c0328156a605fa65ca655cd3aa3113bd5437f0dc05c613a5080b26bf2a
Source/Base Application/Bank/Reconciliation/ImpSEPACAMTBankRecLines.Codeunit.al	27	59c30f9ad7c2174dad7ec57789c52a2b6b5dad006554b7aa3ac8b0255e412b50
Source/Base Application/Bank/Reconciliation/LedgerEntryMatchingBuffer.Table.al	125	cd695e2920689b04cda5f967d6570202d306778ae4d3f8aff9a11f04ce0bfaf3
Source/Base Application/Bank/Reconciliation/MatchBankEntries.Report.al	2	9932d4458f646e81944b6930f9c2611391d173d9b2d2fa2f850c35ebdc62c3dd
Source/Base Application/Bank/Reconciliation/MatchBankPayments.Codeunit.al	1420	4aec0a82b17de4c11798f28cc36f2e9585d89ca4e089f3b977e821257608ecdc
Source/Base Application/Bank/Reconciliation/MatchBankPmtAppl.Codeunit.al	32	9a52ec53462a3baa87dd8dd27e904b0250322133bfc63018f6c98cb837dad529
Source/Base Application/Bank/Reconciliation/MatchBankRecLines.Codeunit.al	674	f48037c30372fbb5350c862df5fd14ff68f6af46d201b06c90a2ffd3a5270105
Source/Base Application/Bank/Reconciliation/MatchGeneralJournalLines.Codeunit.al	282	96bdf14abb045dd1b974527d0709234d59f45df02b42de0c75fd5363549a831e
Source/Base Application/Bank/Reconciliation/OutstandingBankTransaction.Table.al	73	e4a55ebf8eee4ec505b3f2c2347dda1aa37a83e5d2c3512f170729b58d9833e8
Source/Base Application/Bank/Reconciliation/OutstandingBankTransactions.Page.al	7	2204658d7898c325f6b54e9626aa9ddc12a574c77bb3f66837504662ca231179
Source/Base Application/Bank/Reconciliation/PaymentApplication.Page.al	129	f8edd48d9f085a64354d51c6894f64d8e65cbe4aba36a40b1144227d3c642ae8
Source/Base Application/Bank/Reconciliation/PaymentApplicationProposal.Table.al	349	cc44f5606fa3d721ed608806f0246fd2faa585b851402205597899ffc9128b63
Source/Base Application/Bank/Reconciliation/PaymentApplicationReview.Page.al	112	e4cd61860dd2d8d4f0e24e8f760a572b1636aa73b6e73ce5b6e00f0c328d00f6
Source/Base Application/Bank/Reconciliation/PaymentApplicationRules.Page.al	10	4ded1d3899fb4b600d33682792bd34501c7aeaecb301297dfe2f64980432d48b
Source/Base Application/Bank/Reconciliation/PaymentApplicationSettings.Page.al	30	a30f34e260c4d528378c9189b5893fe9f61c0a5c9a8fe3b61f30232a5abd2312
Source/Base Application/Bank/Reconciliation/PaymentMatchingDetails.Table.al	32	732b5738cb55657424bf75c9022f4b7531533660a8ce4f9c6b121a8f33fcdb85
Source/Base Application/Bank/Reconciliation/PaymentRecMatchDetails.Page.al	69	fd7d4ac66c6ba06991da0f405ebe11f40260cfbe3f1e762502161401380c1e07
Source/Base Application/Bank/Reconciliation/PaymentReconciliationJournal.Page.al	370	8d3141b414c315609d11d457b1b31ed44226c164e0f2996c92c48f97c4fe7db6
Source/Base Application/Bank/Reconciliation/PaymentRecRelatedEntries.Page.al	61	3d072c8b6af2b60dea8cb241a0cd108ec5a0ac33a1488fca610f9f7541acbf9b
Source/Base Application/Bank/Reconciliation/PaymenttoEntryMatch.Page.al	53	194df4a0e3534b798acd4e2e045086ae42e16b6dc3d52013ae10bd6a40473a4a
Source/Base Application/Bank/Reconciliation/PmtRecJnlImportTrans.Codeunit.al	2	3e72218f9ca6227cd66bfbb7cfcd27ac940f9f3ee5e552818bd70dc0ebcc02d0
Source/Base Application/Bank/Reconciliation/PmtRecJournalsLauncher.Codeunit.al	19	fc9cea7c123a3284ebf355cf48c66458a0db2aeaa5f10fe27d7844a94a25fe87
Source/Base Application/Bank/Reconciliation/PmtRecJournalsOverview.Page.al	6	3c417befc377a035cfb6dd830102d83c63f85998215e642a009132b98bb86415
Source/Base Application/Bank/Reconciliation/PmtReconciliationJournals.Page.al	10	46a75e4bbf3402cc0354ec65c0b178ce343a671e20602eba8bd6fa91b34dad45
Source/Base Application/Bank/Reconciliation/PmtReconJournalOverview.Page.al	22	484cd8e828d9967fddcc2ecb9227243c9f8db1613b85c6d2406684d195e0519c
Source/Base Application/Bank/Reconciliation/PmtRecReversalFinalize.Page.al	37	b3adf635595a009c15b2e74c0f77af6a34ec34d7af020aefa3127004d36b7a45
Source/Base Application/Bank/Reconciliation/PmtRecUndoStatement.Page.al	18	31891a10129b0fb1fbe0afa7367a5d11a2ae89920ccf27507cbfb1a4b25d670a
Source/Base Application/Bank/Reconciliation/PostedPaymentReconciliation.Page.al	4	574ad32e8233786a804ecae578fd84eb35aac82c8512ff510b02a11bd7f6cd7a
Source/Base Application/Bank/Reconciliation/PostedPaymentReconciliations.Page.al	4	92554f5aa9c55e5a5aa7a3ff46db2313fb5b62e6bc9f44f7e9a76424f81d2e81
Source/Base Application/Bank/Reconciliation/PostedPaymentReconHdr.Table.al	11	143cae63c69449e1ba6e40f7a907da7fe444f65b3552dd08d941ab56bcf043e2
Source/Base Application/Bank/Reconciliation/PostedPaymentReconLine.Table.al	3	4eac04fa5b88cb6e83a2a1768a49469f3f1ea9d982f81615245e8c6d7a64fca7
Source/Base Application/Bank/Reconciliation/PostPmtsAndRecBankAcc.Page.al	41	2cdc65b572404f13359705f639819497f6620013d8d788935166802f420c74f5
Source/Base Application/Bank/Reconciliation/ProcessBankAccRecLines.Codeunit.al	99	765eb9c9232f56ac586b20c25d51e7d49c886a806977aca935da5b225c43105a
Source/Base Application/Bank/Reconciliation/PstdPmtReconSubform.Page.al	11	060d794df0adc702bfa4ae4aa912c03999bac0ed999ea02f725af0ab6cfcb269
Source/Base Application/Bank/Reconciliation/RecordMatchMgt.Codeunit.al	78	7128d8bcc74d4a54571142fe0df8ac74f92268e6c750df67f0aa30ccc788fee8
Source/Base Application/Bank/Reconciliation/ReversePaymentRecJournal.Codeunit.al	617	e0ffdbaf9a796418a3b8471ea39d504a516fb3b52a548a2a319f98f40beeac00
Source/Base Application/Bank/Reconciliation/SuggestBankAccReconLines.Report.al	89	b650eb213ddeb2545b9706d2bf5771672224720b688e8a5183901d0511268a98
Source/Base Application/Bank/Reconciliation/TexttoAccountMapping.Page.al	6	32defd97915c3aedc9a172115c924485fa066228af9ad47ba9d069d593639fe7
Source/Base Application/Bank/Reconciliation/TexttoAccountMapping.Table.al	182	4f9024324da1ca71f568eb682bc13bbad11f0a50e9e8e95cdcd739c82461c1b3
Source/Base Application/Bank/Reconciliation/TexttoAccountMappingWksh.Page.al	37	8b47a65079004ba99cfa7ef6dff32ced4e9e1189aa42fa4735d44ce3910409c0
Source/Base Application/Bank/Reconciliation/TransBankRectoGenJnl.Report.al	87	58710691a478a981ac30020356d90b1ff720ce3b735306cafa94214ccecc5266
Source/Base Application/Bank/Reconciliation/TransferDifferencetoAccount.Page.al	7	afa854f2bdefc7d2deaf986df0888c35031eab85d8933600334c3bb2bec2b5f8
Source/Base Application/Bank/Reports/BankAccDetailTrialBal.Report.al	55	203920bf936f16cdcdddb9920fa5bae3240640af53ed4b8c7a93c74e6c815d0e
Source/Base Application/Bank/Reports/BankAccountCheckDetails.Report.al	32	46a81d4f9510221cea86ea6ab0b811b1c14b2bd1077c709e6b1b17dac21a45ec
Source/Base Application/Bank/Reports/BankAccountLabels.Report.al	34	19458f034b5565284ba68155c39fa98e1585bb008ff2e2abb95b9ae7dff315a0
Source/Base Application/Bank/Reports/BankAccountList.Report.al	8	8bcf81f599e1c7d6d7d3ef7383a72b8dd2f342608aff4a816f1e5df93c277d47
Source/Base Application/Bank/Reports/BankAccountRegister.Report.al	13	1872b4f4df7c6c2e1e7b3b33d60f3ea0c7769f57046dbe7b1f5ac3af5ba9b0d3
Source/Base Application/Bank/Reports/BankAccountStatement.Report.al	35	09d6245b69fd9707a9a990dec33fb2b15bb7c1df5113b871eda5ee44d7a4787c
Source/Base Application/Bank/Reports/BankAccReconTest.Report.al	274	7570cbe33d334194a8d348ee35331c05c858713dbbbc99912eadffc85c26fce6
Source/Base Application/Bank/Reports/PostedPaymentReconciliation.Report.al	2	59510cff91da67d0a19eb7a19c3b350d1dd054cfadce6459989ad381b0040a9b
Source/Base Application/Bank/Setup/BankExportImportSetup.Page.al	8	25ac2c0dbf29068a61ef6eeef19319415a4162e740839e7a96a15d69dc9fc4b6
Source/Base Application/Bank/Setup/BankExportImportSetup.Table.al	6	8de803594f6e507497685e32053fbe854091053f2a8bcdffd4a6f897b54a9502
Source/Base Application/Bank/Setup/PaymentReportingArgument.Table.al	28	28b12266bf357adcbcd22760512af90fdd46b12d3fb99fbf0fa38796bbb29c47
Source/Base Application/Bank/Setup/PaymentServices.Page.al	25	bb5cbc1d487d1c8318fffd070e58d466b3311c5e8f14b2a353592db045d650d4
Source/Base Application/Bank/Setup/PaymentServiceSetup.Table.al	242	fd8b681cd585e18184a2ba67a0648889574ea0da5dcfb628b1c4ee723a8c5c20
Source/Base Application/Bank/Setup/ReportSelectionBankAcc.Page.al	35	cae09cc3aee64e7672790ac45f875d1663a7b72c08acf6d1431e36a93eabddf4
Source/Base Application/Bank/Setup/SelectPaymentService.Page.al	18	4a86c3b247e9e40d3c740b8f9c48197b681c29dd39e50d8d369eb28e1380618c
Source/Base Application/Bank/Setup/SelectPaymentServiceType.Page.al	2	4ddd6e0b30b9105864f3801fad75e68f32da0a0a7a0c56d995564b8411d01b82
Source/Base Application/Bank/Statement/AutoBankStmtImportSetup.Page.al	7	9ec13e73692ebdd0c4dd715725488c1ab1a79e90f502b74aedd014b5d9d808b3
Source/Base Application/Bank/Statement/AutomaticImportofBankStmt.Codeunit.al	28	2d8ae1a3c495e3d1883cf51c1478645490a09769134d8437b708ae6f943ac720
Source/Base Application/Bank/Statement/BankAccountStatement.Page.al	6	c6dfb01e92d7c6a7050081fff8920bc05386fb41e674028ae1a56187b4ce1385
Source/Base Application/Bank/Statement/BankAccountStatement.Table.al	10	69e529c962e704789957eddaae15b011860bbb541e3f98a5ce5d50d3f47f4e7b
Source/Base Application/Bank/Statement/BankAccountStatementLine.Table.al	39	2549aa35693874b9af37d0ad322d88abad3997cab2627b3f037d4eb111bfac40
Source/Base Application/Bank/Statement/BankAccountStatementLines.Page.al	44	9b6499a6309eb830dea5c38df25b8056d7cf98644ba66026e1aaee4402c0237f
Source/Base Application/Bank/Statement/BankAccountStatementList.Page.al	4	ffb67a463b8a3782f82db62204a06314f7ecb6accef27d6739499d7e3f563e18
Source/Base Application/Bank/Statement/BankAccStmtLinesDelete.Codeunit.al	4	d063c2e32ed5076faf72c361aff034f82a9750375c8f3f0cfc9eaeda473984bf
Source/Base Application/Bank/Statement/BankStatementFilter.Page.al	15	ae279216d530ac6b32a19a3e5a4d0a470804935ef28c044d18b1bfc8158cf365
Source/Base Application/Bank/Statement/ImportBankStatement.Codeunit.al	54	43e54acf1197c171e72ea8cc1019a8d71f195f67b88f49018665199441fd4001
Source/Base Application/Bank/Statement/ProcessGenJournalLines.Codeunit.al	70	425e3c5e5c68a0ba5ff93e2ed29ac49a62eae561b46e9726401ba7a273b9a386
Source/Base Application/Bank/Statement/UndoBankStatementYesNo.Codeunit.al	121	8f47aa409e36896a796ff5c7b13a79f0852e2f5d17002de1fc846f37e2aeef6a
Source/Base Application/BaseAppInstall.Codeunit.al	4	3d4e81d0e80fe3543b74b67abd960a6699db789b216499d0e14b830633fab152
Source/Base Application/BaseApplicationLogsDelete.Codeunit.al	13	ca6347f7516148cc661aa73bc16846500414a760517c5d476e3793954e19344d
Source/Base Application/BusinessSetupSubscribers.Codeunit.al	152	23a012fba8ffa508b67355a26c73a3c16a2a14a0e80f9bdd68be32e3dcb8d461
Source/Base Application/CALCommandLineTestRunner.Codeunit.al	30	7760ee997b56c2c33ed77df037faef83c34c40a16ec6d47478d1770664643501
Source/Base Application/CashFlow/Account/CashFlowAccount.Table.al	40	04ca474ee7b1ae4778c292797bcc83f9ea91019cb4735e9ec6d41a7ebf32ae1d
Source/Base Application/CashFlow/Account/CashFlowAccountComment.Table.al	6	e647a38e2747fea95210516d49a91c68532617df5b0c329c99a67885d8ca6e9e
Source/Base Application/CashFlow/Account/CashFlowAccountIndent.Codeunit.al	27	515db847b8223123abe98a1eea3667482c1e995fe63d32337e00e513fbfae62d
Source/Base Application/CashFlow/Account/CashFlowAccountList.Page.al	10	c7496c47ad632e30928635a013d32eed6926a97ffee75fbef5bcd69dddc7fa37
Source/Base Application/CashFlow/Account/CashFlowComment.Page.al	2	a2cf29671097cb912f67a4bddcaad434d6a18671c28f6429608749e0eb13ac4a
Source/Base Application/CashFlow/Account/ChartofCashFlowAccounts.Page.al	19	5df2c9933bbac19adc339ac29cc8cf130b3b221bfd40d937c0b3423df2c932d4
Source/Base Application/CashFlow/Forecast/CashFlowAvailabilityLines.Page.al	70	101f90a7ce107e9a20d03b03b1b2f26d53038d98e650fbf54a4cad2cbd70244a
Source/Base Application/CashFlow/Forecast/CashFlowChartMgt.Codeunit.al	168	24e3c5b03872b8a3baeb652125af1ee7902079f12a0830b4f00b4c31d7854c35
Source/Base Application/CashFlow/Forecast/CashFlowChartSetup.Table.al	26	c649001a2d0c10be0dc74ff59312e32a3510570e4cbb06b8c96c8d8a38adcb69
Source/Base Application/CashFlow/Forecast/CashFlowForecast.Table.al	144	b3571a4655762e385e740cce9b967a8297bab82f6bb9e54e6708504f5bd3b88f
Source/Base Application/CashFlow/Forecast/CashFlowForecastCard.Page.al	47	0780908703211e6c9e0c095ad21f2097bb9aa773ff2d5890e28d7d551c47e165
Source/Base Application/CashFlow/Forecast/CashFlowForecastChart.Page.al	113	1be80ced1270f1202db96dece23fbaf6698d01a11e352d50a7bdeea5e0026873
Source/Base Application/CashFlow/Forecast/CashFlowForecastEntries.Page.al	23	9bfc01402f4628fd20cc859376a4dc3200bd8c87930694dbb5e00ba6b38a72f7
Source/Base Application/CashFlow/Forecast/CashFlowForecastEntry.Table.al	22	c23c33ece1ac5035d6f3e8bed7c3cd059484ddae60c8b3e107cf688fa1e5ea15
Source/Base Application/CashFlow/Forecast/CashFlowForecastHandler.Codeunit.al	420	d606410c3267a3c19fbeab6bd5acf1cf01d393b14c7411da2f42e99b85a11bd0
Source/Base Application/CashFlow/Forecast/CashFlowForecastList.Page.al	7	782a2d519501aeaf499d3cf38e2984d3cad965faabb3b23fa5114a10541abea6
Source/Base Application/CashFlow/Forecast/CashFlowForecastStatistics.Page.al	37	313bfe2e5663781a4c3d472b9d83becdbeb5b5e1adcac098beeb0550bef345ff
Source/Base Application/CashFlow/Forecast/CashFlowForecastUpdate.Codeunit.al	14	8bb4070737fe5a3297df7532d745ccbabf57c5b723ef601ddd33fd5500d3c52d
Source/Base Application/CashFlow/Forecast/CashFlowForecastWizard.Page.al	151	813e92131b67c9c7d1fc1e3b09aec10183a9ed9144d5931a39f5fc180f9291df
Source/Base Application/CashFlow/Forecast/CashFlowManagement.Codeunit.al	413	9ddee84cf918a68951070b2f6185ac19e830e25cd98121cb77ab03fa3c541bd4
Source/Base Application/CashFlow/Forecast/CFAvailabilitybyPeriods.Page.al	13	24fabaa7cc57ed359d6012e0bbb8c9d320375f68c7e0df330e868a99d29a34ed
Source/Base Application/CashFlow/Forecast/CFEntriesDimMatrix.Page.al	306	e142a4b438f8feddb0acef58ecc16c49c4d6d9c6d94d29d2d2bb8c6e6767249b
Source/Base Application/CashFlow/Forecast/CFEntriesDimOverview.Page.al	29	d51db6bb41ce5f5e567e5b3817e396f2971dd5489f2af699c8bac7bf5d1ef04b
Source/Base Application/CashFlow/Forecast/CFForecastStatisticsFactBox.Page.al	49	939a64888fca5a561aa1551b93faab547faf56536203d6187ee255103075ff92
Source/Base Application/CashFlow/Forecast/ClientDetailCashFlowChart.Page.al	111	40492f01661f1bb8a256d1e045d7cffaa13cb5e6aadd44816cc7794e0393d1ae
Source/Base Application/CashFlow/Reports/CashFlowDateList.Report.al	33	f4608cf33a524ae195a5c21a4c2e757d5d9ede5b4d08580e22c54993deb6bc11
Source/Base Application/CashFlow/Reports/CashFlowDimensionsDetail.Report.al	397	9bb866d036b4899d5d2aad5df2236be0e0de47f9d8ffe2abcfa13b974f65c15f
Source/Base Application/CashFlow/Setup/CashFlowManualExpense.Table.al	49	3c3f39eb17d17b6b75cfec951552910a31a8aeedc4e158177611eb92b4b9c4f8
Source/Base Application/CashFlow/Setup/CashFlowManualExpenses.Page.al	45	3c9a0f7f031a411d60ff040c1fc79f7e164b0788cdcdbdfeaa5e48c5d9a16f49
Source/Base Application/CashFlow/Setup/CashFlowManualRevenue.Table.al	49	9f70915bf3896b2d993330a7e02280e1fc7e860fdb72bb15212d4514f48f861e
Source/Base Application/CashFlow/Setup/CashFlowManualRevenues.Page.al	45	c71a889757bd6f176bff5c445f78e84dc1ae8f745f4b4a8fd39fbdfbd7a2eb70
Source/Base Application/CashFlow/Setup/CashFlowReportSelection.Table.al	10	691bf56011663c499b3386daf45b8c2028d4848535fc2e017bca4bf76c59576a
Source/Base Application/CashFlow/Setup/CashFlowSetup.Page.al	33	832e45c96eeb81c2e99371896fd81f2f22ecf45ea8c77749831c30541913b149
Source/Base Application/CashFlow/Setup/CashFlowSetup.Table.al	194	741731bc9005310cc1403e22190326ff0232358a4f6340cf7cd148995ed130c8
Source/Base Application/CashFlow/Setup/ReportSelectionCashFlow.Page.al	2	c6b37a7d2c7ce79f6f6480c1eee9233f09f0d45cfe4d5ac1a947d6117e1ef2eb
Source/Base Application/CashFlow/Worksheet/CashFlowWkshCheckLine.Codeunit.al	12	aacd30e727f8cda27faa15f303606df90f720ffabd50fc605acdc4437dffab39
Source/Base Application/CashFlow/Worksheet/CashFlowWkshRegister.Codeunit.al	16	9bc6069bafd926e025f638be11321318f7c47e2c148f9306ef84b814553aedc1
Source/Base Application/CashFlow/Worksheet/CashFlowWkshRegisterBatch.Codeunit.al	50	38f3203dd39307e9651ca9e015d483cbbfb71e24e63a72b9b91b68abda6a28bc
Source/Base Application/CashFlow/Worksheet/CashFlowWkshRegisterLine.Codeunit.al	54	7dea300e1036548d62c3d2d0f8c898298968ff4ab338f8d3bb5c6d3b92463585
Source/Base Application/CashFlow/Worksheet/CashFlowWorksheet.Page.al	73	4a9bd7f382b203a1e907f31e76d52ec3831ba10e763a9cd8fc41979209a89641
Source/Base Application/CashFlow/Worksheet/CashFlowWorksheetLine.Table.al	147	dda78b0f0ce55224b0bcc1bea0f71d9875ff60fc0ba6641f2ccd3156aa7ff439
Source/Base Application/CashFlow/Worksheet/SuggestWorksheetLines.Report.al	946	4a7c7ca68524c00acadb8b8117d6645152ca8076bfbe175b7c08a62f48817751
Source/Base Application/ConcurrentSessionList.Page.al	5	b2c66089ae3e5340e05284165badb42e0ee3523b0ce5809cfe0cffacd27e15dd
Source/Base Application/ConnectivityAppsMgt.Codeunit.al	3	7f39093847ee5c1bff471159261c0045949c0a29a70630808a7ba2f75f4f68d7
Source/Base Application/ConsentMicrosoftAI.Page.al	12	3321e619eeece1b80dd623a35d6c8792124efac288a996d1fdc3610461c4b1fb
Source/Base Application/ConsentMicrosoftConfirm.Page.al	12	5eaeb4d481649fe5d8a1d0cc988181971f1a11fc23fe25386a2b1222aa6355a9
Source/Base Application/ControlAddins.Page.al	26	6e706d495e9def1ed7a13486ecce3a0e5fbce418c7cdfd429bb149da915e868b
Source/Base Application/CopyCompany.Report.al	68	fb6496366c3709ce6702b80533067f319d1515819a2f3d09d6ea3dc6bf0f544a
Source/Base Application/CostAccounting/Account/ChartofCostCenters.Page.al	43	c69432fe0b9558bdb561c030647bd9bca9790725b349926366706cd846ba470f
Source/Base Application/CostAccounting/Account/ChartofCostObjects.Page.al	39	adea79631e3f6fe01126b5883a6a65f83fedbdb4cb31752c6d13cff55b988916
Source/Base Application/CostAccounting/Account/ChartofCostTypes.Page.al	21	7e5ffec83e935127d491fb2d838d0fef17cff08671fd2ed7538325c264349307
Source/Base Application/CostAccounting/Account/CostCenter.Table.al	90	e67c07c82de6de6b21e1cc59c8fa777d3b5dfccf4375e9f0e84579094a7384b7
Source/Base Application/CostAccounting/Account/CostCenterCard.Page.al	8	12b1658d7a8ae3242952082de55419d59ec55a880fc077d85c88031ff8e8eaee
Source/Base Application/CostAccounting/Account/CostObject.Table.al	85	a7c36c082ac453b8dd9d17db67610778f51d03ad8713ce58b8228ff3c9d2e2c8
Source/Base Application/CostAccounting/Account/CostObjectCard.Page.al	8	b125d3a4c1c30f5e5fed4676bbb8e8c7da6ff5595bf09c844bd7eb78788668c7
Source/Base Application/CostAccounting/Account/CostType.Table.al	92	9db17ba45f7862846cee6d7b3aa62a30a043b580639f1adabc4ce6d6bd3ee725
Source/Base Application/CostAccounting/Account/CostTypeBalance.Page.al	50	6dd1ee83200111733137ae51866fa528db9da3a01a61f6683e20c95cb43c5952
Source/Base Application/CostAccounting/Account/CostTypeBalanceBudget.Page.al	62	d98826f73197ffa74c049ec65c1fea4f00ca43c2823e4915eceab77ab65d7c16
Source/Base Application/CostAccounting/Account/CostTypeBalanceMatrix.Page.al	77	98c3243fd328e492c57fc62f65e4e857b821e114d5554eb51356546cefa60958
Source/Base Application/CostAccounting/Account/CostTypeCard.Page.al	4	2981ff895b982ab4fcedd2b1c7250cd02958f78370f1371905b1c435af180953
Source/Base Application/CostAccounting/Account/CostTypeList.Page.al	13	a2cb7f764ac000f922722b278a9c264f5f932961264b1e1879258586da00695b
Source/Base Application/CostAccounting/Allocation/CostAccountAllocation.Codeunit.al	257	f0217ec55c43c5512fbee614eaed1bfe0baa5fa0b32bcd196876d28256b56e38
Source/Base Application/CostAccounting/Allocation/CostAllocation.Page.al	4	3e566b29e0efb371de6a3dc50b19c17f06c3550012248122a411442efc225ac2
Source/Base Application/CostAccounting/Allocation/CostAllocation.Report.al	293	3bfab9921f780b09009d49c57724651e182473c7ea554a5961265b95ef1a2590
Source/Base Application/CostAccounting/Allocation/CostAllocationSource.Table.al	43	1ff8d458fca5db92d5eb730828625a072d46ad987c7f0e5850b276465b2239bb
Source/Base Application/CostAccounting/Allocation/CostAllocationTarget.Page.al	14	14de8ff213fe85926cf1dc5a33acb0f15e6adf8897f9f9fdf055d0a48c9ac00b
Source/Base Application/CostAccounting/Allocation/CostAllocationTarget.Table.al	206	e0b6430edc64eb80e21f39d83418157b77b210a9ffd2b43fb83274d2fdf13c2f
Source/Base Application/CostAccounting/Allocation/CostAllocationTargetCard.Page.al	5	7a654980a46a59b32516b9e70067d54f8acd91640b696966829ec8d0ec580b45
Source/Base Application/CostAccounting/Allocation/CostAllocationTargetList.Page.al	10	b8548ed3ad7303e4285113728d1094fd0a3a76720f41942aad861e8a9a4de149
Source/Base Application/CostAccounting/Budget/CopyCostAcctgBudgettoGL.Report.al	112	b7204e48e9497fd9fd8f139450b752b8c731263d825b70730be5480618cff763
Source/Base Application/CostAccounting/Budget/CopyCostBudget.Report.al	92	8e7093318c3b35ce88b4365e3e847ebb2bb5eee3de6747a9e1cbb9efd497edfe
Source/Base Application/CostAccounting/Budget/CopyGLBudgettoCostAcctg.Report.al	108	c02a6eb9a19bd5883796587946b374969a21bac896beeda93be63c2607ea4056
Source/Base Application/CostAccounting/Budget/CostBdgtperCenterMatrix.Page.al	102	82d6ef9228ae292bd5c0b92c5a136ba9c558825c11e10224f19f57d37d04aa38
Source/Base Application/CostAccounting/Budget/CostBdgtperObjectMatrix.Page.al	102	a6f04e73d49bfb3658a5d777cc286f63ed0b787ada8d644edf01f21a31872721
Source/Base Application/CostAccounting/Budget/CostBudgetbyCostCenter.Page.al	73	a33ccdb68212e48204b467374ac2f37cffaec8287a00b48fe266f95f3471e5e0
Source/Base Application/CostAccounting/Budget/CostBudgetbyCostObject.Page.al	73	fb829b02bf4573701fb7ebe3a1fa845587b843c758956f0ca784acf1decd5d8e
Source/Base Application/CostAccounting/Budget/CostBudgetEntries.Page.al	33	eda146456f375be7b520942a26a35f082341e6f41a1b2ad4237d693d4e643dbd
Source/Base Application/CostAccounting/Budget/CostBudgetEntry.Table.al	150	e52aa8a93e9be7e631fb4b547f85cbacabcb3301f21952afac8a4dcf359a7442
Source/Base Application/CostAccounting/Budget/CostBudgetName.Table.al	9	d045de7a3f8fcb887f2ff705d3594fa7654bb4e09be33473c18bfa9de40db8f1
Source/Base Application/CostAccounting/Budget/CostBudgetNames.Page.al	2	9298f660565500ab4216fc8a1aa6ca43f7f664c595b2c32dd0f3522536913230
Source/Base Application/CostAccounting/Budget/CostBudgetperPeriod.Page.al	62	422e827a876a00743664a79ba0f411841a871872cd785873ee8dfd89f2d20a8e
Source/Base Application/CostAccounting/Budget/CostBudgetperPeriodMatrix.Page.al	159	1c772b678d59c43f9cf68fdb2019f9cf9eb37041b8b37ee76a771fdd7d2e1663
Source/Base Application/CostAccounting/Budget/CostBudgetRegister.Table.al	19	bb9cecfbeef37fed553c4aca3b6cfcaa04261646d4f92e0fe2867dbfa61c5383
Source/Base Application/CostAccounting/Budget/CostBudgetRegisters.Page.al	8	47125a9800f7a943ee6ef71f7879d3e6d8d9b2bd484f05ef6130f915bc3fa93c
Source/Base Application/CostAccounting/Budget/DeleteCostBudgetEntries.Report.al	43	0ef05609d0822f13fda98f2d650972f2dbcbf9450017bd8783a2fa11eb449663
Source/Base Application/CostAccounting/Budget/ExportCostBudgettoExcel.Report.al	212	ae4f776776eebda31eb4c8a4fafdddafe063b17bc9225d301d4fe55b3bcf65eb
Source/Base Application/CostAccounting/Budget/ImportCostBudgetfromExcel.Report.al	199	99a0676945d57ded740da63456553815ee8a61fb82bedebff83711ef4b0deb43
Source/Base Application/CostAccounting/Budget/TransferBudgettoActual.Report.al	60	9ad64040b615176ba2ec906355dc3cc325b2da9fa74aeae854cc3ea272185994
Source/Base Application/CostAccounting/Journal/CostJnlManagement.Codeunit.al	168	b3e026de7665942aa61f06d8e263ccb7e27abdcd3264d04f11f92e9585e76e22
Source/Base Application/CostAccounting/Journal/CostJournal.Page.al	68	4a5a1988f01763c5237306d22b617a3440a14bac1380c7e03db6246bf8e15b5f
Source/Base Application/CostAccounting/Journal/CostJournalBatch.Table.al	16	c60d49b96c1b121ef527ab1f9693b8606a54f0b9d5989e69ddcd8129a0a3a87d
Source/Base Application/CostAccounting/Journal/CostJournalBatches.Page.al	6	ada755168af58ba76774781bb56cdb4aeaeab322a5420c756ae3b92fb1ed77e9
Source/Base Application/CostAccounting/Journal/CostJournalLine.Table.al	137	d01706d46f52233301a625b9df8d8825c73487d3478cfc126781c78be3d4d434
Source/Base Application/CostAccounting/Journal/CostJournalTemplate.Table.al	7	6681c738b01c74bbaa889cb069d23119444a86b874b0797f56cf94ba3fc6a80c
Source/Base Application/CostAccounting/Journal/TransferGLEntriestoCA.Codeunit.al	226	aa85b54b7b23e9f122f676082ae7f83c766f0218a2c4d22aa65bc3907e29242d
Source/Base Application/CostAccounting/Journal/TransferGLEntriestoCA.Report.al	2	7a0a907b43dd74aa5bfb7150dbf4dff355cc08ebada8219463a143a36eabea8b
Source/Base Application/CostAccounting/Ledger/CostEntries.Page.al	5	d8e071d96f7229ffcaff75cf2f3e033df990c1a244792f3dadad028c431524b0
Source/Base Application/CostAccounting/Ledger/CostEntry.Table.al	4	93a38c2b5dd6ab011360c82eb0cb7cd5d88b67c05e033676811f0f31647a5263
Source/Base Application/CostAccounting/Ledger/CostRegister.Table.al	21	0d132519e7b0ca5ae8617ed0166ce8d60f8b87e3f82cb1f552bfb496177224ce
Source/Base Application/CostAccounting/Ledger/CostRegisters.Page.al	5	411ca76f5080ff158167a0089afd6c82c3e776ca8f64b149a1e17c66b9963766
Source/Base Application/CostAccounting/Ledger/DeleteCostEntries.Report.al	47	f134ac2320f2ec1415d317e6bbbb6d37c8e78be94873336625d3812e2a47dec0
Source/Base Application/CostAccounting/Ledger/DeleteOldCostEntries.Report.al	14	580465a5c447c54191efdd397adb33c4cbb485e5dfad27fc18bd6681932a780f
Source/Base Application/CostAccounting/Posting/CAJnlBPost.Codeunit.al	32	c1c5fc8d7d77209b82b2f05e9785af709881bad3e8f80c8e1fcc7620819e11e0
Source/Base Application/CostAccounting/Posting/CAJnlCheckLine.Codeunit.al	76	9c0d7cb977ae866d58f47e9db9253c0c4ae831ece8024fedea2946a045ccd4b4
Source/Base Application/CostAccounting/Posting/CAJnlPost.Codeunit.al	25	dd16cd5cf352c43f0911eb7348c1a1a2b0ffec2a120d30d1e9ef725c2fdc8539
Source/Base Application/CostAccounting/Posting/CAJnlPostBatch.Codeunit.al	78	d9b5d0f6f4327424c98e2054730782666f13ab2febe9a9b8a542b6fb4780d888
Source/Base Application/CostAccounting/Posting/CAJnlPostLine.Codeunit.al	227	6468ba8c9da55a3ae689d4a276dc02d28c2893d575df5e65d3cac5dcebf58b67
Source/Base Application/CostAccounting/Posting/CAJnlPostPrint.Codeunit.al	36	7a62bf6084a98961eb5ab6a6c03a43f139b46c6a9c3d272826603add46bb719d
Source/Base Application/CostAccounting/Reports/CostAcctgAnalysis.Report.al	77	0e70095eaf24b4a4a7e9b5bdfb79d84ed210eabfbbb20ac7196a0382b39e3362
Source/Base Application/CostAccounting/Reports/CostAcctgBalanceBudget.Report.al	122	06921b8a7b66b629a56353b33acf944ca97574168e0cc21ec67373068e38488c
Source/Base Application/CostAccounting/Reports/CostAcctgJournal.Report.al	73	d8038b77bbb5963e1787622d60780cd4e840d4e80fbe029ead23edb712e23461
Source/Base Application/CostAccounting/Reports/CostAcctgStatement.Report.al	20	e3320b3a44c9e6d608d8dc0b8cbc29392c6ff20a3b161d01889de1652b3cf809
Source/Base Application/CostAccounting/Reports/CostAcctgStatementBudget.Report.al	33	216dd91c82708f35fda10a372544f51d2c7ffadfc18fc5e4b0186d981bfa093e
Source/Base Application/CostAccounting/Reports/CostAcctgStmtperPeriod.Report.al	137	79463bb6f231d125f0802155d3b1200b2f5510a8217ad889de64af2071e314a5
Source/Base Application/CostAccounting/Reports/CostAllocations.Report.al	11	7732a04914e2b3c42ed178c33291a79decea6ffd275ea8616fc4b7d73a2b272e
Source/Base Application/CostAccounting/Reports/CostRegister.Report.al	8	443ed332ac8f653152d8adce909bd2eb9cf2594cd8b94e9734756ec6357a6c70
Source/Base Application/CostAccounting/Reports/CostTypesDetails.Report.al	80	a377b15683a42fe270a76ccff4ed6b7a7d272e480d0bc60a64bfb4d6c809fcad
Source/Base Application/CostAccounting/Setup/CostAccountingSetup.Page.al	21	f5ef231cdb7dc0e603d57a8a9d016123ca365a7ae8bd6d7de417ddc610fe164e
Source/Base Application/CostAccounting/Setup/CostAccountingSetup.Table.al	10	9a83d1e924f5c47626a8d2638b76aa2897f4503c5dd0ffb35b0d43d56b61b3c3
Source/Base Application/CostAccounting/Setup/CostAccountMgt.Codeunit.al	691	5c19d6acdaeadd03f6a9f993bcda202947b5c8867fa1690cf47b3e4772bdc3cf
Source/Base Application/CostAccounting/Setup/UpdateCostAcctgDimensions.Report.al	52	00e88b8ea20a7de1249b33aa8fde88a3acf8bf24c242dfb2d56a63e660182ee8
Source/Base Application/CRM/Analysis/Opportunities.Page.al	31	96c61728eea26db88d79b12285dddd1e586be6f5e2bd9a33cc76d4696c771a65
Source/Base Application/CRM/Analysis/OpportunitiesMatrix.Page.al	608	19d905e3b523b64287c5667a62c6d57f604786a43cbd04caf500257fee33e720
Source/Base Application/CRM/Analysis/OpportunityChart.Page.al	58	c6848b265c31261840bd7f2f6949617366f893dc4f17de6fd236efd2c71fcec8
Source/Base Application/CRM/Analysis/OpportunityChartMgt.Codeunit.al	71	9b1081bc4b24b12b748bc334f5106bd93ca2f212e13a5404bc43a5c8eefab1e9
Source/Base Application/CRM/Analysis/Tasks.Page.al	20	b41e287960a0f7b68dece2e58fa2ea8045b8910dfff425dad45c1fbe62641588
Source/Base Application/CRM/Analysis/TasksMatrix.Page.al	433	d344e8cfeed5e3470ca367e3d29859091a8e039d0d85be3a0490339785246ba8
Source/Base Application/CRM/BusinessRelation/BankAccountLink.Page.al	17	9fdbbb76590dc0a4dd3d413827c0f1f482edc2f8c1b5a9b920b8dfd8b5f03bb3
Source/Base Application/CRM/BusinessRelation/BankContUpdate.Codeunit.al	106	850721b646eb5d95acd7b5c523c632a62653688527c008d7700679644ebdaba3
Source/Base Application/CRM/BusinessRelation/BusinessRelation.Table.al	23	08e923fcbf9f2c60111bcdf8c1b3ff67fdaf3b9f74cf265330eee661b428f045
Source/Base Application/CRM/BusinessRelation/BusinessRelationContacts.Page.al	6	0e498c0841615c643946bd60d4a63a827e004a893280b3b9a4b214faa18da46a
Source/Base Application/CRM/BusinessRelation/ContactBRLBankAccount.Codeunit.al	9	6d0f8c08d9b3878a4cb52595c695fec4b113d41892725fa1499c91272bd18a9f
Source/Base Application/CRM/BusinessRelation/ContactBRLCustomer.Codeunit.al	9	52d33b6ce755596ee269b2e0bd9519e6850fa3828f73aab72071d2bf9649f0b1
Source/Base Application/CRM/BusinessRelation/ContactBRLDefault.Codeunit.al	5	033352b22734ac2b3ce3385eb07f743713b1bf8cf97d966c4d4e171aa5779f2b
Source/Base Application/CRM/BusinessRelation/ContactBRLEmployee.Codeunit.al	9	63143efb24ad5ce193569f00926a0c97b9e5ee06aba8f42fe820abdd42ecf5f5
Source/Base Application/CRM/BusinessRelation/ContactBRLVendor.Codeunit.al	9	81a3dd5d3413d191791f3371ab2aab48e1bc26acf8e6cac2bbc379e5d7713b0e
Source/Base Application/CRM/BusinessRelation/ContactBusinessRelation.Codeunit.al	2	91a407a34d38a401bcf6715d37aadfba454c9f17f0c300e31c9abd937ad1a1bd
Source/Base Application/CRM/BusinessRelation/ContactBusinessRelation.Table.al	222	db2eca0d08717e022b68917913b5cff5e2795dac89e812263560db203e5e315e
Source/Base Application/CRM/BusinessRelation/ContactBusinessRelations.Page.al	30	e406f7f90a03563779388ffd705446d80f6631acca4d9f73d939d5b4f7f9fdd9
Source/Base Application/CRM/BusinessRelation/CustContUpdate.Codeunit.al	158	5fe7e23afebf88644aa6ebb53c08d2477b8e64e67e84041cb30f09ba14833e9d
Source/Base Application/CRM/BusinessRelation/CustomerLink.Page.al	16	6ab751936d69ada469f7913f9148f47724c1cecc8b18c019eecbb80feb87b076
Source/Base Application/CRM/BusinessRelation/CustVendBankUpdate.Codeunit.al	140	81da70fbd961188561201c646d041a3450a5132e4144cb29442ae0b47ed68ad0
Source/Base Application/CRM/BusinessRelation/VendContUpdate.Codeunit.al	145	731ea9f7d7c2042edcaa926ca53b786d4a60d5b771c91255b296426b8d45bf88
Source/Base Application/CRM/BusinessRelation/VendorLink.Page.al	17	853404fbdb9797c0584617920668bc9ba55556c5c1ce55ffa8044a32cb29e114
Source/Base Application/CRM/Campaign/Campaign.Table.al	90	306079f64abd2ffed58a60fd355b52878ccf05890601d0130c1eae7c0a7dec2b
Source/Base Application/CRM/Campaign/CampaignCard.Page.al	30	3a65743aa7de61a8d0542f8fa3a2e81285c0be495d982a0abd7af95fc353a1cc
Source/Base Application/CRM/Campaign/CampaignEntries.Page.al	2	376760b6f83eda479732d036d3d82563db6cfeb2cc9cdaafa574b87d33fa9d0e
Source/Base Application/CRM/Campaign/CampaignEntry.Table.al	31	acbbe45e81de4aa1e83eb19f01e270a51f7f0c71de3e8a5c33324d25a2ec2ff0
Source/Base Application/CRM/Campaign/CampaignList.Page.al	33	aec6ad0ebcffb2ea1922c3fab23e188c2ae7b91508db71a718d865a7047746cd
Source/Base Application/CRM/Campaign/CampaignStatistics.Page.al	16	6e99fd6252dc826f74b65d895552b01096aa84a6e77867c08a9dd66a058b126b
Source/Base Application/CRM/Campaign/CampaignTargetGroup.Table.al	6	aaf22b39b3548e4a6b9ed6d6eea5b19a33c7f7fe3922276b0c2e545df553578f
Source/Base Application/CRM/Campaign/CampaignTargetGroupMgt.Codeunit.al	186	7743640120d40205609b47a51ceeb3a0bb6c5ad1e3ed350e21af40ae25a09473
Source/Base Application/CRM/Campaign/DeleteCampaignEntries.Report.al	10	e921866575abc4d790e2f33f8267550546b965730171eaf32c1c5b597d332e7d
Source/Base Application/CRM/Comment/RlshpMgtCommentLine.Table.al	11	3d8add352b714645ab19577f3e89b70df99b9947183f0d562742ade23b19234a
Source/Base Application/CRM/Comment/RlshpMgtCommentSheet.Page.al	2	203bf52c9afd87f00568e74949d78984ee2d5d41a34196c41f597d2ce0cacb9c
Source/Base Application/CRM/Comment/RlshpMsgtCommLineSubs.Codeunit.al	22	62ea11169f26521cd9471ac2c3d6af7a8992c61a74c5dbae6bcb8d532d25d655
Source/Base Application/CRM/Contact/AddContacts.Report.al	299	5328449f1705cfb01ca6ff1bf669e7de4a99711458accefc4cebb25204500620
Source/Base Application/CRM/Contact/AltAddrDateRanges.Page.al	1	a69bb395b43b38763bea6de89b19761be97d756af949308cb666c190b6225c16
Source/Base Application/CRM/Contact/CommunicationMethod.Table.al	2	94ffb56d631bdc9d9f97ad9cb80a04d2d5f424e29eb246d91ced1c0ef420b38b
Source/Base Application/CRM/Contact/Contact.Table.al	1997	777743b3505621a82e34a776ed6294782ca9584f1b096cd3ce27fcd45d1a77ba
Source/Base Application/CRM/Contact/ContactAltAddrDateRange.Table.al	28	b7233fd61eb6a251058650bafad8cbb989ab6ec9cf9739f66c16ac72ba6d3dc5
Source/Base Application/CRM/Contact/ContactAltAddress.Table.al	60	f60d3f9a6720225cf8b86772928e7808a80ddb465be796f9689d0b2c4b1ba4e4
Source/Base Application/CRM/Contact/ContactAltAddressCard.Page.al	2	7ce2014ee70110740ac50037cdf9e278a917c18ac5c82766d2f08137be6883eb
Source/Base Application/CRM/Contact/ContactCard.Page.al	288	737b38e5769077718dbaca815f8efa9ead9dff101e9fd2e4054f2e04898a1dbe
Source/Base Application/CRM/Contact/ContactIndustryGroup.Table.al	14	509c13b09e6bbb963fe2c9f0068c2a194aa56433eafa43e6c37ed8b0419c6d9e
Source/Base Application/CRM/Contact/ContactInformationBuffer.Table.al	31	2b57bfc572b5c9f93ef21d7591fb4bcbaf881e53c61bd901ec7aa48ec52f0f4b
Source/Base Application/CRM/Contact/ContactJobResponsibility.Table.al	14	209b0447a79dfe9abef26db321fa8fd2fd431c13e3546a1012e91798c4e33abb
Source/Base Application/CRM/Contact/ContactList.Page.al	138	f8e70917f1ba4642e6d38f7637fad71a1dd9cb7f6247c84f6179237ec297c59a
Source/Base Application/CRM/Contact/ContactMailingGroup.Table.al	14	2d5fdbb06192f90723b03a4bafe93f0ec4ce715d730e168c1efda55a96247d3d
Source/Base Application/CRM/Contact/ContactPicture.Page.al	47	946bfb25f36714c66eac1a9d236ccc98577dad0997f3b6202119ffa89fe03a78
Source/Base Application/CRM/Contact/ContactStatisticsFactBox.Page.al	5	9ac979ea69877a16915cf38f01823c8989e8d668a97cf6b0f2c1fa983046298d
Source/Base Application/CRM/Contact/ContactThrough.Page.al	25	357963b08d11d661c11a5e2d8dff132944bf8670980c8d87f4abd2ba6754212e
Source/Base Application/CRM/Contact/ContactWebSource.Table.al	4	b5d3940b91a9fbe89851d5163462bc041040cd2a28b2de1cd27b3831192f68df
Source/Base Application/CRM/Contact/ContactWebSources.Page.al	2	ac2cecff35b54290ca01f6ca060ef4b8a79b83d34c4ff2112f35e2fb066a0928
Source/Base Application/CRM/Contact/CreateContsfromBankAccs.Report.al	34	995f621a0054544856deddb78fe715edfcee7ba5c5b9388ea5bff46e232167a2
Source/Base Application/CRM/Contact/CreateContsfromCustomers.Report.al	53	51a4ee15a6c2d00726b6dd52ec01fe5e4da6aa5bccf2fbe55fd5eba481cbad04
Source/Base Application/CRM/Contact/CreateContsfromVendors.Report.al	53	e3542d3049032bf771fe6f525ae0e789c2d94575808e17dda4b953f600b7bc56
Source/Base Application/CRM/Contact/CustomWordTemplateFields.Codeunit.al	20	4cab2eeacbd6d6b5e479c5660bebaa0be994e5b41b395d72a75a67e08f2a84a2
Source/Base Application/CRM/Contact/NameDetails.Page.al	3	9edc45cce8544c478697079ff31c83d0a20a5da072f52b5009333cfaa2cdd86b
Source/Base Application/CRM/Contact/UpdateContactClassification.Report.al	635	6b61f1c55f02ab55234e61cf00da53b7e947c549c62b9722fd2bc42ef5ed1ae2
Source/Base Application/CRM/Duplicates/ContactDuplDetailsBuffer.Table.al	20	ef1302c9ae340622be7c3b9d4c3f24cf33980e0e5135d8b1118ad55317c354b0
Source/Base Application/CRM/Duplicates/ContactDuplicateDetails.Page.al	6	d733029d7e87fc08e46177cee9381628d2ba42f7e21550895e3df18e845c9698
Source/Base Application/CRM/Duplicates/ContactDuplicates.Page.al	16	4c15a788c7996b92eada2459cbd5516f0e09cff4f75da98d784d05763ff32875
Source/Base Application/CRM/Duplicates/DuplicateManagement.Codeunit.al	129	65dc2ff12ffedd752f493a439472b826910caf6f06938d236bdc6c2090659ad8
Source/Base Application/CRM/Duplicates/DuplicateSearchStringSetup.Page.al	3	a636fa1cafc2d87aee9ac58c649a8aa1ce6844eace2c03103c8aacccbb0712ca
Source/Base Application/CRM/Duplicates/DuplicateSearchStringSetup.Table.al	40	cadfdde157a68d7da01dfa01482e2b05ffe16ed89e0e55e719ad03b2705db937
Source/Base Application/CRM/Duplicates/GenerateDuplSearchString.Report.al	7	5a0e69cc703f63a8f8468a8361d20b4fe6b05d154c45b0ff9e3f2f1586932491
Source/Base Application/CRM/Duplicates/MergeDuplicate.Page.al	59	39544050da4c28e4380ad3f862a65d25a55615565c73dc3202dd7a1e9f1c1966
Source/Base Application/CRM/Duplicates/MergeDuplicateConflicts.Page.al	9	25b4df30a6c26d0c01b2ad278cd77022f66374e1978fdc583b9b19b51f706a71
Source/Base Application/CRM/Duplicates/MergeDuplicatesBuffer.Table.al	382	e34ec08bf93e60f09f4b18c5c306a9e3c5885a335ac73f758ce20f680130bbbe
Source/Base Application/CRM/Duplicates/MergeDuplicatesConflict.Table.al	7	cb510e6be5a5c5d5cf2d9e07f73f1d2f7128ee84cfebc10928965f3b67b37de6
Source/Base Application/CRM/Duplicates/MergeDuplicatesLineBuffer.Table.al	141	eeb8c403c7490ee63af47a6b7ef5c8751c7dd0661b069399ebebf33305516d2f
Source/Base Application/CRM/Duplicates/MergeDuplicateSubform.Page.al	41	67f5f6c3dd3d60ab11ad4cbb9717cd065fbf1ce3f5bfbd3a2f9ae6bb1d28d089
Source/Base Application/CRM/Interaction/Attachment.Table.al	487	34846570f18d1805c09741cfa4d8bee3845fcb2042aca988a81eb1a01f471c53
Source/Base Application/CRM/Interaction/AttachmentManagement.Codeunit.al	354	75b36d41c918162a22688128fb2ea368f2b57bb5f75731cbd55d24cb0f6ae1c0
Source/Base Application/CRM/Interaction/ContactIntEntriesSubform.Page.al	48	f651859733662768d8ccbd7d144093b2332983631705d629bbe2eb45d7cb6f48
Source/Base Application/CRM/Interaction/ContentPreview.Page.al	8	13385fba9ab9bd75a285441fc1cfe0c3294f269f9331f19dd5d66b22028c8e33
Source/Base Application/CRM/Interaction/DeleteInteractionLogEntries.Report.al	39	7381e3b2357ab3b0bbf2a001d4cab8b7932a9f7b8fb52f98ddb1988d6d09159c
Source/Base Application/CRM/Interaction/EmailMerge.Report.al	16	144e134123fd8f0bccafcf389b97fff5d53afdf01d51aff5428651f62632a9fd
Source/Base Application/CRM/Interaction/InteractionLogEntries.Page.al	90	47ec7e918e68d5e7d246c737d5f32cbf4cfe4014af838e561aa7987597b49f86
Source/Base Application/CRM/Interaction/InteractionLogEntry.Table.al	383	21ebec408898efbb4fbcc8fa663fc56ea5160257a6f85203c52b9b597c2d59de
Source/Base Application/CRM/Interaction/InteractionMgt.Codeunit.al	9	d4ef4b7a544605f176eb1af494653eb685730ac10e151e9ea37897e42fd67877
Source/Base Application/CRM/Interaction/InteractionTemplate.Table.al	114	d0e12918df4b02e742cc70c77af0754b8512a68540b956aa71fe0b1aba7e6b16
Source/Base Application/CRM/Interaction/InteractionTemplates.Page.al	97	dcb5678df620f6f435a4a8beee8538c92ee23c6f1a9036daaf987700c7f70d38
Source/Base Application/CRM/Interaction/InteractionTemplateSetup.Page.al	6	7e142784ee7f7e6fd964c25f7e8c07a9d24175799377121644760a8451ca3944
Source/Base Application/CRM/Interaction/InteractionTmplLanguage.Table.al	172	6d575f63347c8ad042b0362819c18877e3f46e18475a9484d7a6ea1f1a01b604
Source/Base Application/CRM/Interaction/InteractTmplLanguages.Page.al	84	12693096af067caba93d50e523be2768dcb6039b9495612a73ce888530de2ceb
Source/Base Application/CRM/Interaction/InterLogEntryCommentLine.Table.al	9	9393ea524ab4cb4b82ca765341101a23f05dbe81d9087fdb81beeeb8b82ed440
Source/Base Application/CRM/Interaction/InterLogEntryCommentSheet.Page.al	2	be4bd56db13b2e2bd5ca2f8180478b3b8ffabfac01795ba7b5c7fe3002cb4a41
Source/Base Application/CRM/Interaction/PostponedInteractions.Page.al	64	3ea72c6ec07b89bbc4a4dbe2bb1cfd12ebeedfa7e59725117f7885600641ff7a
Source/Base Application/CRM/Interaction/RelocateAttachments.Report.al	54	6d0d6dedd380f506b23affa89f705eeff3cbf63f405a09069bad90c0e13077d5
Source/Base Application/CRM/Interaction/ResendAttachments.Report.al	84	f5173dd98f28f6755fab390df916142995a9922ca2298365a0ffdcac11c6e395
Source/Base Application/CRM/Interaction/TAPIManagement.Codeunit.al	95	ef4f27ba35762fa99997ab0cadcb0f5ebf70632dc9f49d0590b46a95a5867b17
Source/Base Application/CRM/Interaction/WordTemplateInteractions.Codeunit.al	448	66bcb699c1af9d225b2031fa75096c309a7c5e096926bb4b757453452b991b4b
Source/Base Application/CRM/Opportunity/ActiveOpportunityList.Page.al	2	9ddb019538b6857ac0d8b2cf9b058065a7d54e57619300c02227a0013aa44dc1
Source/Base Application/CRM/Opportunity/CloseOpportunity.Page.al	100	90277c1d05c2b38f2c2d7458c63e8676abbce5178233c35162b8299e297649ff
Source/Base Application/CRM/Opportunity/CloseOpportunityCodes.Page.al	5	8e751c680f05ffeb25303f05a7c83903399a540c3b25243295632b59e1ce315f
Source/Base Application/CRM/Opportunity/CreateOpportunity.Page.al	79	d2fb7a2ab6214db62403b487926348de9ef2994046a7ed826e37a15c3bf21e34
Source/Base Application/CRM/Opportunity/DeleteOpportunities.Report.al	7	9136baa17aec8fd9bf1e20b416448a82a3b53f8cbbe395de87995ac667a67210
Source/Base Application/CRM/Opportunity/Opportunity.Table.al	771	c57a702370156ee240910eaaa02f6a7e81d27dc4217eb268a7ef0a1ce0784506
Source/Base Application/CRM/Opportunity/OpportunityCard.Page.al	130	39374241000fdec26ac7b1deeed11e51a6ad61d7c53b2fad91a4080de84f5824
Source/Base Application/CRM/Opportunity/OpportunityEntry.Table.al	546	37834fe24d9ef202498e61e2a104ea5d77a7349616998dde217bdd10b1388b40
Source/Base Application/CRM/Opportunity/OpportunityList.Page.al	90	bf8fdf41c774f7c0f449ee403869f07d7afe5219249a62a553017ac1199acd7b
Source/Base Application/CRM/Opportunity/RelationshipPerformance.Page.al	14	a3781880c4c76ab019c9364d01150c99ef448d2ac5e4e65aedd96931775d5f89
Source/Base Application/CRM/Opportunity/RelationshipPerformanceMgt.Codeunit.al	107	e722fdfc8fb6b787c741f9e6c7050a5c9f28dc4ca8181060a667fcea9574576f
Source/Base Application/CRM/Opportunity/SalesCycle.Table.al	9	79c8e05c05ac424bc85da1ac1c619491d659dc9c204b8765e11838a642e70b73
Source/Base Application/CRM/Opportunity/SalesCycleStage.Table.al	11	97c3cb8f10eb265f47b2a060a4fc5523a4fe34df6a4c3937083603031640178b
Source/Base Application/CRM/Opportunity/UpdateOpportunity.Page.al	181	524c8e6a694dc66ca3aba3d74b2eb323c6df63561f304b4aa8d635d461d62137
Source/Base Application/CRM/Outlook/BookingMailboxList.Page.al	7	9958a4beff910aed27066f57de7a9f3823da47310763780acf0d78ba7f56333d
Source/Base Application/CRM/Outlook/ContactSync.Page.al	266	f7eaad1346d0fdf3f748fa7a71ec8ab2223e38b595af040b549282701e342828
Source/Base Application/CRM/Outlook/ContactSyncProcessor.Codeunit.al	232	293ba24cc3187b5d767dd0a07951802dccadbc6d9e8b89131011d8f211352b73
Source/Base Application/CRM/Outlook/ContactSyncQueue.Table.al	46	d963af587b2ef382970f2d8eb8e9243a40f829164ccaa1e065b6666d22bff79e
Source/Base Application/CRM/Outlook/ContactSyncQueueDialog.Page.al	34	07159f80b07f3543219decae263b8d11041eb54dd6f18c555c6e260359b64bef
Source/Base Application/CRM/Outlook/ContactSyncUser.Table.al	8	69447fdec46777f1b5654edfafdea75d3b1a69215e5bc8459dd3282e68aeacd6
Source/Base Application/CRM/Outlook/ExchangeClientCredentials.Page.al	9	728b599359d5624d074451d3301aa501023c12143d7257cf21430bd33780072c
Source/Base Application/CRM/Outlook/ExchangeFolder.Table.al	9	c7d280e87c2df09979079f75a6c8f1aaf53bb6c4fc6cb971bf5ea3e9a1d4921e
Source/Base Application/CRM/Outlook/ExchangeFolders.Page.al	19	18edbca07e13869191c8b74a4aa1cb8468ae7ad74aef8e0e1b2b92cc14d0bf02
Source/Base Application/CRM/Outlook/ExchangeObject.Table.al	23	383b4b3e5a55ecf99237426b973b56427aa15f97b14667a459ce3026e41a6d8b
Source/Base Application/CRM/Outlook/ExchangeSync.Table.al	33	7d5a0824950225da5997cea493689ac3e267478a077cc5db71372a0e79d8bfec
Source/Base Application/CRM/Outlook/FolderLookup.Page.al	3	f5096011795de016a4bceb62fd8812d964947f52a855d5becfd73b632beef2c7
Source/Base Application/CRM/Outlook/O365BidirectionalSync.Codeunit.al	395	f3fa3a7461dcc8a95f8fa75143374cc83be97407e067707c41313a116003d33d
Source/Base Application/CRM/Outlook/O365GraphAuthentication.Codeunit.al	5	69bac12bff8edaffa7aed9360e7f8427da0e6d70b500088001e587683a406a5e
Source/Base Application/CRM/Outlook/OfficeAddin.Table.al	26	0cd39e96089351880bfea69c0dd3f03e10de21e90719bf93aad48b5a82eff3bd
Source/Base Application/CRM/Outlook/OfficeAddinContext.Table.al	7	4563ec148f47e172e7971d8a6b9323ce4ae8fb3fd41363541705a85f236f8ab4
Source/Base Application/CRM/Outlook/OfficeAddinManagement.Page.al	32	1636f283dba4beb003690592da78eaabd8ac0ef325af558c4d54e7f301d4e449
Source/Base Application/CRM/Outlook/OfficeAdminCredentials.Page.al	95	1fe74b5c907b873dbf21c8074739a83fa850a34aff86850aa35d1dfe105d1c04
Source/Base Application/CRM/Outlook/OfficeAdminCredentials.Table.al	24	56ad951b5dc1a5591012f390d2fe99abd396cd8f1ca94757cf6afe54edf22a79
Source/Base Application/CRM/Outlook/OfficeAttachmentManager.Codeunit.al	36	6865ed334fac54778748049f3f25ccf5fc43cc7b7ad366ef402d9010542751a1
Source/Base Application/CRM/Outlook/OfficeContactAssociations.Page.al	22	e21bae9df5479e4c8a36e16bf32210acb5263e336b7a87963cc059f3e5c9a051
Source/Base Application/CRM/Outlook/OfficeContactDetails.Table.al	4	1acc2c2413d1b0ba8fbda444163b411e77e313bd8eaf2cff6ce564dcbb08ff83
Source/Base Application/CRM/Outlook/OfficeContactDetailsDlg.Page.al	36	ab4ef804efe0d4df280947bfa20d38991b1c0597d0f146dead3953cd2d71f4eb
Source/Base Application/CRM/Outlook/OfficeContactHandler.Codeunit.al	184	55d67f494f589aac615e2145d72abc5d2c34f21ffd27b5e27392ab5ba7cc6c80
Source/Base Application/CRM/Outlook/OfficeCustomerDetails.Page.al	9	ce96db0c510b5559edc2081f65b7e80bf2cf5a5d0e9fc85dbc69b921f1f7d108
Source/Base Application/CRM/Outlook/OfficeDocSelectionDlg.Page.al	14	4017cf10a9d77cdcf86beda522f0dfa30cd6f134ff74b55f0d28e83dea25c588
Source/Base Application/CRM/Outlook/OfficeDocumentHandler.Codeunit.al	264	6c7ea515b975bdc46858db85fc087ed1151eb48efc54e552c4ad99e674392589
Source/Base Application/CRM/Outlook/OfficeDocumentSelection.Page.al	3	a3e360b17b94e7bb309d54913a32ec490e8789b0e0b419c2997f1d259a0d5de9
Source/Base Application/CRM/Outlook/OfficeErrorDlg.Page.al	2	fe8d98abb7d4cebac3cdff588f6b1634eeff57eb2c76eb8955e315f1154545aa
Source/Base Application/CRM/Outlook/OfficeErrorEngine.Codeunit.al	4	e4b3c20c6142330fb9178b02a64576bc93194cc545076c667015254ea6f1d9de
Source/Base Application/CRM/Outlook/OfficeHostManagement.Codeunit.al	40	637901465309014327d65d10bbe94ccd0e40b1e4ebab2b9c3c408a3d467a8e61
Source/Base Application/CRM/Outlook/OfficeHostProvider.Codeunit.al	74	538452cc33503af4d3fe3f204d247cf8bc699a281717ad54affa163bbab8131b
Source/Base Application/CRM/Outlook/OfficeInvoice.Table.al	12	3a9be1999e0f62a540d20164abcf2ede4785da2644c8ecdd08f3f4430cc3b419
Source/Base Application/CRM/Outlook/OfficeInvoiceSelection.Page.al	21	22983ba05b13e50c8a48af1afa40d4200dab0b473074ac2c8285c110b3ac1a78
Source/Base Application/CRM/Outlook/OfficeJobJournal.Page.al	68	72e0d31e7298f81131fc538c88ce6070be26c66eda10f039e672a79561769256
Source/Base Application/CRM/Outlook/OfficeJobJournal.Table.al	4	3f3b93e920daea55ed811d928ef3404a6f98779dd2f086cf592cb7db7ee9641d
Source/Base Application/CRM/Outlook/OfficeJobsHandler.Codeunit.al	37	6f9e2cc2f1dd9ee2ce038cec5aa73266a21cea91ba689207d2f05c0633261122
Source/Base Application/CRM/Outlook/OfficeLineGeneration.Codeunit.al	404	2a063bdee2b6006954bb70f5c5671edca94d472e61c20a0903704d776688f951
Source/Base Application/CRM/Outlook/OfficeManagement.Codeunit.al	303	ee29219b19f91a701480bfc8cb10fd5ad7801d2af0e00339c2af7cf743a16854
Source/Base Application/CRM/Outlook/OfficeNewContactDlg.Page.al	45	cb3fc661631fbc61ab9cecbf1a096a6f743d2ef7f6f7f791e376cdde34300baf
Source/Base Application/CRM/Outlook/OfficeNoCustomerDlg.Page.al	5	cf46e46f128b6245e5459cf38df0d695d604aa4d497c26eb5635d83d84a65a44
Source/Base Application/CRM/Outlook/OfficeNoVendorDlg.Page.al	5	e93d9eb1dfec6ac8c88f82fbb720bb641f360d26cbce0d0aa7fb2a3326524944
Source/Base Application/CRM/Outlook/OfficeOCRIncomingDocuments.Page.al	48	ea2ca224dac240a6fb8d4ade37a3e34d39feb929de455b4d195033b2be523c70
Source/Base Application/CRM/Outlook/OfficeSuggestedLineItem.Table.al	4	b05c075b2b9c6a71501be15a378fdf57de4f3d9d85e7a940e8b261a1edbd55fc
Source/Base Application/CRM/Outlook/OfficeSuggestedLineItems.Page.al	56	9a1549a80e130178eae6448e5d36172c02c587efcb139dfac924a3b19200705b
Source/Base Application/CRM/Outlook/OfficeUpdateAvailableDlg.Page.al	25	8fa50b35abd48eb41d674257a2887d9c1b18855675e6f8c3c8d4b27a4c70a2e6
Source/Base Application/CRM/Outlook/OutlookCentralizedDeployment.Page.al	105	3873940d1f1fa247453f976bef4e2eee5005a256ecc730fd40c2e5135e1c9408
Source/Base Application/CRM/Outlook/OutlookIndividualDeployment.Page.al	115	18f37ff7746f5d270e1d87e27dceb27436ddb6ef5b95564fc7d98392674020c2
Source/Base Application/CRM/Outlook/OutlookMailEngine.Page.al	41	6c12b279489729bfc6574b0cfdb9dbe388ba63029e1a707083ff67302c41d239
Source/Base Application/CRM/Outlook/OutlookSynchTypeConv.Codeunit.al	592	2da75394287f126ba2f086605ab5f89a3659c8720c6dab12720cec6dda789879
Source/Base Application/CRM/Outlook/SetupOfficeHostProvider.Codeunit.al	6	e284a4de9abaec61bc02b87ab9c972f71b79db0b5b6d5bf0acd4473e4dff7f48
Source/Base Application/CRM/Profiling/AnswerPoints.Page.al	77	7909592c8fbc7e72387f20006088495a3ce4f85ee4d8877948f6d029eb4ffa89
Source/Base Application/CRM/Profiling/AnswerPointsList.Page.al	5	671399e46508b717fe50e830d2fc46282feec9ce2384a40bbcd52d2dbd0c96c5
Source/Base Application/CRM/Profiling/ContactCardSubform.Page.al	25	6f5547683274fbe63898f6ee25f1acfc416973f8457f6224602d7070be1ce1be
Source/Base Application/CRM/Profiling/ContactProfileAnswer.Table.al	93	01f5132714af3802057711536cd7af3382b5f9cf5d54d9d7c515eb9fc553ae50
Source/Base Application/CRM/Profiling/ContactProfileAnswers.Page.al	130	eb48346422e256692eca3ea9e017e5a6f7780aecc4dd65885da943a9c3c865f9
Source/Base Application/CRM/Profiling/CreateRating.Page.al	150	0959b1a1c2e0a3ff590c002ea59883d726fb3136c487816534478d0a997e859c
Source/Base Application/CRM/Profiling/CreateRatingSubform.Page.al	21	d616a9485129b50ce69c70c6f671aa2f0fd7c492a0cf4e8fd12eddf848443866
Source/Base Application/CRM/Profiling/ProfileManagement.Codeunit.al	88	312ddbfe9f145c501cbb56803d1a62644e46a693f086016d861b13f86ca1e4bb
Source/Base Application/CRM/Profiling/ProfileQuestionDetails.Page.al	103	b6bad74fb8df7d1f35813338283a6043c7523a6b5ba97276950d3c2ef44232dc
Source/Base Application/CRM/Profiling/ProfileQuestionnaireHeader.Table.al	10	a5095f4dc086af728cabb946c372bf1e71f5b2aaefa8c984912a4a79c11a3b12
Source/Base Application/CRM/Profiling/ProfileQuestionnaireLine.Table.al	387	72e57c57363e151ed5ec8abeea2871427c5e3d79213dffe13e0c006a4a8d73bb
Source/Base Application/CRM/Profiling/ProfileQuestionnaireSetup.Page.al	83	9574c39238033cd060d435e5a09e107a69cb19ee43610938305fbe0984fc06c4
Source/Base Application/CRM/Profiling/ProfileQuestnLineSubform.Page.al	34	c2337ac2e669f7d3fab544dd1476f863118d1fc902d06f352c774e12420e709e
Source/Base Application/CRM/Profiling/Rating.Table.al	31	9d77c9542dfb42d8d9d61debb60cfd0e2d09a30f7e37051a17d78abed6c3a3e2
Source/Base Application/CRM/Profiling/RatingAnswers.Page.al	2	44c3d16b26f09f872c551352055fcb4d84aada78ce6e4be147401a93235c2101
Source/Base Application/CRM/Reports/CampaignDetails.Report.al	4	09079829c82eaac1192e71a87f0af87b25a8e81d6bc5e2a7c972737afce37e3f
Source/Base Application/CRM/Reports/ContactCompanySummary.Report.al	4	f4de3524cf29168f283c23b48378f8af0f25f8d581a73f050e7c8ad9a063f2ba
Source/Base Application/CRM/Reports/ContactCoverSheet.Report.5085.al	46	03532b4b88241bc7aa59afc11466b9da9ad59b9d99bdd8ae9b6fccfbd30ccd6a
Source/Base Application/CRM/Reports/ContactCoverSheet.Report.al	91	dc8b5b459cccce5e00f504de2181a0f6147aa03f4a710338115a28f381cd727b
Source/Base Application/CRM/Reports/ContactLabels.Report.al	41	399f73f0cb83bdc349dd9e4a26e8d264daf1d9555cf5c3828d14d1e591dc851b
Source/Base Application/CRM/Reports/ContactList.Report.al	16	93d676e140490928a3c14364846386892d1a962bf2adb5d3c4fd280a96f5210f
Source/Base Application/CRM/Reports/ContactPersonSummary.Report.al	8	58b865ba34474d46c367d7f9b148591f463603f1c688e865bafb5ae41d56bea3
Source/Base Application/CRM/Reports/OpportunityDetails.Report.al	36	7553e72f99782eee4381295b6e883079b3c9421aff6f770a6ccb63c1ebf268f4
Source/Base Application/CRM/Reports/OpportunityList.Report.al	2	7c82ae36885efb475f3f2dfa49885870af826c9b61495baec1ece496eceb3fb4
Source/Base Application/CRM/Reports/QuestionnaireHandouts.Report.al	9	8b30860d4bb4dc885595afa08bfb19acf95b85c2c1d6821db5cc9fa11572aa65
Source/Base Application/CRM/Reports/QuestionnaireTest.Report.al	68	c1dd5696eb7955b56986fad37a656777668d6057a3a07d7c408f3d7525a88997
Source/Base Application/CRM/Reports/SalesCycleAnalysis.Report.al	11	ca31523c0f484303809f9aa71f44bc6bfb26ba1891963810774c1202ce4b7e6e
Source/Base Application/CRM/Reports/SalespersonOpportunities.Report.al	2	b42b82289810b6c0cf44f5538045d3345b40012d169de95e430e90c48a830f40
Source/Base Application/CRM/Reports/SalespersonTasks.Report.al	2	74b18eac37b098983c37f2f7c298c4ddbf0353bd63b7ca42af7787153046ff84
Source/Base Application/CRM/Reports/SegmentContacts.Report.al	19	db24dd73e688044b461255225fb2aa01fae6fb9f7907f96de735c4af6e0a978e
Source/Base Application/CRM/Reports/SegmentCoverSheet.Report.al	88	5ef7b8f89006bae4fb487413021b06c7bf97a554b37b6c9ee0d6bd880bfa856f
Source/Base Application/CRM/Reports/SegmentLabels.Report.al	46	824bd38fcc97e1d2a39d891f84e4353ac5fe931f7b46aed55eac1f77414339b6
Source/Base Application/CRM/Reports/TeamTasks.Report.al	2	5e7dbc90447269ad7e088ca82618d8b6ef0ffcb678a957c2e637978276a0ffee
Source/Base Application/CRM/RoleCenters/SalesRelationshipMgrAct.Page.al	29	c414d1c4d75e4045b93ba3f82139c54b8eb27fc8ff804ece449b9f90a4fbb81c
Source/Base Application/CRM/Segment/ApplyMailingGroup.Report.al	18	415eeb2e86895851e577632194bd4a841505c6d19cdb9ef7f93d494be23ba51d
Source/Base Application/CRM/Segment/ContactSegmentList.Page.al	12	65f6de35635a6ac216a59e3cf97f60a5b3f41e987b7f99835cb2c9ada5677c67
Source/Base Application/CRM/Segment/CreateInteraction.Page.al	201	3abb7bea126a8a3fb0f29307b2044e25f843aabf6decc172c14c1ff560809301
Source/Base Application/CRM/Segment/DeleteLoggedSegments.Report.al	15	b05eebac7dbd33a5bcf3f81223a42001adaac0576601a31207eabb4b00777730
Source/Base Application/CRM/Segment/LoggedSegment.Table.al	33	337eb63b382cb26ca26cd4d9ad56fd56d611057318db7ebca8bf518bcd661607
Source/Base Application/CRM/Segment/LoggedSegments.Page.al	10	d1df0d73e0e4a7ae1c0cf4d9904ec5ca570aef50cfb30093671d87cc3b066b33
Source/Base Application/CRM/Segment/LogSegment.Report.al	21	f1c61c457a8eb6fbeb5943ab368724e3592f4c0c8d7d82ee61652d1cd22b650a
Source/Base Application/CRM/Segment/MakePhoneCall.Page.al	132	336f7e00a102d1b8f7fcf16f100276b4691853712c8cfddc7ec04d9141aef6b3
Source/Base Application/CRM/Segment/RemoveContacts.Report.al	201	916622e262930d53fbdb58cccf9a27757e424477ad965c18c27b74a127b6e551
Source/Base Application/CRM/Segment/RemoveContactsReduce.Report.al	37	8c23c8495818aecffd4eefebac754c5be484b0b066a928d9804c0e79cccb5ce9
Source/Base Application/CRM/Segment/RemoveContactsRefine.Report.al	41	7279eb651fae57913ae59bdde5fe4fe4a99111a178f0a51459bd18623a27886d
Source/Base Application/CRM/Segment/SavedSegmentCriteria.Table.al	6	e71d0f1e6931dd97772e380325be6cda88249902239e1f910311efd3683b636c
Source/Base Application/CRM/Segment/SavedSegmentCriteriaCard.Page.al	2	aea3fed537646dbc9edfc734bc048b920485872d99910a0cf797806c340e7e16
Source/Base Application/CRM/Segment/SavedSegmentCriteriaLine.Table.al	3	802cb9f06ec8288bd104e9fad99d5cb164737ad962fac67e43b9a8105932ea47
Source/Base Application/CRM/Segment/SavedSegmentCriteriaList.Page.al	2	86f14e74521dc8d721f3f2035eaf75c723f8adb889474c78955a8a0e5182fe2c
Source/Base Application/CRM/Segment/SavedSegmentCriteriaSubform.Page.al	9	cdb76f888217b85a730da1828dac7f8210e6e3ed5f170e23972c51418a5de323
Source/Base Application/CRM/Segment/SaveSegmentCriteria.Page.al	25	852fdfd51c0267c08472418ad879376ad6647c4d17ceeec9688c695ecbc358c0
Source/Base Application/CRM/Segment/SegCriteriaManagement.Codeunit.al	108	f4dcfb2b764ac4694af0cb36b575f47011c9b813cc7cd6070bb15925c1879b0e
Source/Base Application/CRM/Segment/SegHistoryManagement.Codeunit.al	60	160e829344b429b711ff0dbc356ee55115b072b1a21d6a2d7c7eef48278fb51d
Source/Base Application/CRM/Segment/SegManagement.Codeunit.al	558	8ad3d5ffdc0b6701f14b4863608b4feed33909f11c4e833243c65e2dc696d852
Source/Base Application/CRM/Segment/Segment.Page.al	243	d35c6f7a4208715f29fdae92d817ea189b2cf7c547aa1f6ce0b108979e76c35c
Source/Base Application/CRM/Segment/SegmentCriteria.Page.al	15	f8a2416a91de36dd5725eeafcac6ec9c15f36a06a11056fe69ce1ebf4d1340bf
Source/Base Application/CRM/Segment/SegmentCriteriaLine.Table.al	1	1899d67e1ff927d7941aae811c7f463c02cdcdb03b5360f4ce4b8f8d8a0bdfdf
Source/Base Application/CRM/Segment/SegmentHeader.Table.al	592	e80da5730e1f08b36888c31e545deaadfa50df22975c22163a7501b5a26a498b
Source/Base Application/CRM/Segment/SegmentInteractionLanguage.Table.al	356	26b983857cf5a44c12d3870e7488d8ba51e1349d1e49304fe9898ce4afd0d1bb
Source/Base Application/CRM/Segment/SegmentInteractionLanguages.Page.al	19	4c833d2ad2ee33ab3c2422e1e5a2f3877e73fcd8a3a2de5e3c6744b9900665c5
Source/Base Application/CRM/Segment/SegmentLine.Table.al	1248	f26e6b52e4b6a1ddc47566f9057ad60f6b43c885c718a43ccd5aa25cdcf97d93
Source/Base Application/CRM/Segment/SegmentSubform.Page.al	59	3e23d4030bd818b212c5f47edf1bfe94635f4282575f5c15940e26349b3da90b
Source/Base Application/CRM/Segment/SegmentWizardFilter.Table.al	8	46be5396af3960d72092536ae15b3da5c99dc7f8e7f24198b039c3c5846e5753
Source/Base Application/CRM/Setup/CRMDataClassification.Codeunit.al	284	03dec335ee8e53a7f85d995cd0755327f00c0d192169876d4458b30240748efd
Source/Base Application/CRM/Setup/JobResponsibilities.Page.al	6	6e75d80a01ef16c2da21bf18e49fcc096337a8c1c252b9fdd42d86d41d1fa806
Source/Base Application/CRM/Setup/MailingGroup.Table.al	3	84fe8fa8e51788318d410cd470c1a4a04b5b7b99b4d449259cb9d32f4b290ed8
Source/Base Application/CRM/Setup/MarketingSetup.Page.al	41	e967105b000a9784ceeb5faee1ef8797aaed20c563800da1c3774a169c9fdcce
Source/Base Application/CRM/Setup/MarketingSetup.Table.al	46	5e8be76b7a1d88b16a3794c90f519c7635ba373ded84e2d9b9cb6167c8859f85
Source/Base Application/CRM/Setup/Salutation.Table.al	3	a0b6673fc5b84c2e68244e072a3ff7fe48834fb1d95e7c5e40a3921a699caf65
Source/Base Application/CRM/Setup/SalutationFormula.Table.al	2	1193b8ea57957a9519fea9b0de3d515c5f226a1f6e5ed346a2275985ea4a35de
Source/Base Application/CRM/Setup/WebSource.Table.al	4	8f7ef4159920192a3862d86513f6896f35f489ccd496f0784a9271d701d4722c
Source/Base Application/CRM/Task/Activity.Table.al	9	017d049edeb309a7fd2e95e0bc7ce6ecb44ccbe8300cc1b3b47c485b36744bae
Source/Base Application/CRM/Task/AssignActivity.Page.al	155	c0cce37718dd70715380a3b2c8043f9349efc3ae78909afc4ae55b904247a7bb
Source/Base Application/CRM/Task/Attendee.Table.al	156	f9b77a8dc8e10d67bf13d3f177bbfd230f59462597acf59ae2dbf91692a8d594
Source/Base Application/CRM/Task/AttendeeScheduling.Page.al	81	cbbcb02304a97455b647e7c4503a5c8752208a7fb248a36d4edf1a22167f21b1
Source/Base Application/CRM/Task/AttendeeSubform.Page.al	41	057aa385545558a8ac006aaea4cd3edd43e852db2b8bd87c52476580aca5b78a
Source/Base Application/CRM/Task/AttendeeWizardSubform.Page.al	74	0b9198f88507216645ac8df4f960b922091b921ef21079909d7c90051eefaf4a
Source/Base Application/CRM/Task/CreateTask.Page.al	267	5909d34ea22d4b9d75910d64d7943f49798828f958721af8b981e7c8d3dabd4a
Source/Base Application/CRM/Task/DeleteTasks.Report.al	7	6414594c99c16dab88dd2897d293431dba8b0330653e827310e9cf2e653c17d9
Source/Base Application/CRM/Task/TaskCard.Page.al	218	2bca92e3571a87f30b48a221ff7d65b4937a7a0deacb6e6356a51698cc474be9
Source/Base Application/CRM/Task/TaskInteractionLanguages.Page.al	39	c3eca2023fbadd63070c93b312eb8a10bcaacd83a9193054fdf5633e3267e15e
Source/Base Application/CRM/Task/TaskList.Page.al	75	2052410709a3e0dda5a59e8418455f7a9adfabf4b7476100cb89cf72f8000709
Source/Base Application/CRM/Task/Todo.Table.al	2109	ddfc2c0cd1e53685e987c27a7c0ce466e27671c26efd9d1ffccb76d315d5bf58
Source/Base Application/CRM/Task/TodoInteractionLanguage.Table.al	108	94f73029500263063301e2859557aba6974f8f7af3246a0fc16ed98812b41ead
Source/Base Application/CRM/Team/SalespersonPurchaser.Table.al	71	8e732bd2e619c97b0a85dcb4b06f59d83d6f11afd7af6e5f2e38a8e8d39f5b46
Source/Base Application/CRM/Team/SalespersonPurchaserCard.Page.al	32	83f897df24188c90a2b7be314c869a92ec27cd474be726bc7a402a2aad070211
Source/Base Application/CRM/Team/SalespersonPurchaserPicture.Page.al	45	fcaa5fed59dd37ce25d53ad213a7bf68a25132d46f8161bc9e918ece772689bb
Source/Base Application/CRM/Team/SalespersonsPurchasers.Page.al	50	efcb2e3e0a6c14f855dbb9a3e174a4dd8af49e294acb4ae6a840810ade1ed275
Source/Base Application/CRM/Team/SalespersonStatistics.Page.al	11	167773c1ec6ee868f32e254961703b7081eca2e0413003d8d555e3088f4465c9
Source/Base Application/CRM/Team/Team.Table.al	4	3a39d60012920e69cc72d65def8174c5b7ebe2293e616610bf18848caebf4e0d
Source/Base Application/CRM/Team/Teams.Page.al	9	b6f55298af2c25952d4cf2a9a1200f640e576176240e0170781779a4536d68db
Source/Base Application/CustConsentConfirmation.Page.al	20	fbc586dc898a45c93bb4672b1516c2d5bb1176f579bbc90a59bcc26989516f8a
Source/Base Application/CustomerConsentMgt.Codeunit.al	27	de5fb7338585d2c0cd40aee63a7dc289cdcd52294c51ccd527d535f2f6219bac
Source/Base Application/DatabaseAccessIntentList.Page.al	48	0d734edc0a890edb380599cc540f2d5792990d44b5c3a725a988b3534649e4ca
Source/Base Application/DataClassificationWizExt.PageExt.al	84	33b71cb57f4dd29588de1ae02812be4ff2b95ea78de7188dd7861b075d77a23a
Source/Base Application/DataClassifImportExport.Codeunit.al	148	c2c194037cf410e69ec7ea1caf2cd4b3c5b8015013ffe04d40375cca599ef60b
Source/Base Application/DataGeoNotification.Codeunit.al	28	0f884802d7975fbfb872cb9e0a7a0ceab83b7dab4d6a144275c9874e7191a706
Source/Base Application/DataMigratorRegistration.Table.al	25	31291de32670a4d37a2153ed203a3bbb872215252ad6f44d6ace2af83557a843
Source/Base Application/DataPrivacyMgmt.Codeunit.al	312	d35d9dd5d8d25e6b3c1811bb420b3498e1e43dc9e84d73f4791a58ef05cfac7e
Source/Base Application/DataPrivacyWizard.Page.al	332	ba3408599801fd7bf5a2385d96bdc701f8f477ccaa20e51cc755cb366cb91b47
Source/Base Application/DataSyncStatus.Page.al	19	ae52994e3a04c87fa376fef3fc0a8f44932cca10530a5d3bd2b8e80656ef9a72
Source/Base Application/DataUpgradeInProgress.Codeunit.al	3	436935e19f698990962b1c1cf55e7a8bacc23451ee1af0bb52b5d36fc8635570
Source/Base Application/DataUpgradeMgt.Codeunit.al	10	87f9e41a9523cbf9885f2ed5318bd24e66b98768e06a0db1c584e24fcc5cc021
Source/Base Application/DataUpgradeOverview.Page.al	5	ee124a7e8541b5d64c2da911516a24af10d768f70b5cb2ea58950c6c949a0327
Source/Base Application/DictionaryWrapper.Codeunit.al	74	917faa43251c8680bbd179c8ae7b9cc85824202a7e85b1cf3d34e3d14d2bf693
Source/Base Application/DocumentMailing.Codeunit.al	248	10df76858c0caa1c1f65725a54eaca0e97a5fbe0af7b05083acc109adcb0fd8b
Source/Base Application/DotNetHelperSecureString.Codeunit.al	6	bae702db2befe7e539654b93b912a44cef2f73ff04c0892895b3ac81970ddab9
Source/Base Application/EnvironmentCleanupSubs.Codeunit.al	31	122dfc33a1e9eb4904a552b2d946576504cc488866112ddec2fe6f269466cb43
Source/Base Application/eServices/EDocument/CustStPDFDocHandler.Codeunit.al	17	80e13a2cb782b382da6cbaf8311644f38fd476b83c02145a26c7258f68f9dc31
Source/Base Application/eServices/EDocument/DefaultPDFDocHandler.Codeunit.al	7	ae9980b5b182902d6dda7751d31585d180e3b37f3542fadb68fc09f8d44826f7
Source/Base Application/eServices/EDocument/DocExchLinks.Codeunit.al	56	8fbbf186b0726ee24118f28e5e680e221c265103ce83e9691aaec699268dec4e
Source/Base Application/eServices/EDocument/DocExchServDocStatus.Codeunit.al	49	75d6eeef2e128297ca1dc4c4b4bbe3381c885862c3cc9e19d9046f240dd295d2
Source/Base Application/eServices/EDocument/DocExchServiceAuth.Page.al	47	64b24fa5e9e8b2d910fd323e7f67b56776021712cc7e3723e4c089d77c4bd42f
Source/Base Application/eServices/EDocument/DocExchServiceMgt.Codeunit.al	899	e0c407e76d98a6acc2c7bbaf889fdcdc7e3d36e3ea34598f147a1264f11900ba
Source/Base Application/eServices/EDocument/DocExchServiceSetup.Page.al	158	601180672d118002d06c6d6491f89da36539143e49c136d451fb56603a5fc7b5
Source/Base Application/eServices/EDocument/DocExchServiceSetup.Table.al	230	d77860998993c77cb08985a9fdba0abe12aee2bdfb7a6e9474d65e4f0041db8b
Source/Base Application/eServices/EDocument/DocExchServRecvDocs.Codeunit.al	3	a107e4579abf4370910c0ffb02767f0e6c9bb634061675835b5666efaa000b3a
Source/Base Application/eServices/EDocument/DocumentServiceManagement.Codeunit.al	719	b505ccac08155ce8003b84beb00ea456740e8232f8ad36cced222b80cd438ead
Source/Base Application/eServices/EDocument/DocumentServiceSetup.Page.al	302	8eb144569d1a3da1a326c471a00ec357582b9f33cf9d53a9371f927465f3912e
Source/Base Application/eServices/EDocument/EmailItemAttachDocument.TableExt.al	40	81f44df35aa2a2575a681db805e57d76f7b09251f970634ee9a36012bb2adbae
Source/Base Application/eServices/EDocument/ImportAttachmentIncDoc.Codeunit.al	312	caff827ecfea413e2672c523eac4feb95a2596a36badcd840b16f3eac7cf6d71
Source/Base Application/eServices/EDocument/IncDocAttachmentOverview.Table.al	98	676c564d277005463c854a1d4c755f4f3c8a5e7bb7ebdf9fc3b55c1ef0982fb5
Source/Base Application/eServices/EDocument/IncomingDocAttachFactBox.Page.al	155	113b90caf851702953df5e829926e2ee100756ebebfa6a9287d623f710fc14e0
Source/Base Application/eServices/EDocument/IncomingDocument.Page.al	202	3d7228802fa3fcfeb6f249be211799e3c5b7668757f28650575b12f6ca45a235
Source/Base Application/eServices/EDocument/IncomingDocument.Table.al	1121	cfb54d1d1718cf829c1ab45504e01741364d1c8d731e0479f8ed82dd4280fbdd
Source/Base Application/eServices/EDocument/IncomingDocumentApprover.Table.al	11	5cfa825dd7beaf5211ae60e96dc7f92a240e20bd7a52a8c13a8024a9983afba9
Source/Base Application/eServices/EDocument/IncomingDocumentApprovers.Page.al	13	63cbbe6a2c7857dac39faa28e0c97408e95150135032b4fdd0a233cf261a3cc2
Source/Base Application/eServices/EDocument/IncomingDocumentAttachment.Table.al	316	406cc66389c1fd86e344ea7fb0abc4ce0d24f37676a7728de055d6f8a70900ee
Source/Base Application/eServices/EDocument/IncomingDocumentAttachments.Page.al	11	d25fe232fbdb1f6937b6733bd4beae20849b2aa82e04199b27973e420c519a39
Source/Base Application/eServices/EDocument/IncomingDocuments.Page.al	203	54e2dfb7345932c7fe0036b6cbb52a80197ff6de62acb685377c8f41ffdd062b
Source/Base Application/eServices/EDocument/IncomingDocumentsSetup.Page.al	6	80983b1d26adb8d92b78a9f5409446c321d058541c854f5cc540eb6dd60c6b20
Source/Base Application/eServices/EDocument/IncomingDocumentsSetup.Table.al	30	54ccba636ac86f92f2953db67c3f46f18ffe934479593bd9b356c99dc7b87d65
Source/Base Application/eServices/EDocument/O365IncomingDocAttPict.Page.al	10	bff4c9f636151497e8777bd3c14dd7f326e4be2d1602d16e8bd567dd5fb5e648
Source/Base Application/eServices/EDocument/OCRDataCorrection.Page.al	14	b5472e0a249169389e6e765b3d2bf6121d27743a2ee7498ade6bb29b26873ab6
Source/Base Application/eServices/EDocument/OCRIncDocviaJobQueue.Codeunit.al	57	7f45887a30ec5b984e352f87380a5b14f815b37b229e0b11cd49d1e0a9a35059
Source/Base Application/eServices/EDocument/OCRReceivefromService.Codeunit.al	20	76d75d293e7e67f281837fee0a5f7031c145945160e1c01fedf58198f3015763
Source/Base Application/eServices/EDocument/OCRSendtoService.Codeunit.al	36	d0e86b3c29bc210c8d81c991fd2c29610b1b06d320b304e6fe1beb1a8fbd9bee
Source/Base Application/eServices/EDocument/OCRServiceDocumentTemplates.Page.al	2	544e17709a96ce8acec2d12a251496cb7c2d5771434c8e794f5e9020cc1d2764
Source/Base Application/eServices/EDocument/OCRServiceMgt.Codeunit.al	813	8c1617c67907d36c16ca45c871a7e9941a6f10aaeee4ce3073b3b0767380ed2d
Source/Base Application/eServices/EDocument/OCRServiceSetup.Page.al	102	22c64f66f12718d04e10c6cb3c2b32aaea784a8541d3934ff710350e16100a90
Source/Base Application/eServices/EDocument/OCRServiceSetup.Table.al	131	9ac8dc6feb066522a26c0d1a9a72d6af4634ab6985546237d6e301f069fae059
Source/Base Application/eServices/EDocument/OCRSyncMasterData.Codeunit.al	89	7a582f5dbf092f29aad427da00c93adc3366e0b78b5f7ea1eebee68378a71ac9
Source/Base Application/eServices/EDocument/PDFDocumentManagement.Codeunit.al	101	5c9ae09a599b22037378529e5b57d7dfa6c9fcfc8fdd6545df1eb02127efd021
Source/Base Application/eServices/EDocument/PostedDocsWithNoIncBuf.Table.al	76	7f880ac16aa11a1b6c00f467cc61cb96ff37d7a25f9758a1f528a55d53da581e
Source/Base Application/eServices/EDocument/PostedDocsWithNoIncDoc.Page.al	60	eec281a6ece25a3d3b088416d59004cddcf55296f2d89b4dbff46bb6bd11e5fb
Source/Base Application/eServices/EDocument/ProjectPDFDocHandler.Codeunit.al	10	0b541515cb681775ff5bd9bd6074b77445cf1639359d9eba68602868afed0e3f
Source/Base Application/eServices/EDocument/PurchCrMemoPDFDocHandler.Codeunit.al	13	d145ee2fc7bd9b15810ec41b869c331842a2a56ca391e15f180c227e261cb82e
Source/Base Application/eServices/EDocument/PurchInvoicePDFDocHandler.Codeunit.al	16	1fd4f4d631039e08ec137f0a2428cb5e2b2e47e755a9bea9fd4850fbc67f6349
Source/Base Application/eServices/EDocument/PurchOrderPDFDocHandler.Codeunit.al	11	8830ff1c61f8a91456466d84e1c809ec2831a81c5d5e07a3b7529e462cedf88a
Source/Base Application/eServices/EDocument/ReadSoftOCRMasterDataSync.Codeunit.al	374	e0c3e680fa655d02fb47b75a4f45d4d075ca7df2c317cec6136386711b53fba2
Source/Base Application/eServices/EDocument/ReleaseIncomingDocument.Codeunit.al	65	1fa10ad8577b83e627b20ca00fa16afac778f0a6dad78df3572ca52556d99775
Source/Base Application/eServices/EDocument/ReportInbox.Page.al	19	8e778bc2b39bdc31f4634a88b5158a51d38f8aa2166b7a3be4f0142620485231
Source/Base Application/eServices/EDocument/ReportInbox.Table.al	53	985621411e22edfc14fc054d2bdfa469c3b9daee761ec4db01c711d5aae8b9ab
Source/Base Application/eServices/EDocument/ReportInboxPart.Page.al	52	5588a6ae5344f98f896975f38641931bbee045058813e4c2f9c6a2f9ebdd7e9d
Source/Base Application/eServices/EDocument/RetrieveDocumentFromOCR.Codeunit.al	2	d7d3985932c559190821f52bb948c18a981dc27eb4849a7de5391a77591e02ba
Source/Base Application/eServices/EDocument/SalesCrMemoPDFDocHandler.Codeunit.al	13	d66903fa5ef2aff3f400b576b5d5bbf8522cbf872d3549d7abacd3874497845d
Source/Base Application/eServices/EDocument/SalesInvoicePDFDocHandler.Codeunit.al	18	36d88be204874530a830f093576c441de147000d2ba870dd46708c91ed8625e2
Source/Base Application/eServices/EDocument/SalesOrderPDFDocHandler.Codeunit.al	11	7e1fe9060914e7c97b353344b50b6775c34c39f8a0bdba408413117311b31269
Source/Base Application/eServices/EDocument/SalesQuotePDFDocHandler.Codeunit.al	14	cd8f777c07d6a7ddb0fa94ddce4fe516a0dd0926079808d211ec49ff05da2792
Source/Base Application/eServices/EDocument/SendIncomingDocumenttoOCR.Codeunit.al	144	544d35d503560bcc4f41e545504337c23f0f8dae0507461e3bbdf95d0f39f86e
Source/Base Application/eServices/OnlineMap/OnlineMapAddressSelector.Page.al	134	bd46d3d3642acab6a6563d0a3dedaf984307a161b4f5dd6f72c0e2db1b43165f
Source/Base Application/eServices/OnlineMap/OnlineMapLocation.Page.al	28	162ee86fd379637de26c5560722b2e6600a9edff182843d99f4982c28eee930d
Source/Base Application/eServices/OnlineMap/OnlineMapManagement.Codeunit.al	251	28b1aff8969f871c66a1363c1260080513027bb1afc5cffcb74d78317a79748b
Source/Base Application/eServices/OnlineMap/OnlineMapParameterSetup.Page.al	5	d6ff47f64fc904e734b6e7fab7e0eca45305f6ff952778ff6f380d6fbcf717fe
Source/Base Application/eServices/OnlineMap/OnlineMapParameterSetup.Table.al	19	a21a166da33f0db0c0f083b4c7e3a53183b31a50b193812fb8aef5d433e64fcb
Source/Base Application/eServices/OnlineMap/OnlineMapSetup.Page.al	15	1f96ed7b6776c0aeae6d4edaa20b302b43e48a3f61ba080778ba2d3dbab7ab29
Source/Base Application/eServices/OnlineMap/OnlineMapSetup.Table.al	8	b883ea26e6b0b053705a01ce7418efc3c2bcad1194ded76a8283b8eeb5db02f6
Source/Base Application/EventSubscriptions.Page.al	8	dc30188e1bf450646b62c0c12722b2ad5eae200f66e09ceb6a1ef040fadba0f1
Source/Base Application/ExcelDataMigrator.Codeunit.al	510	584e03c50612cb846855c83921131c9ed1b3e63fd95b42f26ed2c15c57b9d153
Source/Base Application/ExcelPostProcessor.Codeunit.al	29	a6033e62097dcaf24d30ef93ec5c99815be2ab250a8cd3b0011a61d3ba59d947
Source/Base Application/ExcelTemplateCompanyInfo.Page.al	7	83e488b1c457c76f75f16e78b3028d01786b4b095009b302c12cba1e363ceba5
Source/Base Application/ExperienceTier.Codeunit.al	25	1f6a449fc4f193e785734b1eee1d7da03fb3cfb9269f97b2f0de4040a858ba09
Source/Base Application/ExportData.Page.al	57	7e1b61e0cb12059f3c4a616a945869e18c37b3ad8953c64b1883efb376dbc9df
Source/Base Application/ExportGenericXML.Codeunit.al	252	f032f37ee4aacaebc5e41aa87bba4995cd3af937684a1942ee75198a5f9596fd
Source/Base Application/ExtendTrialWizard.Page.al	32	26771a16dc6aef7c3dd12d864d64116a4224395a108a47d8b6b10dc1102ef68b
Source/Base Application/FeatureDataUpdateMgt.Codeunit.al	54	fe4b7b55a6e8a28baffe292f0c04d7994c23a683031f8fe2a72bd7eb1bbfd306
Source/Base Application/FeatureKeyManagement.Codeunit.al	36	05353b3127f94687df576e904cb60dd5370dcfad0e4eb3d7afad0afad930a3af
Source/Base Application/FeatureReportSelection.codeunit.al	84	04252c3cc91379094b0798a062d4dbf48290acce8e4fbbafb2f7ccf72438032c
Source/Base Application/Finance/AllocationAccount/AllocAccDistFilters.Page.al	10	cbc6fd1ff5df7225130969485b722905b69bb48a7c842a2ae3d6d1a2284fbaee
Source/Base Application/Finance/AllocationAccount/AllocAccHandleDocPost.Codeunit.al	23	005d662bbbab2654f51faed5fb8a1f1fb96f7c9d2922d134771fd0164a092d79
Source/Base Application/Finance/AllocationAccount/AllocAccountDistribution.Table.al	158	b6592e6fee4b11b61ffe8c7c5604101ba4ccc8b66ecf3109b76e7bdd0e42e428
Source/Base Application/Finance/AllocationAccount/AllocAccTelemetry.Codeunit.al	25	058f169f41ed753c7de6a34205dd0323c365a2868197ecac017453116ccb468b
Source/Base Application/Finance/AllocationAccount/AllocationAccount.page.al	10	564de31e8966a321899469b824ee2e176e30896db8aabf83a35bd94298388714
Source/Base Application/Finance/AllocationAccount/AllocationAccount.table.al	12	0821efd2044411ad672987bb7dfcbce6a0cffdf029a5bc567341dac850b81976
Source/Base Application/Finance/AllocationAccount/AllocationAccountList.page.al	2	9c023b92f341a54067b45df96352498e9add08909a30717569aba07f5202a5b4
Source/Base Application/Finance/AllocationAccount/AllocationAccountMgt.Codeunit.al	113	d9716992d7b39d6aa0f96a13e17b3b426e72495af62cfa375c2a4f7ff4f1db40
Source/Base Application/Finance/AllocationAccount/AllocationAccountPreview.Page.al	20	e3bbce391ee3cad3297abc70f1a2f8df43d8345a9ba9396afdae7557a842cd14
Source/Base Application/Finance/AllocationAccount/AllocationLine.Table.al	74	d870726179be2e3b4a977e35623e08c01f7e66d18fc9de1e83b29394b7962a90
Source/Base Application/Finance/AllocationAccount/FixedAccountDistribution.Page.al	13	32b1d69f10ec551b3fd7c8a293e7bcb97d8f92a0bf0295fd37f01f1fa1df2eab
Source/Base Application/Finance/AllocationAccount/GenJournalAllocAccMgt.Codeunit.al	381	886097a9f901afc86119ee05b3793d01e39626aec15db63861a9b3116683dbac
Source/Base Application/Finance/AllocationAccount/Purchase/PurchaseAllocAccMgt.Codeunit.al	508	c8bdadb89f722bce5e2394ffd588924447653375f97a3c0c2317e46c15682a9c
Source/Base Application/Finance/AllocationAccount/RedistributeAccAllocations.Page.al	91	746c29e27f0cd26acb0de017375a4023e068dfe5e815c2afc8ef4e5c9e1ea26d
Source/Base Application/Finance/AllocationAccount/Sales/SalesAllocAccMgt.Codeunit.al	486	a8e19fb426b459905d701c4bf40cbd36b11f9952a5874c041b9a254654ae0856
Source/Base Application/Finance/AllocationAccount/VariableAccountDistribution.Page.al	56	35fb6d48ea1738e7f65e8cc2d94068ca7750afdcf338318b875a5e65edc6c16b
Source/Base Application/Finance/AllocationAccount/VariableAllocationMgt.Codeunit.al	205	91a2917fdf52a249c5bbf1548ba4a310564e19ee7cfb7e8067b3568fcf5a36fc
Source/Base Application/Finance/Analysis/AnalysisbyDimensions.Page.al	726	2c1eb5cb76dc605eedd85a0860f787a22cfefa9fc3cac269d4f39f41b2562eae
Source/Base Application/Finance/Analysis/AnalysisbyDimensionsMatrix.Page.al	805	fff695c4e0d6cf0e50939b8ca21ec76e2f276981e97a5a757912255e64ad174e
Source/Base Application/Finance/Analysis/AnalysisByDimParameters.Table.al	5	3ac13581126d2e4e5eff4d7900e96dd86ad6b4ede6c00bd6824e4a12bda223cb
Source/Base Application/Finance/Analysis/AnalysisByDimUserParam.Table.al	46	924953de2ece37ee45e74f552023da128e5ac6ea186e89e3fa3612e7d1eb3233
Source/Base Application/Finance/Analysis/AnalysisView.Table.al	622	14a8498da9b64f45eb257a4c11b89ff54f98801f9e4d9ea9c462f34469a60d7b
Source/Base Application/Finance/Analysis/AnalysisViewBudgetEntries.Page.al	7	680af602bf982ac1549e6e97adf7b44027d502e84b480b6d63e19a8c23063d38
Source/Base Application/Finance/Analysis/AnalysisViewBudgetEntry.Table.al	13	eb9b3054f693a934c2610ee0013fe9fadf2491170f2cafc9e8525d6152ba3221
Source/Base Application/Finance/Analysis/AnalysisViewCard.Page.al	24	ad070eaf4457b17de46cf3701d929f8f6b95697d513b351e5d88d8f6291115ea
Source/Base Application/Finance/Analysis/AnalysisViewEntries.Page.al	2	2f9c4e9d28f84769a3282d563fca248afc78291a7950c47ab8daa35c399ccb36
Source/Base Application/Finance/Analysis/AnalysisViewEntry.Table.al	70	e5e2155746fd6dac0c7814baa9c3e06e1bf36a22677bf9badb474e5865728e37
Source/Base Application/Finance/Analysis/AnalysisViewEntryToGLEntries.Codeunit.al	124	524ba5fb076039042e02a2ed09570d1618a7e7cbce9ca9011479e41624b3fa2e
Source/Base Application/Finance/Analysis/AnalysisViewFilter.Table.al	35	9a0a8bd19add4665495c7098e40c9f2664c1bb2817634c8db49f7b52cbc21a21
Source/Base Application/Finance/Analysis/AnalysisViewList.Page.al	5	aa125d838445f38201e7de8c70f1848b27a8cb42b936710eefcb450431325b43
Source/Base Application/Finance/Analysis/Budget.Page.al	648	60dbd731fea5b8e05020e7d0ac4192c01e9e56bddaf6080f339bfe393e63ca18
Source/Base Application/Finance/Analysis/BudgetMatrix.Page.al	524	a32879223dff2e6e9899d2ab997017009d5ca7f6a5fd2c28f69c1ffb5c0126c4
Source/Base Application/Finance/Analysis/ChartofAccountsGL.Page.al	12	7483047f34ece45563461dd87bb3135643f62f5c944a547ffcdaf2f91e0e433d
Source/Base Application/Finance/Analysis/ChartofAccsAnalysisView.Page.al	36	e94505db0f801910d52d68b4c394868f41bddd8d49d431b2147640418989cce0
Source/Base Application/Finance/Analysis/ExportAnalysisView.Codeunit.al	718	3bc565e62edbf884082ef319da63b9d007ab8d1174e792b1e575629421dcfd24
Source/Base Application/Finance/Analysis/GLAccBalanceBudgetLines.Page.al	117	9b5065f9559ef20742bd5eec1e8cd6c5a41ddea32bc7b1a37c26c662ef99eeb1
Source/Base Application/Finance/Analysis/GLAccBudgetBuffer.Table.al	15	510b2020db5d4d3e69cfcaf6bf8387efaddc3ef4c41c88ddc787eeeee12a2ded
Source/Base Application/Finance/Analysis/GLAccountAnalysisView.Table.al	31	88f1b6851458ecd722e5b756e33f49574d8b30729ca875c71ce39bd6b4ea8682
Source/Base Application/Finance/Analysis/GLAccountBalance.Page.al	58	15c026532d86a8e2d9a5cec83c7bd0a2d3655ba7e297c0609a20e9cb4f10d779
Source/Base Application/Finance/Analysis/GLAccountBalanceBudget.Page.al	87	5ec4631a879adca98bafd673387ed3fec778eee265a9da124a75eec992578919
Source/Base Application/Finance/Analysis/GLAccountBalanceLines.Page.al	82	1482b76acaac274496c485e5b6592a55f1cc05fdd550150e8f9722ccfa4f64d9
Source/Base Application/Finance/Analysis/GLBalance.Page.al	125	7c7ee39895ebd3004ee19fbed398e083718eddea85be59add93b5f0548e9c573
Source/Base Application/Finance/Analysis/GLBalanceBudget.Page.al	254	b8cf04ac4bd102200ddd8f3c9f9dc692f1a8530308eb3a7e1aae378d2b435975
Source/Base Application/Finance/Analysis/GLBalancebyDimension.Page.al	508	1002b0ab8f79c6b006d29196fc81c00d6b14673f176c69d15b8cbbcd7f832e0c
Source/Base Application/Finance/Analysis/GLBalancebyDimMatrix.Page.al	834	af968fb021eb9e97b3f6338d6d435e15f2784558742d09c5b789345f69a37114
Source/Base Application/Finance/Analysis/GLEntriesDimOvervMatrix.Page.al	310	9319de2d329df8791c14cfb857c91755f5edf7f1112ab73f3610553fd1af5b53
Source/Base Application/Finance/Analysis/MatrixManagement.Codeunit.al	414	83f8e7036b6605d2fae7b0ce8fd983f4032c01f1e8d5b45979c0aafae4451560
Source/Base Application/Finance/Analysis/ReceivablesPayables.Page.al	54	a9146947835e77b63c25c07da4c01c9e16e4ef438607b0e3dce7a7aa42ae84b7
Source/Base Application/Finance/Analysis/ReceivablesPayablesLines.Page.al	53	102c9585588758251a3b3f21fba4dd7f89e93cc02131d469af3d0f2823e5768e
Source/Base Application/Finance/Analysis/UpdAnalysisViewEntryBuffer.Table.al	2	575051f8b9a7f8cad8fe3f79c7d022cbdb6869da6c5b14eadb8a1874710bf55c
Source/Base Application/Finance/Analysis/UpdateAnalysisView.Codeunit.al	491	a0305d1ecf8384246afb7515c8947cd54b8492b44f5cbad1fbc81b32394c5209
Source/Base Application/Finance/Analysis/UpdateAnalysisViewBackgr.Codeunit.al	8	5ab2f0c01d14020472af5dea43762af759c5e38accfe9ad7f0fe47140fef23bc
Source/Base Application/Finance/Analysis/UpdateAnalysisViews.Report.al	17	91c80fe496055e0f20a70d95d5395280fbcca4799b4180d55ed2bd036a24610d
Source/Base Application/Finance/Consolidation/BusinessUnit.Table.al	80	b7d9919437e579c7f39f3ddf1590e0bc8b5be6443ba8cf0dc76fff51dd83f16c
Source/Base Application/Finance/Consolidation/BusinessUnitCard.Page.al	49	9dd1a8a4c7def8bea6d792bd734c311a0b572fa7e67843c222a737b83455fb04
Source/Base Application/Finance/Consolidation/BusinessUnitInformation.Table.al	20	eeded4b163bc84d14bad62329edae95380adcf7356d0d1639dd9a1af5b943825
Source/Base Application/Finance/Consolidation/BusinessUnitList.Page.al	17	21a5d161c1864972c327951a33901773d92bf195fb45a1092fc4d39b2e2fca82
Source/Base Application/Finance/Consolidation/BusinessUnitSetup.Table.al	13	5d4be370d5613e85c32f4b9fc90fe07dc2d02ff6b478a753a7cde8ab67a3a45a
Source/Base Application/Finance/Consolidation/BusinessUnitsSetupSubform.Page.al	3	7e69ed4d33fdfb836b8f42c4053f3d3d3235d8a1207b4b2dbb1248069804ee6e
Source/Base Application/Finance/Consolidation/BusUnitConsolidationData.Table.al	4	e62bbbbfc2cfa7cafc0d75df3740978a3a08737bc0018ccd387ee7163c71dab4
Source/Base Application/Finance/Consolidation/CompanySelector.Page.al	7	2630120696a32b86b44da99fcb765878312d6548832a1f56d748b1f6e406c237
Source/Base Application/Finance/Consolidation/ConsForBusinessUnits.Page.al	1	f27beed3605ae17d5d0754059c482afb894731288f3b5550ca0989e561dffe26
Source/Base Application/Finance/Consolidation/Consolidate.Codeunit.al	1086	8e7a2724291dfe51d93e659d469b0c6860a025dcf6e4d48560a2b97925ba979d
Source/Base Application/Finance/Consolidation/ConsolidateBusinessUnits.Codeunit.al	207	34063557526d8ed627835bee2fdfa8ee4c93232409d465997f67c7622544dee3
Source/Base Application/Finance/Consolidation/ConsolidatedTrialBalance.Report.al	69	79b817bc266861e334f1d7cab1b2b35636009c52e5040dd98fdc7ac478937d12
Source/Base Application/Finance/Consolidation/ConsolidatedTrialBalance4.Report.al	74	d541ec870f3ae31c33f890b38c7913fe792a25978778c05240684de13b9c467d
Source/Base Application/Finance/Consolidation/ConsolidateWizard.Page.al	295	5f655f279d047557329791d7f67bce38aa244965dc443b9459767be9db4567db
Source/Base Application/Finance/Consolidation/ConsolidationAccount.Table.al	28	6f9eb3d2c23a0bdc986e94570055e377493aa9d6c3d75f715258c66e534a4f63
Source/Base Application/Finance/Consolidation/ConsolidationCurrency.Codeunit.al	22	2fcd8a3969c76c444c8afe7710ec8d77a71130f39e357ac08cef3002daf27f79
Source/Base Application/Finance/Consolidation/ConsolidationLogEntries.Page.al	5	3abf911f0c7a58936dc2f54c71261bf4a30bedb4c4a670d1227f8b41a1189285
Source/Base Application/Finance/Consolidation/ConsolidationLogEntry.Table.al	8	6ad9a7a379a69ce5c96a03c446031ef6561f637d3f64855e0c9f48df70c6eb2e
Source/Base Application/Finance/Consolidation/ConsolidationProcess.Table.al	3	7ed969b361ffd2f3c694dbbd4b359e9765ad96d294c30d766a27b9653fd0436a
Source/Base Application/Finance/Consolidation/ConsolidationSetup.Page.al	9	28eaaec20d94b9854101af288e297b1358eac41007edb0b44c391599e3a8c0bd
Source/Base Application/Finance/Consolidation/ConsolidationSetup.Table.al	12	aa521869ae2ae83136b908b75b7da477834b641670be31883a2c04b8c4806af6
Source/Base Application/Finance/Consolidation/ConsolidationsInProgress.Page.al	3	e0585afd198305b9e9d18ab53802782d9d1764814e0f697d23253a881f8bb44a
Source/Base Application/Finance/Consolidation/ConsolidationTest.Report.al	232	e08d5c5e5a729d98c35a6a0b835b5065394b8f6b0f3cb4320ffe1344b4b79a6c
Source/Base Application/Finance/Consolidation/ConsolidationTestDatabase.Report.al	219	155e4bbf13316fc6365153c0025d5e9c32e8dfe438b2913d191efaac1770738a
Source/Base Application/Finance/Consolidation/ConsolidationTestFile.Report.al	144	2095aa4e3ea93b0806046022dc239ace9324073f2b3044ecf7a82e8752b33b88
Source/Base Application/Finance/Consolidation/ConsProcessDetails.Page.al	8	62f8e758807d72da88c271763a4cdffc02efee1ee649de725a248c35378fea7f
Source/Base Application/Finance/Consolidation/CurrencyFactorSelector.Page.al	30	548be410195518aba6d2c4c491e8a6d17e4dba038ca8480cfc0d88b2aef6b0c2
Source/Base Application/Finance/Consolidation/DefaultConsolidationMethod.Codeunit.al	3	3f45cb2afe4d9885ca3476601051eb4b7ff652c79611d6a1486f4d6b86a7c0f8
Source/Base Application/Finance/Consolidation/ExportConsolidation.Report.al	277	d80c6e148323b5d54c7b820ec6d516377aa2b1da87cfd29d9f4be34ad0ef0cd7
Source/Base Application/Finance/Consolidation/ExportFOConsolidation.Codeunit.al	122	b702c17e9325183d1ffccac9ba298f185ce9e82c5a3da9b5a58a067f1c7685a6
Source/Base Application/Finance/Consolidation/GLConsolidationEliminations.Report.al	140	37ed8579136985b33c8e899ef9f44964afb94cfd463f179b2b2496fa08d0c4fe
Source/Base Application/Finance/Consolidation/ImportAndConsolidate.Codeunit.al	44	a6b8e95c46c4539e085a2bb68cbf4c55cfb744d6a718d36d27256bbe4f9b7803
Source/Base Application/Finance/Consolidation/ImportConsolidationFromAPI.Codeunit.al	480	1e3d0fa8314f3b36e57de8358482eb658d39029fd03bc043745d2d8ce3e79b0b
Source/Base Application/Finance/Consolidation/ImportConsolidationFromDB.Codeunit.al	5	009dd7527c19b131db93f83a7f4c8cee3e6853c049dffa50abfdf5f70854f012
Source/Base Application/Finance/Consolidation/ImportConsolidationfromDB.Report.al	298	8eb694f31d83c57195a2eb8d8b3f8e9aa0a15f61ac621d22dfd91dced7ffb1e1
Source/Base Application/Finance/Consolidation/ImportConsolidationfromFile.Report.al	130	9405e982553d258f19106b4f572346c62f8bc7549803f3a7115971987fbf8873
Source/Base Application/Finance/Consolidation/PreviousExchangeRates.Page.al	12	3b6f24686bbc5d91d703c4d5b52164bf14636d9de6ccdfeea3230b904e95a63f
Source/Base Application/Finance/Consolidation/PrivacyStatement.Page.al	6	6d2babe14a19a274cde31cdefde5b21cd9e84112553816a93c787f7a5ee6f004
Source/Base Application/Finance/Consolidation/SetupBusinessUnitCurrency.Page.al	132	1c27b9c5ede35896b4456a456081ee5b89152d47c028d3910050474f89f2a15e
Source/Base Application/Finance/Currency/AdditionalCurrencyManagement.Codeunit.al	27	bff4f7a7acefb4508cbce1e07c5d3b15f51a2edeae4cb8e09aba607aa9fa5a43
Source/Base Application/Finance/Currency/AmountAutoFormat.Codeunit.al	117	a25d398f2a6cf9cb041bceb5a138491583c4ea12f55c9395f9cbb7e97654f7b7
Source/Base Application/Finance/Currency/ChangeExchangeRate.Page.al	209	aedd1ef36ff1cd7d9cf0e4c99c3bb77e8f03855b4ff0421aab3a987055a14b2b
Source/Base Application/Finance/Currency/Currencies.Page.al	55	1db17eaa7961d6baafcf48e7e4e33aafbc5cd894d2f17f29525be35263685658
Source/Base Application/Finance/Currency/Currency.Table.al	252	5928528d6adf0f63fcd4febaf05d82694cafd2b515d916c41bcd8e3ee700871f
Source/Base Application/Finance/Currency/CurrencyCaptionClassMgmt.Codeunit.al	45	c72d10a05e4db262d3b4f15602e537e3b1182f192014f49d393a10e249e5fe2e
Source/Base Application/Finance/Currency/CurrencyCard.Page.al	29	a2c6b0cfe8ffea1d3adce1ef90edc2b3619a42617b93bf6222f477831afa203f
Source/Base Application/Finance/Currency/CurrencyExchangeRate.Table.al	346	b016752191c1e48cb66d9f19418686bd2eb00aec5f531630e86cc46efd1fddd0
Source/Base Application/Finance/Currency/CurrencyExchangeRates.Page.al	11	642ae42781df1835fe940bc1f678ff92eb9a497e2e3f5eb0b2c1b674b1debda3
Source/Base Application/Finance/Currency/CurrencyTotalBuffer.Table.al	13	d688b69c17601808dcbd7ede3148ef8b791e8e57de3a743b4b327f8121126fe3
Source/Base Application/Finance/Currency/CurrExchRateServiceCard.Page.al	107	9c43b9bd2c0833c86be9814f95d4763f7bfaf9a8cc0df893308958d2bba048fd
Source/Base Application/Finance/Currency/CurrExchRateServiceList.Page.al	10	745cd162dca50a86fb342ceac4053a474498b25fce4269d406dc23d63fd03295
Source/Base Application/Finance/Currency/CurrExchRateUpdateSetup.Table.al	135	fd3957bbf373f9bab02015882359aa4293b8eceadbed0a45d0d5ee5d1dd346a1
Source/Base Application/Finance/Currency/ExchRateAdjmtBuffer.Table.al	3	a291fb13dc507034de3830a1f6e13d5c4c418f1dba29dc505c4c20e31d78f7ec
Source/Base Application/Finance/Currency/ExchRateAdjmtProcess.Codeunit.al	2025	af47dc91e4e019e7f798eb17c9dd1d60389bdeec5f232292fd6f2fc0d1890087
Source/Base Application/Finance/Currency/ExchRateAdjmtReg.Table.al	5	38c3fc96caa634e2c9eac1c200e047c2350cfe755ee81397c175222ea48cfb95
Source/Base Application/Finance/Currency/ExchRateAdjmtRunHandler.Codeunit.al	26	77edca6ba08035d06b063891489717e0567dd1f0a0c33cd70fa7dca3a271d03f
Source/Base Application/Finance/Currency/ExchRateAdjustment.Report.al	162	81e8e2bf4b751650e326c716765e26ef39f450ce4964e1eaf526e1ed1f3f914b
Source/Base Application/Finance/Currency/GLCurrencyRevaluation.Report.al	119	4d14813f3e56d08febc497e2a37544a3f34fffa4817a0bf09fc1eec72df2423c
Source/Base Application/Finance/Currency/MapCurrencyExchangeRate.Codeunit.al	187	bcf0927a5ab9c857474c8a2ca28fc5f25d111421d270e7f179a5cf5871bd7ef8
Source/Base Application/Finance/Currency/SetUpCurrExchRateService.Codeunit.al	113	fd83ad88e57ac174952e44e2ee4c359060789a32fa4f2669e1c9b63e426431ad
Source/Base Application/Finance/Currency/ShowCurrencyGenLedgSetup.PageExt.al	13	075af18508748ab956257ebb6407578d537029aad9aee758fb951741da8dbb64
Source/Base Application/Finance/Currency/ShowCurrencyGenLedgSetup.TableExt.al	3	2dca73bc5ec7ce5c10a6cc284db1c185f2609722a95d4bf82a482b1c58ffc1fd
Source/Base Application/Finance/Currency/UpdateCurrencyExchangeRates.Codeunit.al	95	4113b306e58905f26793da8b2091585c705da4a313814bbf1a13f1a752117821
Source/Base Application/Finance/Currency/UpdateCurrencyFactor.Codeunit.al	8	e9321d855b4da2660ef7b6ceae4b0831fa4588c19e61c36e6708d86338219b48
Source/Base Application/Finance/Deferral/DeferralHeader.Table.al	49	2c8b910497d73f115c5afd4540f4d5c4e7cf51dde696ab2afeb7eea2b2f6904d
Source/Base Application/Finance/Deferral/DeferralHeaderArchive.Table.al	20	fd9e0703756cf3e01c246878b5ba5060f362c1d740d9572dd5a93712e70d76e2
Source/Base Application/Finance/Deferral/DeferralLine.Table.al	28	48540002a4e7de7b585194394cd63d794db14c8fdbfc2d94decd6062e4fe9b65
Source/Base Application/Finance/Deferral/DeferralPostingBuffer.Table.al	158	79387fb093762994e87f42d065c9a29720b6457e5b6e1b6edc1829ebdc55d756
Source/Base Application/Finance/Deferral/DeferralSchedArchSubform.Page.al	16	58d46abe8bb598af3caafa4e8c4eb02321b872916cff20dd5b6be6d7a35d55d0
Source/Base Application/Finance/Deferral/DeferralSchedule.Page.al	95	2850792854d078d6e0bc91a98379b77ea598f4f9002934ef072be5851c9444de
Source/Base Application/Finance/Deferral/DeferralScheduleSubform.Page.al	20	26a36368ee081153044d7b718890e5e195f64464500c89b943f45eff648ea27e
Source/Base Application/Finance/Deferral/DeferralScheduleViewSubform.Page.al	14	e828dadf5eb67fba502e02b743cac6d9647587ce97ecb70b9a6d1c69962be926
Source/Base Application/Finance/Deferral/DeferralSummaryGL.Report.al	81	299d3a25d7c40219f6380433cd0f118989bc9a859e77bc667666da826c9d42c1
Source/Base Application/Finance/Deferral/DeferralSummaryPurchasing.Report.al	109	fd47ba5cef8ba4d0dc00ff0736e84b6cc7ea77f666770ec567d5cf03a180b6b8
Source/Base Application/Finance/Deferral/DeferralSummarySales.Report.al	109	e79f88abf0f78f9bd8f9ac7fa9ef299d61bead55f3e9807d46ff0c746d5e81a7
Source/Base Application/Finance/Deferral/DeferralTemplate.Table.al	24	fa147258fef378a6e846582ceaad93da0fba78480bbfdbb5898db7252f7f099d
Source/Base Application/Finance/Deferral/DeferralTemplateList.Page.al	3	09d19594d4e51272f9781cf9a8575c66d1d80084e71143cc8bc0177890d75886
Source/Base Application/Finance/Deferral/DeferralUtilities.Codeunit.al	782	f987ddb6bd4760522ec7eaa011d7e385b630592c1b9cacfcf070d5075ce5c30a
Source/Base Application/Finance/Deferral/PostedDeferralHeader.Table.al	70	e7f78ffb33a29eb25e04da394ee50dd1ca6c0de9839cba5ccbbfd2c25144b64f
Source/Base Application/Finance/Deferral/PostedDeferralLine.Table.al	12	04cdaa735af456ea5f0091773bec984108ce62b66c975a463f05feec867f4eb8
Source/Base Application/Finance/Dimension/AccountTypeDefaultDim.Page.al	8	55ca0be323f920c1b01c3b1181fb4b26fd95a8ee4ae28161af540e23848a8384
Source/Base Application/Finance/Dimension/ChangeGlobalDimensions.Codeunit.al	483	b79b061cb9423b280fe79d97825f7f2c1aaa2f30ff8513096376499958e89ece
Source/Base Application/Finance/Dimension/ChangeGlobalDimensions.Page.al	44	b111a0cf394c68bdab60e66f29298c4ad5cffc1fa5413657367ef89488f68eb8
Source/Base Application/Finance/Dimension/ChangeGlobalDimErrHandler.Codeunit.al	25	061db8ebf71a764278dfdf95c92aa90d2cfe6a54f2b7f1c153291cd3e1cb0553
Source/Base Application/Finance/Dimension/ChangeGlobalDimHeader.Table.al	45	3527e4e522b9d50a5914b9470c6659f1e76854640c3ae614498be494e9c918f4
Source/Base Application/Finance/Dimension/ChangeGlobalDimLogEntries.Page.al	30	4560b2e874e48a2d6f96775b5b266599bb579874de03ec7f66828ba060e7f3aa
Source/Base Application/Finance/Dimension/ChangeGlobalDimLogEntry.Table.al	202	33485f4f6522692357ed1d04c29378846144266a3b71de7adca7f32ddc22b4c4
Source/Base Application/Finance/Dimension/ChangeGlobalDimLogMgt.Codeunit.al	40	3f5e0adbddfcef85be1c55efdcf4a9bd8a525daee110719fec98862c1e1f5044
Source/Base Application/Finance/Dimension/CheckDimensions.Codeunit.al	276	6a2a3058670debb31568d6e0e854e9c40785ef5018bb2ddf5fc0a155449c1a2d
Source/Base Application/Finance/Dimension/CheckValuePosting.Report.al	156	b59535fcee8d7c73fe7220a612a0c47449c971ffce2083474ae7361e6afd4057
Source/Base Application/Finance/Dimension/Correction/DimCorrAnalysisView.Codeunit.al	55	57a62f51f786e2a68fbd74dee63252dbe16434951c392444d58ef9641c20b3f6
Source/Base Application/Finance/Dimension/Correction/DimCorrectionChange.Table.al	55	9f23dfb237e02449c7becf34ef330293b460309e35186779342b18a291697601
Source/Base Application/Finance/Dimension/Correction/DimCorrectionChangesPosted.Page.al	34	58abe8ede579a59454847e4732bf99f029d874d792174f85262a949979bf1bb7
Source/Base Application/Finance/Dimension/Correction/DimCorrectionRun.Codeunit.al	115	ad8aabc388799364247b92fee20e81bbdd2bacfd45a8a44f34c77974abb09f0b
Source/Base Application/Finance/Dimension/Correction/DimCorrectionSchedule.Page.al	41	7d848df7224b55c4786af739f684926eab68e6377ec97cb4e7ce09ada90703c6
Source/Base Application/Finance/Dimension/Correction/DimCorrectionSetBuffer.Table.al	14	7ff7ca98edf8d12ac9d484649ee18e8d57b857996ec163e71bb6c4f77f7851dd
Source/Base Application/Finance/Dimension/Correction/DimCorrectionValidate.Codeunit.al	43	f46c785e47c86ab05fc0f757679a9545175740f37bc92d15661ced7a5080a6bb
Source/Base Application/Finance/Dimension/Correction/DimCorrectLedgerEntries.Page.al	210	aa60355e8a02f801ff962cf60e08382966e69029391260b59a2c7c1268af1969
Source/Base Application/Finance/Dimension/Correction/DimCorrectPostedLedgEntr.Page.al	111	d48ba22fa63bfc7e794531c0896d7f48d94918b5d73e8f0979c715ee3927061c
Source/Base Application/Finance/Dimension/Correction/DimCorrectSelectionCriteria.Page.al	29	e87a9131be1f29f4b20022953c510eb8ac6718d195e57fe8eeff823ff5f7e91e
Source/Base Application/Finance/Dimension/Correction/DimCorrectSelectionCriteria.Table.al	65	10d04fd51adad65b5a623122bebafc355cff70cd3a55d1bbc588ae4461748acb
Source/Base Application/Finance/Dimension/Correction/DimCorrFindbyDimension.Page.al	12	adb249befdb7972d9d4f4fb658f1427eb677ede9b6ce59b307d82ac59db2071e
Source/Base Application/Finance/Dimension/Correction/DimensionCorrection.Page.al	64	53368d55f74b2c809ef8f70a403b8cd90e471a89caefb3a1aa98e3b9fea8fe1c
Source/Base Application/Finance/Dimension/Correction/DimensionCorrection.Table.al	72	3e78f8428881deb181ebe60a9d07a30f03e403f148b63bfcd8311b82d775446b
Source/Base Application/Finance/Dimension/Correction/DimensionCorrectionChanges.Page.al	71	70f636775e2fcd0ebbdbe72f02da5fb471ce89491158b9d7ec25434fbd418090
Source/Base Application/Finance/Dimension/Correction/DimensionCorrectionDraft.Page.al	68	63b174bdf5fc069f064d2b3686c9e51906eea0b7e6f1bf50b696c05b88ae1de6
Source/Base Application/Finance/Dimension/Correction/DimensionCorrectionMgt.Codeunit.al	909	f303f993938928fcbb6faa0143c67ffdeaa2fa4f3c641bf9fd90fd7d135fa5e9
Source/Base Application/Finance/Dimension/Correction/DimensionCorrections.Page.al	4	f53909be3ec8fb6c6bfa1a4bb059c6ad3a5617abe12463a122f001b2e14ded83
Source/Base Application/Finance/Dimension/Correction/DimensionCorrectionUndo.Codeunit.al	77	f0665cafe40a47bf4faa596b88dd3cd5790b88869ed48ad24f71852ef5a28176
Source/Base Application/Finance/Dimension/DefaultDimension.Table.al	689	24393d5692d2d98ce7d7e6b51c420b2df95f5c51a850a6fb4b68e0609cc5cd6c
Source/Base Application/Finance/Dimension/DefaultDimensionPriorities.Page.al	61	975d6c7be8c3a57872c4e49bf004c8b53189527fbbc31efee26f7b5f5ad8be06
Source/Base Application/Finance/Dimension/DefaultDimensionPriority.Table.al	45	3da86e73a5de4e76f825bf4329c5939c46f8efa3b9112a8d80d49d5ffc40166b
Source/Base Application/Finance/Dimension/DefaultDimensions.Page.al	9	cfd20d354ad2e8c5a9963901f53c377a8c2f809ab5bac4ea81113767bee365f2
Source/Base Application/Finance/Dimension/DefaultDimensionsMultiple.Page.al	296	ac277b8fe50527c3f43f0cad682015c9fe92ccc20a1c789652976e98c0524c05
Source/Base Application/Finance/Dimension/DimAllowedValuesPerAcc.Page.al	42	828fbeefa366e84ed8af39668a13b1b84e6fcf5bb6c6cd73be5b1b97593dadc7
Source/Base Application/Finance/Dimension/Dimension.Table.al	413	adfd77da39829e9a5dbc61fde8d845ee3a1479e218a78c97b40d32490bbe15ff
Source/Base Application/Finance/Dimension/DimensionBuffer.Table.al	9	9dc1056bee07c39d4628cd226f2e7c7920f6f176ae928db18d445687c2935a22
Source/Base Application/Finance/Dimension/DimensionBufferManagement.Codeunit.al	168	9735c7dff80a8fb4d3deadf5705523e4753b7f504c7943e002f1365038c781ac
Source/Base Application/Finance/Dimension/DimensionCaptionClassMgmt.Codeunit.al	98	99b218ab42dcb7d1e101f3a8be0fdbfd3b2972d3f4c6e83bcb129041d149b706
Source/Base Application/Finance/Dimension/DimensionCombination.Table.al	12	e9a8aacfe17bd4d63edf6372f2c96375869c1acf72a66722b470baebea020837
Source/Base Application/Finance/Dimension/DimensionCombinations.Page.al	63	db166fa41ec6ad98bf16e7cc7468eeae648bfa02a4355cea9e065d70c922f56a
Source/Base Application/Finance/Dimension/DimensionCombinationsMatrix.Page.al	355	dd0e067a9ef03b214cc9533c8ccf475a281aa26a7e3672feed94375dc35f2e7e
Source/Base Application/Finance/Dimension/DimensionList.Page.al	2	0df268cc24112ccf1d14b852316cc51f3af360d3156af6140313efe130a39825
Source/Base Application/Finance/Dimension/DimensionManagement.Codeunit.al	2043	0488abc4475fdfa233bf4d2224d518e1f3c222e79a66431622a0ee5c16e7f6c9
Source/Base Application/Finance/Dimension/DimensionPostingBuffer.Table.al	6	c72eaf2adfed93f4b516a985aeb2a87862e8825065afac98e402eb0707349e28
Source/Base Application/Finance/Dimension/Dimensions.Page.al	5	f8ea6eec9abcb15c75c10e7ccb81dc558b4be9cd13c01f6f3cc8ff6c46fad465
Source/Base Application/Finance/Dimension/DimensionsDetail.Report.al	388	7dbda3736b9befb75d6ba752e0b950c1b1908cb64ea36b2cfb9e419efc070bd5
Source/Base Application/Finance/Dimension/DimensionSelection.Page.al	14	a29ae89d53da819b9b1f153dbaa174a91435e96c336c6e653dabf3f2100dde0e
Source/Base Application/Finance/Dimension/DimensionSelectionBuffer.Table.al	181	e4c481d0f28750b2629ce4ebdb81a55c0efe585a70a8211e0b44c31c24593e48
Source/Base Application/Finance/Dimension/DimensionSelectionChange.Page.al	22	c5468ed87d52fb1705e838db0ecb542f70e1ced9149b4e011a0e3cca8a9af7bd
Source/Base Application/Finance/Dimension/DimensionSelectionLevel.Page.al	44	593b776536f15177fe5c3cf77bf5a11d0744b7c8919f38d41e1b932096862829
Source/Base Application/Finance/Dimension/DimensionSelectionMultiple.Page.al	18	785ef26ee7b0f7f90f31ad808eba34bd607c2e4798e32fe2b8d2ae898efd7c92
Source/Base Application/Finance/Dimension/DimensionSetEntries.Page.al	11	7a3c342d58cfd359c90773a499108c96587998dbbb26774de2f4a09840bf4433
Source/Base Application/Finance/Dimension/DimensionSetEntriesFactBox.Page.al	10	eac2f747bbd80861986ec79d5f6d66e17fa6260acdfd00561c7e519f783b18e1
Source/Base Application/Finance/Dimension/DimensionSetEntry.Table.al	106	88316fd71340067b3de649f7db35b392991446e0c9e1d5adf421a18758b0b808
Source/Base Application/Finance/Dimension/DimensionSetEntryBuffer.Table.al	23	f59686e3082626e7acf50d40e76cce4c7280c42e12af3cd75bf355341e952912
Source/Base Application/Finance/Dimension/DimensionSetIDFilter.Page.al	110	ec4bcaf1883eff9bb2401039e5bd626302baabb2de0a154a66bbe924d8cd3160
Source/Base Application/Finance/Dimension/DimensionSetIDFilterLine.Table.al	32	9d2efee148be597b212ea814a6580f8933f5483751304e79ecd0e45560a2f542
Source/Base Application/Finance/Dimension/DimensionsNotifications.Codeunit.al	28	0c97c71a7f276346ce4630b283ce37a031f1e87a453ef1beead3d83bd0076237
Source/Base Application/Finance/Dimension/DimensionsTemplate.Table.al	112	5d865e1376e0a5fa351addc0b2b16545354935e72aa9602b253e1e067c41e941
Source/Base Application/Finance/Dimension/DimensionsTemplateList.Page.al	12	cf5a25136f71d2dcdcaced151c5481ee34333341aad0cb003e0a2cd676d8d9eb
Source/Base Application/Finance/Dimension/DimensionsTotal.Report.al	662	d7d7031e553b42a4c92ca49149af91fcccdeec90722c136a21df41667f46c0b6
Source/Base Application/Finance/Dimension/DimensionTranslation.Table.al	9	6bbb42fcc176a230ff031a5c05166eb5beed84768fa360d9811563cb21d5f549
Source/Base Application/Finance/Dimension/DimensionValue.Table.al	411	22fcbdca473a469dc7faf698f837a9151cc528842fc2b9163ac1c7ad957b80c7
Source/Base Application/Finance/Dimension/DimensionValueIndent.Codeunit.al	37	572cd38328c88cc3af7a3b814181cdbf186b8cc1d0819361af18ca00a3f20aa3
Source/Base Application/Finance/Dimension/DimensionValueList.Page.al	33	4d38fa03e82b01142a7438d5e449be1608f55e455de4b00787f00827ab883ea3
Source/Base Application/Finance/Dimension/DimensionValues.Page.al	38	273f3722287056015bef87e3f0fcdcd16b7fef548bef519c98e5d5ec81dab9ef
Source/Base Application/Finance/Dimension/DimValueCombinationsMatrix.Page.al	295	191248682d54f3748effe7e2bfe79f5f7546ea007228d902b9966db224040bb1
Source/Base Application/Finance/Dimension/DimValuePerAccount.Table.al	28	ed3212be7ac12767a87bc8ce1c080f52a110bb300b882d67939d5102a370176b
Source/Base Application/Finance/Dimension/DimValuesPerAccount.Page.al	4	c1b765bf92de8f4f598fce96e17197ce20e0789d3128e0597b07e4aa7ead770d
Source/Base Application/Finance/Dimension/EditDimensionSetEntries.Page.al	12	95f68bac684c6bdc658b5462ad44714bba66e753880e0fb485ac604d05c72efd
Source/Base Application/Finance/Dimension/EditReclasDimensions.Page.al	32	1a8719d087cf08c42da1d3ec65a7435231dd19831e565418ba5b4967526b25cf
Source/Base Application/Finance/Dimension/GetShortcutDimensionValues.Codeunit.al	54	249971f15b9e90a8bc09cacc1a2ca566492fe43d185be00c37f6edc1b313295b
Source/Base Application/Finance/Dimension/MyDimValueCombinations.Page.al	63	8a82a16e64b200e4358f1c25832cd3bc23efcb833209eabba89a81a2fd6dad7b
Source/Base Application/Finance/Dimension/ReclasDimensionSetBuffer.Table.al	52	7544d0e878e0ffb364cb3170ee9e2590bfa1dfef9581ca57f976ef786573b052
Source/Base Application/Finance/Dimension/SelectedDimension.Table.al	9	5dd217fe6a34b1004864535a0017b9a1013d4a52f46ff0b81f204a0fe95317df
Source/Base Application/Finance/Dimension/UpdateDimSetGlblDimNo.Codeunit.al	54	abd42a23a4d9970a284f2ade64544e0dc0425c5adfd4476093f906b6bf7c4cce
Source/Base Application/Finance/Dimension/UpdateDimSetGlblDimNo.Report.al	3	b88e3caac78096e07bbe94f0d6d43a6d7d40a4ce6973c873bdac1625591ca6a1
Source/Base Application/Finance/FinancialReports/AccountSchedule.Page.al	169	886ff51529ef00580509cd954cfa749f9df5b1caa9d98ad42ee05d51a6e2ec78
Source/Base Application/Finance/FinancialReports/AccountSchedule.Report.al	740	c9ed4ce3e8ae4300e00fe9ab4306cfe0b1e19f06b1098ee75a40ddc8513f4944
Source/Base Application/Finance/FinancialReports/AccountScheduleChartList.Page.al	2	006c9f8ad8687b7254efc3737e599204a4cf74faab0d63413f50caeeeb36a203
Source/Base Application/Finance/FinancialReports/AccountScheduleNames.Page.al	25	9d98c80cb5645041d99416b37bd54769b86d566e84e06d32538926f09c4806a5
Source/Base Application/Finance/FinancialReports/AccountSchedulesChartSetup.Page.al	43	b2462d93a06d95a6297dd24bce22b896ecf684ee1b62da3ba6401d27b05f2582
Source/Base Application/Finance/FinancialReports/AccountSchedulesChartSetup.Table.al	176	246cef7a2ba24b56b829bab6948cd73c5c2f4fc75da320fddbb888e41bd59a48
Source/Base Application/Finance/FinancialReports/AccSchedBarChartDrillDown.Codeunit.al	92	5d3b64ef2143d7c06ae149ab7cc401fe09ef773c8255bc79d02d9f5804e28b25
Source/Base Application/Finance/FinancialReports/AccSchedChartLine.Page.al	17	7129dfecb1be02a21d8157f8125a3f224abfec7580379ec40445f579d59f51a1
Source/Base Application/Finance/FinancialReports/AccSchedChartManagement.Codeunit.al	319	1f8a6032fd49e18035f0b1e315f5386648930dc6fa2382e1f342d3d61622893b
Source/Base Application/Finance/FinancialReports/AccSchedChartMatrix.Page.al	93	65736c1b951f833569a390bed3c7aa573b93cb4ca1381bd41f02f13784644394
Source/Base Application/Finance/FinancialReports/AccSchedChartSetupLine.Table.al	34	8e7ecfe4921e27155882ad38b78671eb466f701babcd4e0d89ef262c399387cc
Source/Base Application/Finance/FinancialReports/AccSchedChartSubPage.Page.al	41	79da4010795e1734b06ac8c87f8b4c6c29d07c8e725a8b6f4baeb06c5708ad68
Source/Base Application/Finance/FinancialReports/AccSchedKPIBuffer.Table.al	35	25ea9c91c17a0a805fbb1d73734db4c70cfc0c987f3403c2cc7e96b10f845aa3
Source/Base Application/Finance/FinancialReports/AccSchedKPIDimensions.Codeunit.al	621	0ae8607d44629c74f944d0449900d39d2413b746887b6d3ffe3ed11a4e6d439f
Source/Base Application/Finance/FinancialReports/AccSchedKPIEventHandler.Codeunit.al	85	e4f085f64254e5aad997243d9ace81b3ac3672ec483f06e0778601ca809e8fe2
Source/Base Application/Finance/FinancialReports/AccSchedKPIWebService.Page.al	19	b9abc339d6c368ed756ed7b62fc11dbfac88f01d013911f411583b61883ded65
Source/Base Application/Finance/FinancialReports/AccSchedKPIWebSrvLines.Page.al	3	faf1780676363db501c856ad0b6b012ac0aef930d098744db6b9e35016ac90ac
Source/Base Application/Finance/FinancialReports/AccSchedKPIWebSrvSetup.Page.al	20	e244b0215c62cb936401af7397ca95940d8421dc2fc841006c3f6ac17dfded8a
Source/Base Application/Finance/FinancialReports/AccSchedKPIWebSrvSetup.Table.al	193	a429a6e7c3e0d23dd56294090b8640ef19ef2450be4f87005c8111b6b4687b7d
Source/Base Application/Finance/FinancialReports/AccSchedKPIWSDimensions.Page.al	130	65fa5f2422f89d17f001a8eb9c4871a9c6159d43d50fb296d6562ec515ce54f8
Source/Base Application/Finance/FinancialReports/AccSchedManagement.Codeunit.al	1823	1e98c22810c04e05c39db81c5675e03f4651d3298e92cf9d5bf8631f464c1542
Source/Base Application/Finance/FinancialReports/AccSchedReportCaption.Codeunit.al	11	38f8c618f06eaad0c58e42e14c620c2016983e41b374e0fbf13c23cf25f2d694
Source/Base Application/Finance/FinancialReports/AccScheduleLine.Table.al	258	6991785bf16d19b85e97615b080c75dfb780ab8470f185ba7c59dd96f1d6f9e5
Source/Base Application/Finance/FinancialReports/AccScheduleName.Table.al	196	2e18c4a5f3df36b8d30e644289a1752c4919cdf4a83523cfa87a6db37aad4c0f
Source/Base Application/Finance/FinancialReports/AccScheduleOverview.Page.al	905	4590524e49a059a13b520bddf52057596106c734357db858970ae7945cc04ca3
Source/Base Application/Finance/FinancialReports/BalanceSheet.Report.al	3	4039dfc716076c696edfcc1bbbf45f032f4773d0bfd536c517b6c1d7191e3e8e
Source/Base Application/Finance/FinancialReports/CalculateTrialBalance.Codeunit.al	43	0e6fb67dde44c13eecbb30120a5c7e12e57dbced8c9113b953fe95c10ca27388
Source/Base Application/Finance/FinancialReports/CategGenerateAccSchedules.Codeunit.al	300	f4a87e06a7a98e502ba8dda9c896d590236aa9c7932d78abd0a1ac7c70ae003a
Source/Base Application/Finance/FinancialReports/ColumnLayout.Page.al	87	8af3d538ad6ead46724e5eee4343dfd2034275ad1816b30b49758daa065ac515
Source/Base Application/Finance/FinancialReports/ColumnLayout.Table.al	104	67bb229705ff95e551e54d512a2ac19fcba8b490fb41db5a9f1a99403ddee37b
Source/Base Application/Finance/FinancialReports/ColumnLayoutName.Table.al	86	637e3a238bcd3539ae60bc56e6262ff01596e6878111817334c5404ac88750d1
Source/Base Application/Finance/FinancialReports/ColumnLayoutNames.Page.al	25	bef05ee8d15731b842da885aa64ead3fb2e5a6ee1be6218abe13def8e995cc6f
Source/Base Application/Finance/FinancialReports/CopyAccountSchedule.Report.al	62	0b50cee360769c35f56f2d2a4ccfbf5d0d44626ea0ae8d61c165d59b61c8075f
Source/Base Application/Finance/FinancialReports/CopyColumnLayout.Report.al	61	2e8b59d13b6b6f02dc1558d4eeb22d9b0897da5af8736133986e02c6e2119b85
Source/Base Application/Finance/FinancialReports/CopyFinancialReport.Report.al	51	70836d8b66a4df5a0303b8e6079bfeca8461be3e6c3f4280ea3a02a4b0295405
Source/Base Application/Finance/FinancialReports/DimensionPerspective.Page.al	31	51c1d87d0919eb6d1b93b97b2efebe8a1a43a04d5bb85697762e217659be831e
Source/Base Application/Finance/FinancialReports/DimensionPerspectiveLine.Table.al	71	86465cb802c6e033072fb6556e7c04caf6c565cd7d9c2b42664ab62179bb86f9
Source/Base Application/Finance/FinancialReports/DimensionPerspectiveMgt.Codeunit.al	33	e8d43cdcb679a97312f05b52817520c2483e233f4abd7fd34b48bca9d825d065
Source/Base Application/Finance/FinancialReports/DimensionPerspectiveName.Table.al	79	b5c607efe8da958b01e026050b09a52db2ad9a80776a94d284ef72120b7e4812
Source/Base Application/Finance/FinancialReports/DimensionPerspectives.Page.al	6	efe05e2c676533f3191b20219d704def4dcd3a87deb31d1f173c607a026ab84d
Source/Base Application/Finance/FinancialReports/DimPerspectiveAccSchMgtHandler.Codeunit.al	49	2254222d5ff42f2884edb4d4e39e6d9669121e715392f0835184cc1d2198d8b1
Source/Base Application/Finance/FinancialReports/DimPerspectiveBusinessUnit.Codeunit.al	45	4cc94932a5f217fcc53424db42ae6399b1d937715f8a366a47bd7b831836a417
Source/Base Application/Finance/FinancialReports/DimPerspectiveCustom.Codeunit.al	48	a9a47b736f2885d252bb70048c77f7764bda1a21306dbacabb7cfb7494b9b129
Source/Base Application/Finance/FinancialReports/DimPerspectiveDimension.Codeunit.al	188	112233312da4a55f18a4cd51769486c4320defd3ad7c6109e4c7ed8075cfd79f
Source/Base Application/Finance/FinancialReports/EditFinancialReportText.Page.al	6	06bc1ed77ca737b42cc4f9b8872b0b6f32aada4d91d7af5425661acdd4dcfa57
Source/Base Application/Finance/FinancialReports/ExportAccSchedtoExcel.Report.al	349	407990e78e40ebed0616475b654e3a2a04693b68c3bb0cca72ae443da4f20899
Source/Base Application/Finance/FinancialReports/FinancialReport.Table.al	92	1ff487bf941e08af180c11adf2c0a430d7713442b5c0353e8ba0f8709d8db00c
Source/Base Application/Finance/FinancialReports/FinancialReportAuditing.Codeunit.al	32	33be5f7054696740a99e9dda2a2ffc94503584c69955c13618708cd645166013
Source/Base Application/Finance/FinancialReports/FinancialReportAuditLogs.Page.al	19	6957e16675ad3b31545dd6bfcffb19056a10809bdc365ceaa4a8e7833423a8d1
Source/Base Application/Finance/FinancialReports/FinancialReportCategories.Page.al	2	7f8885b6892b9e954358428b609948a03db3867e5db86efe57e669714fa33591
Source/Base Application/Finance/FinancialReports/FinancialReportCategory.Page.al	2	5ac1daac1fe87636656912db21d88836bf672be39b8069a814edee0e6b0cfbfc
Source/Base Application/Finance/FinancialReports/FinancialReportCategory.Table.al	3	1adb647b215641bdeb58415100cdaff721399ce5b80db41bab2cea205f49150b
Source/Base Application/Finance/FinancialReports/FinancialReportExport.Codeunit.al	21	bf487d7f76f6921c52da0e7a6b16ad35776e4569f991dbe00956abd7f3e3060b
Source/Base Application/Finance/FinancialReports/FinancialReportExportEmail.Report.al	6	28f5bb208ff37468db8e952488fc5e25d12221a1c6f343045d4de1899119bfc6
Source/Base Application/Finance/FinancialReports/FinancialReportExportJob.Codeunit.al	142	6df67b596136e63d6eeb196365f8b694f06236bc743aa36c70c0ce86d512360a
Source/Base Application/Finance/FinancialReports/FinancialReportExportLogs.Page.al	6	d321dac8cafa4b828c9bad0041a715de520bb2d6d8b4ac9b1e2902f0a478fccf
Source/Base Application/Finance/FinancialReports/FinancialReportMgt.Codeunit.al	366	fcefc4c462d62de7b64677ea17e696a88404b8e5a0a93f72672c23b106123be0
Source/Base Application/Finance/FinancialReports/FinancialReportRecipient.Table.al	8	3d6d94a52024943e443db171dd5239e046b3d5919fd3403e75ec6e9be883aa54
Source/Base Application/Finance/FinancialReports/FinancialReports.Page.al	109	7614bea4a82ce46e688ddb312ad0e7759c21cd4d32c283d7f1331408b07e7beb
Source/Base Application/Finance/FinancialReports/FinancialReportSchedule.Table.al	111	34b2fa289851133663ec843519e0e01d465bb0b1855e14ed6218c895f9835800
Source/Base Application/Finance/FinancialReports/FinancialReportSchedules.Page.al	2	ceb7dc58acaa3a7f5a9e640d968c323343383cdeae3e9d5d2d62c55eb4fbab2c
Source/Base Application/Finance/FinancialReports/FinReportDefaultUpgrade.Codeunit.al	31	c61a4d1bf8a4de6ddbb05a80a59fe625b26e0270b1e62ad5f45f048eefe08f8f
Source/Base Application/Finance/FinancialReports/FinReportExcelTemplates.Page.al	34	050ccc8a463b637858b8b18902d5d3cc0c3c7898691c71b78b28caa4ffbb9325
Source/Base Application/Finance/FinancialReports/IncomeStatement.Report.al	3	d1ff635325f63a054549313d8d38025fa39583bb49304755cfb13d78c6ca5dc4
Source/Base Application/Finance/FinancialReports/NewAccountScheduleName.Page.al	15	45730e4c669539937d03a7dd682493561531ad1f23e4a2f3f4e7fd24a1cbaf13
Source/Base Application/Finance/FinancialReports/NewFinancialReport.Page.al	50	67e1f4813dd52bdfcbd3642a15ea02f3a97ae756b179dfe7460051d351e4de45
Source/Base Application/Finance/FinancialReports/NewFinReportExcelTempl.Page.al	12	6c97414575b11445419aa22f4759882f565593debddd531a550b8ef13cb7f857
Source/Base Application/Finance/FinancialReports/RetainedEarningsStatement.Report.al	3	57c8ce7a916b1dfe5f7d19c0c1b9eaa543f36fd71a9a7f7724622323bd9b9216
Source/Base Application/Finance/FinancialReports/RunAccSchedBalanceSheet.Codeunit.al	3	6fd01e4f4da30cf4e2ad18d8d5b8fd8947b2ec5d685d8cc19685488159d0a5bb
Source/Base Application/Finance/FinancialReports/RunAccSchedCashFlowStmt.Codeunit.al	3	ad5f5aec9298c6624c7df5fdf7050c576d260320f0ac9b48e3d16ed1f841126d
Source/Base Application/Finance/FinancialReports/RunAccSchedIncomeStmt.Codeunit.al	3	c6ccdee789aa76eb8a1b40c343bbc2adb024b05af26c94d6c83a085123525d60
Source/Base Application/Finance/FinancialReports/RunAccSchedRetainedEarn.Codeunit.al	3	6fc76075c4d47f557d1f2012aab765fe51270a360d66514f322487e14602f5ae
Source/Base Application/Finance/FinancialReports/StatementofCashflows.Report.al	3	78a21777c4f1045862ebd476c67a9fa0e427939e95852028e23dadd31f256e93
Source/Base Application/Finance/FinancialReports/TrialBalance.Page.al	177	745ecddcbd31cf8d01128cf929990fc37d6fb03182525ec51ee840b7ddd69838
Source/Base Application/Finance/FinancialReports/TrialBalanceCacheMgt.Codeunit.al	80	3fa5d3e87a4bc1a0bfa1e9f11aa4b58f3423fcc077070780f7db28cb5f9d4a14
Source/Base Application/Finance/FinancialReports/TrialBalanceMgt.Codeunit.al	89	1f2ee697a4792a535a868ea10d6e0e1e5100012229fff32bd33a29a8092fcfec
Source/Base Application/Finance/FinancialReports/TrialBalanceSetup.Page.al	6	682a69c0e779bd0235f835d4ac8507f663e611d6d65133decded2ddc17bd4188
Source/Base Application/Finance/FinancialReports/UpdateAccSchedKPIData.Codeunit.al	136	bd9b5f01e9168079fcd82ed18ca3fadab5e73232f13bcb3e28928308616f0825
Source/Base Application/Finance/GeneralLedger/Account/AccountUseBuffer.Table.al	18	449ee7f2c7ae620653e700e9b9a3f369f42692c25f9f874e28d0fa46aa76cf02
Source/Base Application/Finance/GeneralLedger/Account/CalcGLAccWhereUsed.Codeunit.al	218	22ef42f74db7cae33317c316a3f1f925d407d1e5f121a388137ba926cbd59601
Source/Base Application/Finance/GeneralLedger/Account/CashAccountBalances.Page.al	10	69eb37f23803b5b6ef8899fedd62ce27ae7e521508fcd41f1797a55bca81dff7
Source/Base Application/Finance/GeneralLedger/Account/ChartofAccounts.Page.al	52	7b8ea14325ff9a34e3f68b606fd26b304b70b8df6da33e8f22ed0695188c2a4b
Source/Base Application/Finance/GeneralLedger/Account/ChartofAccountsOverview.Page.al	39	bbcf1e17b5a6acaec2efcf046473b6e17fcb07dc798d728901ffb9a9a1cae83f
Source/Base Application/Finance/GeneralLedger/Account/GLAccount.Table.al	359	5951f5721372397264c510a834917fa6878ce86c6f38fa5fe9bf2f8ffa1ef4b5
Source/Base Application/Finance/GeneralLedger/Account/GLAccountCard.Page.al	55	723a709be744fd1212ef23de4e40a462e6e1cb436d7e6cbd12d96875bab7751a
Source/Base Application/Finance/GeneralLedger/Account/GLAccountCategories.Page.al	37	3fc3411316b7e243af625b79f2f138f122abe300b488c84a24e8aa2b5ecd12cc
Source/Base Application/Finance/GeneralLedger/Account/GLAccountCategory.Table.al	223	b496b18dcb689d5aa15f4b120efabf98e2f31355eab46718efcc8eb2b7530c02
Source/Base Application/Finance/GeneralLedger/Account/GLAccountCategoryMgt.Codeunit.al	609	f78939c4c771845f040b9c87a6af890810973ab812546669a00ae17a957cab2e
Source/Base Application/Finance/GeneralLedger/Account/GLAccountIndent.Codeunit.al	62	4817942a11731869ad18e1bac1350745535c2bdba5ce49a1ac2789342c1783b7
Source/Base Application/Finance/GeneralLedger/Account/GLAccountList.Page.al	20	abbba982f7647eb0ae192319960df63c70def757b52131c35be96bd66e95d773
Source/Base Application/Finance/GeneralLedger/Account/GLAccountSourceCurrencies.Page.al	3	bb5a00beb24cce96a886577a81a349507695d509c46d4524410e883ad1995eee
Source/Base Application/Finance/GeneralLedger/Account/GLAccountSourceCurrency.Table.al	31	228dcb070d88205676694a25ca6551eaae02b9c0ae3e177ee886e01975700b72
Source/Base Application/Finance/GeneralLedger/Account/GLAccountWhereUsed.Table.al	3	c2ddc61dceb78e35565c5aa0b2196d508e92fea0a2a640210bd7b348776678ff
Source/Base Application/Finance/GeneralLedger/Account/GLAccountWhereUsedList.Page.al	3	db4d3a40e3a0f4301ed2e556a16b2f73fb81ee7d7d17b2d0ccda02de3d087eb9
Source/Base Application/Finance/GeneralLedger/Account/MyAccount.Table.al	8	3cdf2627d5f8c43fdb679f7869704ef729843f5fa9863214ae4010e2c5bb5f99
Source/Base Application/Finance/GeneralLedger/Account/MyAccounts.Page.al	30	223b1a6eaf06d7e7c8abc9d54598d8625646cb057ba08b0209ba3177b202cffc
Source/Base Application/Finance/GeneralLedger/Budget/CopyGLBudget.Report.al	386	0c15a39ebffd41de136f14734c90eab412e0c0ff8cf6a1b1b3c4782b70f0c079
Source/Base Application/Finance/GeneralLedger/Budget/DateComprGLBudgetEntries.Report.al	245	8303a78f11caa367b81729caa536d60f2a42e50464f650b1b1992e683bd6ef20
Source/Base Application/Finance/GeneralLedger/Budget/ExportBudgettoExcel.Report.al	431	d339c1cfb9fade8dbbdd850ad5dd23b2aff313664a0630755be3716245c9c0ac
Source/Base Application/Finance/GeneralLedger/Budget/GLBudgetEntries.Page.al	155	1f40eb5b21014f373ae78787a5e0e4ecb19a75926e32677c60263282f9f6b1c7
Source/Base Application/Finance/GeneralLedger/Budget/GLBudgetEntry.Table.al	248	040c808d4098c57e4fad1c10a81224c464e7f63bb02e56075b01a0703e01b707
Source/Base Application/Finance/GeneralLedger/Budget/GLBudgetName.Table.al	77	cf07ce4c9dd13b96f6385a56c30db03667643ba29805c9060c1ada575a3717d1
Source/Base Application/Finance/GeneralLedger/Budget/GLBudgetNames.Page.al	7	cfb2173de681caaab9af2b23255d077fa9412d08c1642b8b8ef499d5c6a1bc97
Source/Base Application/Finance/GeneralLedger/Budget/GLBudgetOpen.Codeunit.al	44	067f4b8762636a667ede7c9cdb4dbbe45d4f39a41a5691053c25963530c00562
Source/Base Application/Finance/GeneralLedger/Budget/ImportBudgetfromExcel.Report.al	459	7b864e2c6646f7ff6f622bcd9e10e0032b4b95dd8de17c918bf7604300ef9c61
Source/Base Application/Finance/GeneralLedger/Journal/AdjustGenJournalBalance.Codeunit.al	122	86f8fa01cb261f05cb8e17ce41147cdf7cdde19727e72cb6ce9b054da309594b
Source/Base Application/Finance/GeneralLedger/Journal/Allocations.Page.al	82	e30901c8e51819e3e7651c9f84739839ebbf6f2535e68c0c91820d3d71df0155
Source/Base Application/Finance/GeneralLedger/Journal/AutoPostingErrors.Report.al	1323	b5a519999bfb87f48f3da0f1c5b31752140d1d42f08215a3015ede80bc806ba6
Source/Base Application/Finance/GeneralLedger/Journal/CashReceiptJournal.Page.al	308	8277a1bcb2c465100647d3683d4a6a1060f60ab7a1428cc494bd0edc04b5bffa
Source/Base Application/Finance/GeneralLedger/Journal/CheckGenJnlLineBackgr.Codeunit.al	117	b49864212b1be40930c55051f9fcbbee7bd39a04ea3e4108bfabbc01034141b9
Source/Base Application/Finance/GeneralLedger/Journal/CopyGenJournalMgt.Codeunit.al	123	12d8225b7eca57cfdd3e5cc3c474de004206c75e65cebced3e3b3324bd97442d
Source/Base Application/Finance/GeneralLedger/Journal/CopyGenJournalParameters.Page.al	24	0d6477eea99728d1554d660c02c93ba4bcb47c2dea1cef508ccb7b667d6f66a9
Source/Base Application/Finance/GeneralLedger/Journal/CreateCustomerJournalLines.Report.al	245	7b8c2d60f386540ab82bffa9760457ae52670f9b39f60484a0b6b3f37461eb39
Source/Base Application/Finance/GeneralLedger/Journal/CreateGLAccJournalLines.Report.al	199	296d1aa3b1674f777feb342a7770cac2a2202a9326b1e9caf3b7f4378130d721
Source/Base Application/Finance/GeneralLedger/Journal/CreateItemJournalLines.Report.al	200	09964682ef831028f1b70bab55453ceb81c3f0d17ab2c866fde568dbacb6036b
Source/Base Application/Finance/GeneralLedger/Journal/CreateVendorJournalLines.Report.al	245	d500918b828a586714023e71bc7c1e822f5637774596eb6e6e16f77742290098
Source/Base Application/Finance/GeneralLedger/Journal/ExchangeAccGLJournalLine.Codeunit.al	55	4e7dacfb519287e38788c25273a3ea9e5ddcd4ab6f18500c6cd58651192c52fa
Source/Base Application/Finance/GeneralLedger/Journal/GeneralJournal.Page.al	703	9e3b36d15956c14698db88c75c643af90e80d8947c8c53d3c44a5d65e0bb5c58
Source/Base Application/Finance/GeneralLedger/Journal/GeneralJournalBatches.Page.al	54	9de7937888d4e36acac28c161199e0956f0bc9f93c9fbf2dba56f9452f6a22f4
Source/Base Application/Finance/GeneralLedger/Journal/GeneralJournalTemplates.Page.al	26	4282f5a8f09d981396ed39a3bd39735ff0d683d9f5e69b503e94335aa00daab2
Source/Base Application/Finance/GeneralLedger/Journal/GenJnlAllocation.Table.al	388	a88182baacacb709d181e1d1ba8c0382ed53a489b62c6fcf653d0425fec823a1
Source/Base Application/Finance/GeneralLedger/Journal/GenJnlCheckLine.Codeunit.al	724	94048662dd18ef4bd895d0c7b203dcd1b5e2407bc2c034202b0f9687e2e12648
Source/Base Application/Finance/GeneralLedger/Journal/GenJnlDimFilterMgt.Codeunit.al	16	8779bb444d55f11a08ea0e029dfd184ab554b32b1210dbec7a63f6c4790678ea
Source/Base Application/Finance/GeneralLedger/Journal/GenJnlDimFilters.Page.al	25	8c25702826ece935da011c7729fd8417205cccdc495c022f4633bfbba060c8a9
Source/Base Application/Finance/GeneralLedger/Journal/GenJnlManagement.Codeunit.al	380	870057ab4d6fa202c478d35fa8655fdefbc4492395f14455c377317a28c3683e
Source/Base Application/Finance/GeneralLedger/Journal/GenJnlShowCard.Codeunit.al	23	9a61fa9f5fc8fbdf65707cb6b58ccda08f818b5e43b571707b29ec3ecd43fd82
Source/Base Application/Finance/GeneralLedger/Journal/GenJnlShowCTEntries.Codeunit.al	92	0772ae3713de48e94f9ab2c638b29070089a5167c38994d779120457f6c6ca88
Source/Base Application/Finance/GeneralLedger/Journal/GenJnlShowEntries.Codeunit.al	68	9f94c1ecee305085a533fda58981f3a72f549072c24ea18559b9a2b67b41f8b3
Source/Base Application/Finance/GeneralLedger/Journal/GenJournalBatch.Table.al	171	4ab9451ef088061165a47e16b40bdb24edbe36bd90fa5b9346d150dcd544f679
Source/Base Application/Finance/GeneralLedger/Journal/GenJournalLine.Table.al	5205	3c816ce47f513f11811ce0da9d089964bd12b32d5f5a6580f95ca55e5202dc61
Source/Base Application/Finance/GeneralLedger/Journal/GenJournalTemplate.Table.al	161	dd099b02e466d24a37e29b508d440e7ae35eda8790a84c7e7efd2d93ba4512b5
Source/Base Application/Finance/GeneralLedger/Journal/JournalErrorsFactbox.Page.al	80	862fb0fa72ed2825139877f53a45052ad4c6e98c47cf2467ca11e58a4cdbbd72
Source/Base Application/Finance/GeneralLedger/Journal/JournalErrorsMgt.Codeunit.al	145	03e722ec83af9e2251ba94d2be8e3b6aadae37f28c172bc4fe317677bcef7010
Source/Base Application/Finance/GeneralLedger/Journal/JournalLineDetailsFactBox.Page.al	70	3fc18e7204625ffc8449cb1bf5ccea104f7061eefa964e1cc9634912c3dbb943
Source/Base Application/Finance/GeneralLedger/Journal/LibraryAPIGeneralJournal.Codeunit.al	80	1267b858e18ce28f50472411e47a96fdc400edbb87232a11d4c84c97259c218e
Source/Base Application/Finance/GeneralLedger/Journal/PaymentJournal.Page.al	512	69e9a6459aace62a9056a4e3783c3cfea9301c2b7018eecade275db653d186a8
Source/Base Application/Finance/GeneralLedger/Journal/PostedGeneralJournal.Page.al	45	a823d6e8594ceb912109016b0cb6ef569acefe17e0eae46a2b527c268e39c874
Source/Base Application/Finance/GeneralLedger/Journal/PostedGenJournalBatch.Table.al	9	c4f8db348d4f7eac5f6071b2fa1df201ed7a0bdda034353d0a24a5c259644432
Source/Base Application/Finance/GeneralLedger/Journal/PostedGenJournalLine.Table.al	22	f28bf76b51faba5688bcf9b0f98f498022367f89fdb60a17d347e3bc0242333b
Source/Base Application/Finance/GeneralLedger/Journal/PostLateGenJournalLines.Codeunit.al	31	291639aa3705c7faf17a9e0abf829881a534afbe0c5d8376c30bfa40cf7f977d
Source/Base Application/Finance/GeneralLedger/Journal/PurchaseJournal.Page.al	444	9a7a8dfc369ff86549fed07bd8d892466a512ea42712a610617c3ff31b63001f
Source/Base Application/Finance/GeneralLedger/Journal/Reconciliation.Page.al	60	3b6f162d92f3dfd4d420d2329303896fa1da67ad33d0654e91a9ee8fe4eaa8d5
Source/Base Application/Finance/GeneralLedger/Journal/RecurringGeneralJournal.Page.al	213	e05ef8afa65facc5a7da1e0d47aafb07364676c3027e8eab6b9ac5d776d24f7b
Source/Base Application/Finance/GeneralLedger/Journal/SalesJournal.Page.al	414	7e20bc3e2a40c51a4dba5a390e8ce696ae0ea635e4b1c5a6945d0d508e3f6df4
Source/Base Application/Finance/GeneralLedger/Journal/SaveasStandardGenJournal.Report.al	107	354f442ec4bc09e67966611434904cfb2a1a47dce8bf4bd5aae8027e9eeab292
Source/Base Application/Finance/GeneralLedger/Journal/StandardGeneralJournal.Page.al	4	7cdff4e732c41b6f00b8f137511ee679c1fc6b7ccabdc18d4344c8e39d20726d
Source/Base Application/Finance/GeneralLedger/Journal/StandardGeneralJournal.Table.al	129	f0905f787f5dd77ed312e3e0c3fd965a0b4f67618d499531b49863d339623b69
Source/Base Application/Finance/GeneralLedger/Journal/StandardGeneralJournalLine.Table.al	1082	abef17c05a027be4728884400314865bbdb51dbb426fdb71ac0e334a04ee7e96
Source/Base Application/Finance/GeneralLedger/Journal/StandardGeneralJournals.Page.al	4	9303ec075bb9d948ba72935b00a120644795531e1bfd07a31b3b8ba133855022
Source/Base Application/Finance/GeneralLedger/Journal/StandardGenJournalSubform.Page.al	49	710b46915283d7b73921fc02e9c4a164e9097e8cf54f36b8bc556b17d0c73a4e
Source/Base Application/Finance/GeneralLedger/Ledger/CalcRunningGLAccBalance.codeunit.al	49	c524c26cbeae779dc770e8bef69db028c251e54d452462e5bfd242be4cd91309
Source/Base Application/Finance/GeneralLedger/Ledger/DateCompressGeneralLedger.Report.al	361	ef2d1c238ca55b9ef22f1fd6b3f41b2dd651934b0df94cc12893f3d032266310
Source/Base Application/Finance/GeneralLedger/Ledger/DeleteEmptyGLRegisters.Report.al	60	79401b3446a3200d54d967055fba5fba0b7edcddce1743a9996b99dc42732d92
Source/Base Application/Finance/GeneralLedger/Ledger/GeneralLedgerEntries.Page.al	117	201dcd9144a5a8204e579a7c7aa6aca574cc3c528fc645fcc0159d8d22166ef7
Source/Base Application/Finance/GeneralLedger/Ledger/GLEntriesDimensionOverview.Page.al	30	499ea09040ce2a2a93e8edc1fe54751ec3127b9877b77a9a72212bf0aa9126af
Source/Base Application/Finance/GeneralLedger/Ledger/GLEntriesPart.page.al	22	34246551879747868c8999e3cf51e40792a50c111c56f9cc1947cb739f184429
Source/Base Application/Finance/GeneralLedger/Ledger/GLEntriesPreview.Page.al	24	fdae0da34ce5cb50755e3215f560899c76f06221d22a4d5a13c137dc24441fb0
Source/Base Application/Finance/GeneralLedger/Ledger/GLEntry.Table.al	182	a504d25ac6deed3c5b4f34b69740d9e760e7865f0e4353d7cf23c63c22a6d812
Source/Base Application/Finance/GeneralLedger/Ledger/GLEntryEdit.Codeunit.al	21	1e51b4631a18298893c0cf72284bb943de10ead1ddddf7f58ddfdedd3820480a
Source/Base Application/Finance/GeneralLedger/Ledger/GLEntryPostingPreview.Table.al	8	a7b37ed81a22400d40baddcd0584b6fb12a7f7d3368e2d2ff91c6b1572165bea
Source/Base Application/Finance/GeneralLedger/Ledger/GLRegCustLedger.Codeunit.al	3	d557627dc0a6e1a736f177495c947b6bcd3f85c1f5739a8aab35bab67b04519c
Source/Base Application/Finance/GeneralLedger/Ledger/GLRegGenLedger.Codeunit.al	7	c4f0bf09776e223300f944ec4eb56d3b8cbbe435aa738417024e2bccc6821a22
Source/Base Application/Finance/GeneralLedger/Ledger/GLRegister.Table.al	12	5101655670a506c18d759f8da3448679abb9fbce5be04e60a4ac88945f59e055
Source/Base Application/Finance/GeneralLedger/Ledger/GLRegisters.Page.al	56	9dd4772a55d3179afdec85c1a6cb046ee5abde3d6e779e89e769b9ce0ff8fef2
Source/Base Application/Finance/GeneralLedger/Ledger/GLRegVendLedger.Codeunit.al	3	47633b0e631fa8b1df58bc5b868ffc0bdbc0ff14dd63ae98470a2a578119eaf4
Source/Base Application/Finance/GeneralLedger/Posting/GenJnlBPost.Codeunit.al	67	43810a5634daee108389a9e321c7bbc3faf733611e4402a3a62ca48c34da646b
Source/Base Application/Finance/GeneralLedger/Posting/GenJnlBPostPrint.Codeunit.al	75	d98a647b298c0cee7dbac4ff26921722dbe5058bf974747a68eb44ebc7210f01
Source/Base Application/Finance/GeneralLedger/Posting/GenJnlPost.Codeunit.al	106	16bf1bc87ec17fc2f7f23a68148ef9a79907e797e0e9c8a985225641625e1fcf
Source/Base Application/Finance/GeneralLedger/Posting/GenJnlPostBatch.Codeunit.al	1491	5aa242fdc2660c8a888e5d19d72fe1d48217667ec0d39829f21b2cc8c2452c13
Source/Base Application/Finance/GeneralLedger/Posting/GenJnlPostLine.Codeunit.al	5932	f86afa036c17eb639f2ce23ac036e9678b18261d252efca85abeb9331713d47a
Source/Base Application/Finance/GeneralLedger/Posting/GenJnlPostPrint.Codeunit.al	85	87191c43a40be1ab985cafc6fc98a05c9845cff75e2b1b72bd3d72f936ead90e
Source/Base Application/Finance/GeneralLedger/Posting/GenJnlPostviaJobQueue.Codeunit.al	97	0b7d8e728ce223714aaf22a394ba015b5b215b254c1d97485207e8073e8072f1
Source/Base Application/Finance/GeneralLedger/Preview/DocEntriesPreviewSubform.Page.al	9	646962282f1085e86ebe951ac8cd532dd5eaee09d72a67efba2a81aa075c62ef
Source/Base Application/Finance/GeneralLedger/Preview/ExtendedGLPostingPreview.Page.al	23	b56c7fb2007c1d74b12db356af19760dc6e729c25a1fe3e722dddff361f9cfcd
Source/Base Application/Finance/GeneralLedger/Preview/GenJnlPostPreview.Codeunit.al	88	f36857412cc2605a11d7fdb41f2f6f74059fafcae32a8c1fbfeb3c5993bf0d85
Source/Base Application/Finance/GeneralLedger/Preview/GLEntriesPreviewFlatSubf.Page.al	16	da234c930f640230bfe59aa582a377676a4da3e5e7ffca3663db9cc2845b60a6
Source/Base Application/Finance/GeneralLedger/Preview/GLEntriesPreviewSubform.Page.al	75	cd24756e3233805a48c34840f39a220ee6a6bae534996f7261f4cfe60fa490aa
Source/Base Application/Finance/GeneralLedger/Preview/GLPostingPreview.Page.al	12	680b0b6b1b6c32a837742d02a068b236add32af2c5f6633bcf7f040d3ccbcf71
Source/Base Application/Finance/GeneralLedger/Preview/PostingPreviewEventHandler.Codeunit.al	383	46dada095a985494740743f27d48ca225458409ffa27cd3624074636a43ff576
Source/Base Application/Finance/GeneralLedger/Reports/AuditTrail.Report.al	7	9d42b2bcf5a62f810b48ca216d14599f974f8774a46247335aef0eec83be52d5
Source/Base Application/Finance/GeneralLedger/Reports/BalanceCompPrevYear.Report.al	165	dbdcbcb5bf57f2613f9bf7013eeb5a1bf7fb58d1fc8b04b2f6e41fd985de3ca3
Source/Base Application/Finance/GeneralLedger/Reports/Budget.Report.al	43	841056d3a41ee805c398237a1cd5996ae6db05e6bdeaea2afd01bec40536dbae
Source/Base Application/Finance/GeneralLedger/Reports/ChartofAccounts.Report.al	21	2ff657a3ec65a5242f77526c18bdc3da11e4c3346151c1c34fdd4f83ae0573f3
Source/Base Application/Finance/GeneralLedger/Reports/ClosingTrialBalance.Report.al	47	50a0fa6580772384cf43ca39044dec738d1cebedc6347698f732fb13f5a6ee73
Source/Base Application/Finance/GeneralLedger/Reports/DetailTrialBalance.Report.al	81	03940ae9219db6fcee6a725140ec1fde0e5ed8867037d7edb02e4f4a5633b802
Source/Base Application/Finance/GeneralLedger/Reports/FiscalYearBalance.Report.al	159	f1dc2fba4e0f4694e7b26f05f8c46a495a04c90952c111c5f64513ef41de1409
Source/Base Application/Finance/GeneralLedger/Reports/ForeignCurrencyBalance.Report.al	43	64aaf1593e7090106c52c42f89213435b575a22dcc89be0ab2e54a64802267a7
Source/Base Application/Finance/GeneralLedger/Reports/GeneralJournalTest.Report.al	1302	80b5090a208563414bc158b495e7296ab1a5550242d14f92b398e93558e580aa
Source/Base Application/Finance/GeneralLedger/Reports/GLDocumentNos.Report.al	52	3983233ec2f4661d7822a162e462451235015702a2cf92a2c7386323eedd2102
Source/Base Application/Finance/GeneralLedger/Reports/GLRegister.Report.al	119	7bf132c076173dfab432c2bb952b0506c485068427681bd33a4761250c17b0b8
Source/Base Application/Finance/GeneralLedger/Reports/ReceivablesPayables.Report.al	42	f5d925da39c10325396c1ffe2c3e89a671895fb1a3c9a2a8bba35efb73aa4859
Source/Base Application/Finance/GeneralLedger/Reports/ReconcileCustandVendAccs.Report.al	324	293160f55e416b856d0010714c438836075fc77d77526c124a28cf18e728798a
Source/Base Application/Finance/GeneralLedger/Reports/TrialBalancebyPeriod.Report.al	104	eca9434c23d59086df3b85649196de6368a7e5b011c37a8e81caa8cf4cb2cddd
Source/Base Application/Finance/GeneralLedger/Reports/TrialBalancePreviousYear.Report.al	59	d6b3e9232d5b29953fa218f1f6f7cc0779c0c5edd4b1855b76eb6421303d3230
Source/Base Application/Finance/GeneralLedger/Reversal/GenJnlPostReverse.Codeunit.al	724	d71d134b9852e6411750ce439f2cae24688463ecd71dc47afdcbfac607bf09b7
Source/Base Application/Finance/GeneralLedger/Reversal/ReversalEntry.Table.al	933	197c5a1781c44d8b377327c51c9ed419ea589170b29895bf23e0c884904a0779
Source/Base Application/Finance/GeneralLedger/Reversal/ReversalPost.Codeunit.al	60	2155827aadea91c87fc6366d57a519ac72fcde2b0d9f61d76aad46865e1e6a07
Source/Base Application/Finance/GeneralLedger/Reversal/ReverseTransactionEntries.Page.al	71	ad274b52ed8ae647f924e14b33228c16718463e4a019c855ad18921ba3e50ca6
Source/Base Application/Finance/GeneralLedger/Setup/AdjustAddReportingCurrency.Report.al	350	dc9a8a9936229667146acf9ca9fdf764cdc490a938d5950071048592877f2e12
Source/Base Application/Finance/GeneralLedger/Setup/ChangePaymentTolerance.Report.al	255	f53e4b3328cd259a178b9a8c8914edb97f7fa44fa45779b0dc94835ab15db582
Source/Base Application/Finance/GeneralLedger/Setup/CloseIncomeStatement.Report.al	480	3e518d1031e4294a3b22dd8955658a7828153d4d8d35338da5282d7e7aa78c2b
Source/Base Application/Finance/GeneralLedger/Setup/CopyGeneralPostingSetup.Report.al	79	ffd2f14f53dd5a3c0e0d902a41aea750da3fa5b0953046d144107bcc0966c0aa
Source/Base Application/Finance/GeneralLedger/Setup/DefaultRetentionPeriodDef.Codeunit.al	5	10404bace8b847c4aa028b6e1a46a20d11630497d8d3301a48cd9f6aa2acd16b
Source/Base Application/Finance/GeneralLedger/Setup/GenBusinessPostingGroup.Table.al	41	3f2e96f452f04630fb378ead3c1a03ca27d52b322c70a7745f990acdc47aaa0d
Source/Base Application/Finance/GeneralLedger/Setup/GenBusinessPostingGroups.Page.al	9	07e9caae21f336211d61a18d5479aa15d0d5b4bb87783c0b145de12bdab9f2a0
Source/Base Application/Finance/GeneralLedger/Setup/GeneralLedgerSetup.Page.al	64	437230a207435251b81a88c36d974b943492bac60b66385f5424415d4773b7fb
Source/Base Application/Finance/GeneralLedger/Setup/GeneralLedgerSetup.Table.al	431	5b061fa8e7e1fd239141f9e25f75078d7ded967cb9d72cc468e129ac7b33b1ee
Source/Base Application/Finance/GeneralLedger/Setup/GeneralPostingSetup.Page.al	27	57a151ed17c73404cfcdcf4aeca154ff41df2ddfb8857117401459344a34294c
Source/Base Application/Finance/GeneralLedger/Setup/GeneralPostingSetup.Table.al	583	77bce07f0638997f540e294b358903d973a3e217b4573047e7598c0fe1551f87
Source/Base Application/Finance/GeneralLedger/Setup/GeneralPostingSetupCard.Page.al	32	3d21fe05bb5ec7d8a3c09c037e10b28a9dae41a616540150e217cddc8aa762d4
Source/Base Application/Finance/GeneralLedger/Setup/GenProductPostingGroup.Table.al	66	005f5d4afe2d87a44382ae03fc4ec24185af38fd41a252e89c8e08146912fb32
Source/Base Application/Finance/Intercompany/BankAccount/ICBankAccount.Table.al	2	1c7f159d2723026bf722a97ecced35b163b45ac2a677a0e42e0ee12500fc9a31
Source/Base Application/Finance/Intercompany/BankAccount/ICBankAccountList.Page.al	23	99569c959d7901de5f1c9fa3364e92b143e1a5e623f23c26c0afea89f4ea3b98
Source/Base Application/Finance/Intercompany/Comment/ICCommentLine.Table.al	12	858e7d696f32fadd1c31bf2c954cd05231352ee3f33f69a82df07cd9602b11bd
Source/Base Application/Finance/Intercompany/Comment/ICCommentSheet.Page.al	2	67ca79364edd61675a018fe7bf0722d177ab96f4415873ea4e4a2effb578755e
Source/Base Application/Finance/Intercompany/DataExchange/CrossIntercompanyConnector.Codeunit.al	176	be03465c871a1cf4d2e5366121afe8f07a1356f0ff2186369ddb955d7f99be1b
Source/Base Application/Finance/Intercompany/DataExchange/CrossIntercompanyModifySetup.Page.al	58	0fee439116927fd8e8ee6203ccb44ac541cbf3b36c2b52497aeab02c3a85da1f
Source/Base Application/Finance/Intercompany/DataExchange/CrossIntercompPartnerSetup.Page.al	166	e9c085cb5d7be2a11bd14d994fe8af393223f1c87de54a82e66da4cb8bc1ff2a
Source/Base Application/Finance/Intercompany/DataExchange/ICAutoAcceptJR.Codeunit.al	22	2c224b8ab6aace328e1401f68e0edfe5cf3e2a8911405393be99f0754fb163bb
Source/Base Application/Finance/Intercompany/DataExchange/ICConnectionDetails.Page.al	7	53d9bca85865960936b6af44ace80c196079bc25add51a622c7a95161e5bb587
Source/Base Application/Finance/Intercompany/DataExchange/ICDataExchangeAPI.Codeunit.al	746	da37cdd93d76ea969da47de4db435803eba1c58fcf48652b26d0368ebbe47975
Source/Base Application/Finance/Intercompany/DataExchange/ICDataExchangeDatabase.Codeunit.al	298	c2ccbd64e1f7accf12d1d1642f10574fe0052f39a0b826f1fabcca6d1c69b287
Source/Base Application/Finance/Intercompany/DataExchange/ICIncomingNotification.Table.al	11	4f6cda4c469480e20c3162e5e71ffb4041202b7e9dd8fc06cda994dd3660fd36
Source/Base Application/Finance/Intercompany/DataExchange/ICNewNotificationJR.Codeunit.al	25	92501c2f2a727864712a5f7cde5475bbe88d0952c68509daa253d31f7c05fc43
Source/Base Application/Finance/Intercompany/DataExchange/ICOutgoingNotification.Table.al	11	1598160209606a29e1b8ab8a8a9ccb599326e1505466731d5e7a15cf6f91f310
Source/Base Application/Finance/Intercompany/DataExchange/ICPartnerChangeMonitor.Codeunit.al	54	2214dec45fd93fa096602152f2fdfb64c05415829cb8ed2e17a0723295073553
Source/Base Application/Finance/Intercompany/DataExchange/ICReadNotificationJR.Codeunit.al	61	130d29e833a16ce7eda4ea21baebd526cc3a9b2aa9e0dcaa5116802ac9572f31
Source/Base Application/Finance/Intercompany/DataExchange/ICSyncCompletedJR.Codeunit.al	52	f7e1dde09bf1e3789d068cf1dbbffb414df3db43c419a1b2c6d2286f6ab4456a
Source/Base Application/Finance/Intercompany/Dimension/ICDimension.Table.al	35	e86fea56b384f15607ba475e89dc5bb441cfb7e113f34b9f5d26c362428bcb35
Source/Base Application/Finance/Intercompany/Dimension/ICDimensionList.Page.al	3	b3c357154294fa6545d39e3d516bdd8a5ed59dad0a641d5389aeb1e2c29c5538
Source/Base Application/Finance/Intercompany/Dimension/ICDimensions.Page.al	66	0f71ad1c6d9d808cec812d2278d4542afb4f1f7e202235d6a3c5f1bc8180d9d9
Source/Base Application/Finance/Intercompany/Dimension/ICDimensionsSelector.Page.al	75	cf8f69b80260b42973848b1dc8062d17ff3b147a9d134629a110b031153ced20
Source/Base Application/Finance/Intercompany/Dimension/ICDimensionsSetup.Page.al	19	baf1ad6c167059fcf3a94b612b1bd45e439166185f62003ab368d184aaca92bb
Source/Base Application/Finance/Intercompany/Dimension/ICDimensionValue.Table.al	19	a6be1282d63e11d5ec31b00a1502889c104f92b9c1b6e49f6ef844722e873a27
Source/Base Application/Finance/Intercompany/Dimension/ICDimensionValueIndent.Codeunit.al	33	336c86b0906fc7a790050496a9d22852f049d19c778d940079d8dc7b9d20cf98
Source/Base Application/Finance/Intercompany/Dimension/ICDimensionValueList.Page.al	8	c6764cd69ff98e1274c21c7b24b7860887c9161da0c9e8b245aa0ae8292a72e7
Source/Base Application/Finance/Intercompany/Dimension/ICDimensionValues.Page.al	14	06d58fd7459e580a8c3531697c720684819fbe66a0c0abc7bb2de19047724a3d
Source/Base Application/Finance/Intercompany/Dimension/ICDimValuesSelector.Page.al	57	b49f9bb0343eb8a92ddc854fd0e2a6fcd39a06b978222697f31c61cd0f1b1c24
Source/Base Application/Finance/Intercompany/Dimension/ICDocumentDimension.Table.al	17	aa6d9d1e59f2ee3e803f301fc28b12c006e91915983903ccdbb5ec7b21133e6a
Source/Base Application/Finance/Intercompany/Dimension/ICDocumentDimensions.Page.al	24	937959e42435781c9a2d4bcfc455e1fd9da48cdbd3b08ae7b65350b84cce9ac5
Source/Base Application/Finance/Intercompany/Dimension/ICInboxOutboxJnlLineDim.Page.al	24	a689ad05f759b2b1a025079b042dc29799d3b756d40b16848a4158e298b148ce
Source/Base Application/Finance/Intercompany/Dimension/ICInboxOutboxJnlLineDim.Table.al	8	684477cae1f73bb7b04176a1185a6b8ff83ec8d541cece5fb2c3439a2505cd81
Source/Base Application/Finance/Intercompany/Dimension/ICMappingDimension.Page.al	37	975bf6dc0af55e3de2b548e4c886c29ffabc56af45a2b17a9c9b9a82feceb8d9
Source/Base Application/Finance/Intercompany/Dimension/ICMappingDimensionIncoming.Page.al	2	062fbd98e927c3313e70d2efadfd627da33326cbe6fcda4407741cf380cae5c6
Source/Base Application/Finance/Intercompany/Dimension/ICMappingDimensionOutgoing.Page.al	2	058c28dfb3e2f8b902eeea6cf34f3c09262c716ae54e3cadd676e860b9785f2b
Source/Base Application/Finance/Intercompany/Dimension/ICMappingDimValues.Page.al	34	cb49c8f32e244277e763792424934651dca61a132a20fcd4990a887915172b69
Source/Base Application/Finance/Intercompany/Dimension/ICMappingDimValuesIncoming.Page.al	13	dd64ab584ca3f94a1e239479ad0c49ba182d25a3d3414b2b2518eecb9a3e373c
Source/Base Application/Finance/Intercompany/Dimension/ICMappingDimValuesOutgoing.Page.al	13	8634857fa3062bd9cf9c2d7d1861e5c5504db61605b4984f757e5418160df742
Source/Base Application/Finance/Intercompany/GLAccount/ICChartofAccounts.Page.al	113	79ae3d6cfbfbe0c599414bbd756db15cb54d9e4903269fb774c06470852a8f19
Source/Base Application/Finance/Intercompany/GLAccount/ICChartofAccountsSetup.Page.al	19	efc4fbe3758f62ad0385120a90c454fcf3a0cbeb4ae516569e23a6d6c92e7c5d
Source/Base Application/Finance/Intercompany/GLAccount/ICGLAccount.Table.al	18	e63834a21d91f47a9d3af4bd6d76d8d29b06b62a357120dcb3e3fc8351f21f43
Source/Base Application/Finance/Intercompany/GLAccount/ICGLAccountList.Page.al	11	d9bf670800244660b2d57bee53d2be7410f7038a074de26eb9338485fa602142
Source/Base Application/Finance/Intercompany/GLAccount/ICMapping.Codeunit.al	365	397e320224a1f06f929f84dae79f8d85aad5ec835e6f8d9ea6a7ef59af6ea428
Source/Base Application/Finance/Intercompany/GLAccount/ICMappingChartOfAccount.Page.al	28	25dc78b8bfff8641e3048c203ca7d3f5a6a269afd0b9f72ae2662d27023d71ba
Source/Base Application/Finance/Intercompany/GLAccount/ICMappingCoAIncoming.Page.al	10	7b35529a588279c9f8204c4547753672a4cfec22262ba802c18c20c9b0440ba5
Source/Base Application/Finance/Intercompany/GLAccount/ICMappingCoAOutgoing.Page.al	10	f29769456b2bc91edddb7f9a0715726a37704e94415b267eb9f5f5be01b043db
Source/Base Application/Finance/Intercompany/ICInboxOutboxMgt.Codeunit.al	2320	bc41e89b04052d2b4e41a2f8b0f68e90a42f7555a0c232bf31245ebf072238ac
Source/Base Application/Finance/Intercompany/ICInboxOutboxSubscribers.Codeunit.al	30	c8a07be91ebfafc579c15f7cfc4ebe651a7b231b60aad0acab210b22e422e112
Source/Base Application/Finance/Intercompany/ICInboxOutboxSubsRunner.Codeunit.al	3	9dd1010888188eb8def48f85896a70f88f560359eb8396829ae5b0cbf5536829
Source/Base Application/Finance/Intercompany/ICNavigation.Codeunit.al	154	65d23abd61d4b43d7633865cc132761a7ad17c1684cc2e9d107c04d0beee7cf6
Source/Base Application/Finance/Intercompany/Inbox/CompleteICInboxAction.Report.al	222	c6c36a8bdf2f4afe2853f414d1180510df96b9619c5b3b9e300e23a3348e1d17
Source/Base Application/Finance/Intercompany/Inbox/HandledICInboxJnlLine.Table.al	2	3fec4440d67d31c05ff554954e5c14cc24f00dd7846fcd6ab1aec4ffbcb10931
Source/Base Application/Finance/Intercompany/Inbox/HandledICInboxPurchHeader.Table.al	9	60133c6d48d372ffc5cb1c79d5f352def07fc95f83fa938110ad8daca45424b5
Source/Base Application/Finance/Intercompany/Inbox/HandledICInboxPurchLine.Table.al	6	37a9fbbbca0b8e288db6e0c3c95cfe44f0ac2d632081ebf4036feb1fae9d26a8
Source/Base Application/Finance/Intercompany/Inbox/HandledICInboxPurchLines.Page.al	2	a5dad913c9c4181f808dc04ae0087d0ad2ad0d56c96472f2f2fa8e97009fd1b7
Source/Base Application/Finance/Intercompany/Inbox/HandledICInboxSalesHeader.Table.al	9	07444dcea8bef188a54b67ea39161ab5bdc2fc4a92b0c8813c23345c5dd34be0
Source/Base Application/Finance/Intercompany/Inbox/HandledICInboxSalesLine.Table.al	6	247b349773d5494a0d45272dcbe9ab5962dd604840afc7105802bd3409f38abd
Source/Base Application/Finance/Intercompany/Inbox/HandledICInboxSalesLines.Page.al	2	256d6234e16198763881fec27f460d6b8388890448e8ead88a85847099de0c70
Source/Base Application/Finance/Intercompany/Inbox/HandledICInboxTrans.Table.al	43	83b74a2e63801b8843d7999e9bfdef5f17bc247d7f7805a551b5b3b547a3dc7e
Source/Base Application/Finance/Intercompany/Inbox/HandledICInboxTransactions.Page.al	7	8e412e5dca89065de23ed6d5dd8e1625f237a742b32735bc38f50256b61a8115
Source/Base Application/Finance/Intercompany/Inbox/ICInboxImport.Codeunit.al	92	070b4eb8c7b87d8987a5522cf257470d0408b8f370052cc42c218bb4a5603d83
Source/Base Application/Finance/Intercompany/Inbox/ICInboxJnlLine.Table.al	20	c81c560e381d9b0bc560a6b203a6111e8b31de7b7087bcea57bdb127464732ea
Source/Base Application/Finance/Intercompany/Inbox/ICInboxPurchaseHeader.Table.al	9	dbc24f0bd3d5b71cb1ead7817d3f2ee7ee5705937e8639148b7cbe50d103aa28
Source/Base Application/Finance/Intercompany/Inbox/ICInboxPurchaseLine.Table.al	6	0bb55e2328e77cfff819046f97d3e06353e8e196442b4000ad0b26ac720a58c1
Source/Base Application/Finance/Intercompany/Inbox/ICInboxPurchaseLines.Page.al	2	ac25881ac6e1a333561ba6af94cc409a0702e91eae55b89fbea36214705ad1f3
Source/Base Application/Finance/Intercompany/Inbox/ICInboxSalesHeader.Table.al	9	163f13278923cdefc2251af021629528a09f14010cd1ded54fd93eeddbaaab04
Source/Base Application/Finance/Intercompany/Inbox/ICInboxSalesLine.Table.al	6	43275b8114a1cab6539bd5527a2c4d3cc26f09720ca18217f3d6793c51aec359
Source/Base Application/Finance/Intercompany/Inbox/ICInboxSalesLines.Page.al	2	b72c0cf8e73b1308a2ccf3b8847b90e580fe97f43e114e2b6f89234b85fde6cb
Source/Base Application/Finance/Intercompany/Inbox/ICInboxTransaction.Table.al	110	aee7b5b4186a48045926186920a6d0a05fdca6f96370d763d6a52c43c1ae2326
Source/Base Application/Finance/Intercompany/Inbox/ICInboxTransactions.Page.al	122	aab30cb0baffb3f83883b8ddcafbc65bd9ea24ca396687b769bc8cb22f44c1af
Source/Base Application/Finance/Intercompany/IntercompanyActivities.Page.al	29	a3065c49f313042e889c5da70b400ce6b1cd08883c5c3f1be4b3c00a8956918b
Source/Base Application/Finance/Intercompany/Journal/ICGeneralJournal.Page.al	244	d6049add0b29c660978e59ef5ccb19fa6ea3cb1048a306c09a329491cda7779a
Source/Base Application/Finance/Intercompany/Outbox/HandledICOutboxJnlLine.Table.al	2	190c594c2377250d88d314482ddb722ccd72905c820759e758db03464b1edf08
Source/Base Application/Finance/Intercompany/Outbox/HandledICOutboxPurchHdr.Table.al	9	9892ce1b6a94a020eda61a21c0a743e5909659acd673b3150ae0e5ddf8caa09f
Source/Base Application/Finance/Intercompany/Outbox/HandledICOutboxPurchLine.Table.al	6	6212320d9d94df7f437c29ba33a12909c92f6af9c01d986c66e6d0113a716824
Source/Base Application/Finance/Intercompany/Outbox/HandledICOutboxPurchLines.Page.al	2	d18a904b25f510f5b8eb929d5e9ccb1285433ed3afa5ae05b2b2344653a7cf23
Source/Base Application/Finance/Intercompany/Outbox/HandledICOutboxSalesHeader.Table.al	9	2f34df0e929e7b6f72e63a4d8c460067e38eff05fe4c03b307b84bf3c5d1c4f5
Source/Base Application/Finance/Intercompany/Outbox/HandledICOutboxSalesLine.Table.al	6	46639e4fb17187abd75466ec5e2af106605e678eeaeb3d35d2451e10d348d21f
Source/Base Application/Finance/Intercompany/Outbox/HandledICOutboxSalesLines.Page.al	2	08bd4a71078052f8ecf64c69a3f13ad8496e29720150da2b2772aadd740ac240
Source/Base Application/Finance/Intercompany/Outbox/HandledICOutboxTrans.Table.al	43	83b13760ecb6bbf1c18ec7d915c234b4045c6cf9aa9f993b1a903a3e871ab37c
Source/Base Application/Finance/Intercompany/Outbox/HandledICOutboxTransactions.Page.al	6	abcf34c7be31897c77fc7f548282e25a443a5e099d9f3888382759af153af067
Source/Base Application/Finance/Intercompany/Outbox/ICFeedback.Codeunit.al	85	0ef53f28e2f829a57b947ba7624da9ec212dada160f0a1a88267b84342baa55d
Source/Base Application/Finance/Intercompany/Outbox/ICOutboxExport.Codeunit.al	241	d82be7299b91ae19b36109cb0edab63860097612e53ab87871c557a975e51b5b
Source/Base Application/Finance/Intercompany/Outbox/ICOutboxJnlLine.Table.al	15	31dbff94e68d5f26673fae042378ade8f3824e2f6fc4e8a28f6d13d424039d3f
Source/Base Application/Finance/Intercompany/Outbox/ICOutboxPurchaseHeader.Table.al	10	1c57a4a690a73fe7b48b419fdb841724623c57c8b68b1b8c14b15278e3b3469f
Source/Base Application/Finance/Intercompany/Outbox/ICOutboxPurchaseLine.Table.al	6	165a9266a89f9026fe1ce7a2712299f5320d08313dabca4f70840c15f6d751f4
Source/Base Application/Finance/Intercompany/Outbox/ICOutboxPurchaseLines.Page.al	2	0c38bc7618f79faf031350fed672ecb6b7a020d00830a7f79ab66ecd1202930a
Source/Base Application/Finance/Intercompany/Outbox/ICOutboxSalesHeader.Table.al	9	029314b105ba6be124074aa4280e0b12e8223686036e5479c270e92b79f8ccbd
Source/Base Application/Finance/Intercompany/Outbox/ICOutboxSalesLine.Table.al	7	eb18d52280cde0bb886d58d8db5dd20abb77b3465cfc60cc2c673e3860273875
Source/Base Application/Finance/Intercompany/Outbox/ICOutboxSalesLines.Page.al	2	2c5281f65dee008f650fc6c5a4ae9be715ab9e4cbda6896400ee588b2c4b0328
Source/Base Application/Finance/Intercompany/Outbox/ICOutboxTransaction.Table.al	114	69d1d586d06369b36db54f4933347a1ebbdcf46ee7f5d4ba552e54e701bba7c0
Source/Base Application/Finance/Intercompany/Outbox/ICOutboxTransactions.Page.al	78	b8111da68ec09f2fe68d25e7af5cc44d5acd0b054c6b943079bde6fd30d1e69d
Source/Base Application/Finance/Intercompany/Outbox/MoveICTranstoPartnerComp.Report.al	179	bd7b7188b4a8ebf6c4d39b3a5bae4b60be8a12d28c203a4568af84b6ab320214
Source/Base Application/Finance/Intercompany/Partner/ICPartner.Table.al	180	8d6aa30894f6235c3d6225aaa263bb1825ea56f1f28a005ca5c8cd9fa9c81422
Source/Base Application/Finance/Intercompany/Partner/ICPartnerCard.Page.al	60	35224ed1c419f998a7f76f24c0b88c6830dc6c7a6f8ae03a397a70021668a18d
Source/Base Application/Finance/Intercompany/Partner/ICPartnerList.Page.al	13	d4f270981215ea1a72003dedfca6166b3f5582c155eada59b8f97056fca0a9dc
Source/Base Application/Finance/Intercompany/Partner/ICPartnersListPart.Page.al	6	35c3f080690c2395af9f9df6d36c600a132bd9b5f2864c61223dbe9cc347dab6
Source/Base Application/Finance/Intercompany/Reports/ICTransactions.Report.al	130	00bb57259f8e3ff860c879a4008b509fc25b18753b62cbd267f5b95b0b26476e
Source/Base Application/Finance/Intercompany/Setup/ICSetup.Table.al	4	5c56f09c83f949d3812042a18e532bc84865a1125f66749956e8d6703f3c1754
Source/Base Application/Finance/Intercompany/Setup/ICSetupDiagnostics.Codeunit.al	85	dbf5c2000b5d63b92e02e8a54b93010250d754626d13721f1c58eca0cdfdcdc4
Source/Base Application/Finance/Intercompany/Setup/ICSetupDiagnosticsList.Page.al	9	6b6930d78097231590e5905e698fbbcf84a5c5b6ee15b9558b815ab58892fe76
Source/Base Application/Finance/Intercompany/Setup/IntercompanySetup.Page.al	13	17caede95e3de156e03509407ab036cdec65780d469491a4b6cb11b1c565ba03
Source/Base Application/Finance/Intercompany/Setup/IntercompanySetupDiagnostics.Page.al	42	e5438ef6fdaa7a09a75d949155a950f7c2c9b39fa57fd5adfda8298925ab1d44
Source/Base Application/Finance/Payroll/ImportGLTransaction.Table.al	9	b63f29cfe98f09e4934b65b6b8781695996bbaaed9a84afe9877cca4cd649645
Source/Base Application/Finance/Payroll/ImportPayrollTransaction.Codeunit.al	54	daa74b8f02abb1024b61dae8e5450edd62d9043d1c7854736a40bf7c6d236b29
Source/Base Application/Finance/Payroll/PayrollImportTransactions.Page.al	188	fdb63883dfead35190351e3227cdfc71459a15e9acc98c22d9e2b3c9bb1d4aca
Source/Base Application/Finance/Payroll/PayrollManagement.Codeunit.al	73	a03aa77770e830835ce8aa86e59c9473f5f17f4d4ce025432a1f946a50a40b29
Source/Base Application/Finance/Payroll/PayrollSetup.Page.al	5	3920c0980f46f2db5e01c45eb9d11ad106db47630247ea0c2ed4d0d7fef709f6
Source/Base Application/Finance/Payroll/PayrollSetup.Table.al	30	849d484701ade70b6417232d16283b1c445c3b3bd8bdfcfc24c3df54ce5a3b81
Source/Base Application/Finance/ReceivablesPayables/AccPayablePerfCharts.Page.al	5	20a4b06ffb317fc40fda8a5f1b24ad5d189baecdee8b23a0c4a89bf6ba0527eb
Source/Base Application/Finance/ReceivablesPayables/AgedAccPayable.Codeunit.al	108	ba74c89748e34fbd60e995c1c85456e77846b4abeaae3cf2aa5f6ecb1dbd443b
Source/Base Application/Finance/ReceivablesPayables/AgedAccReceivable.Codeunit.al	242	0996cee6fdd56292d4655fc429e2754997b6fb1f849d8596df6997b81c408028
Source/Base Application/Finance/ReceivablesPayables/ApplyUnapplyParameters.Table.al	24	bdd40a18d1b320bfe91debd3147bd2f3b7aae23d6c7dd9673b6709e725178804
Source/Base Application/Finance/ReceivablesPayables/CVLedgerEntryBuffer.Table.al	153	6c7c52b3088702d576d2d75559353311016536ca7354064eeb85a5ec53571aa7
Source/Base Application/Finance/ReceivablesPayables/DetailedCVLedgEntryBuffer.Table.al	157	73b131838814f8b6518194b973b038bd424e8ba71284c0397ed83cac66e9be59
Source/Base Application/Finance/ReceivablesPayables/GenJnlApply.Codeunit.al	580	5ad1d49db044d6826a1d22eed6759ab26fecc01d8b75b3d373d61841314ee892
Source/Base Application/Finance/ReceivablesPayables/InvoicePostingBuffer.Table.al	272	31a73c6cec3d2afe38946dbcf61f129d8cd1424bfd85fa2c951b5a15398279e8
Source/Base Application/Finance/ReceivablesPayables/NetBalancesParameters.Table.al	18	fda631404ba9a7c296bb979281dd5299957ba80a01fe4ea759106d43e1d20fab
Source/Base Application/Finance/ReceivablesPayables/NetCustomerVendorBalances.Report.al	20	2c1b4997e5e2ecb48bb659e973f5784a12cb4d7193affa2b7d0c3bd225d93a79
Source/Base Application/Finance/ReceivablesPayables/NetCustVendBalancesMgt.Codeunit.al	435	93089fdb958a5425179f9177a576f0402f58849d35e92a7890da521ff698d9c8
Source/Base Application/Finance/ReceivablesPayables/PaymentDiscToleranceWarning.Page.al	35	1d9a3139b22dac4bf8d401472dac00c7d12af057c797e4b73b816a11b7fbedbe
Source/Base Application/Finance/ReceivablesPayables/PaymentToleranceManagement.Codeunit.al	2010	f7b3e4e36fcd8588bc641fe60339763bf6a4d231459003824ef46d761f2026ad
Source/Base Application/Finance/ReceivablesPayables/PaymentToleranceWarning.Page.al	52	59b5004334c77ef8375cf4328a44636fb36bdce5261dc11975c88a9089d8b7c6
Source/Base Application/Finance/ReceivablesPayables/PostApplication.Page.al	13	06901f716fd986807b4eda8895702f77d4e719a5664ba63598e582deed5a258e
Source/Base Application/Finance/ReceivablesPayables/PostingGroupChange.Codeunit.al	99	05bb7655ee0d535f84ef97c6a8126dab8ec38de440f91cfe32b68fa56baf0813
Source/Base Application/Finance/ReceivablesPayables/PostingSelectionManagement.Codeunit.al	317	2b747e6a4e9f0be5c56f4cde689e4c04d9e93db8f8d44262ffe85667c0c42f46
Source/Base Application/Finance/ReceivablesPayables/PostingSetupManagement.Codeunit.al	279	ec25b24645e739cd10fb353c696854ea20b646e25491fb18861c254edd24546e
Source/Base Application/Finance/ReceivablesPayables/PrepaymentInvLineBuffer.Table.al	157	f1974eadfc7de44b83c9d00aa7fe2383a426b74f5cdd35e2f113a89cf76379ee
Source/Base Application/Finance/ReceivablesPayables/PrepaymentMgt.Codeunit.al	216	8095c7ba7ed43449b72962185afee04361108b78d8b0c56d3426ba49fb23b6e7
Source/Base Application/Finance/ReceivablesPayables/UndefinedPostInvoice.Codeunit.al	13	b8cc0734b0a1f3f482ea8a05d5a630a99120c54f07c0d8670ed31411626ff02c
Source/Base Application/Finance/RoleCenters/AccountantActivities.Page.al	83	cdbab20562527b781586e5946d362008195d501550ea528277bcaf8d330ff819
Source/Base Application/Finance/RoleCenters/AccountManagerActivities.Page.al	11	c13ec8877cf384fb8327b20f8280e448bdea6250adbefef4c1b783d1e899ddfd
Source/Base Application/Finance/RoleCenters/AccountPayableCue.Table.al	5	9c94055c11611a3b8ef7ba9d979adca5b641dd00c4665880b84ed48b0c4b4a4c
Source/Base Application/Finance/RoleCenters/AccPayableActivities.Page.al	45	d47cdf17a8ff0cf0dfd8807b703e8d0f61941c1d6e053197a74d7406610b5faa
Source/Base Application/Finance/RoleCenters/AccPayablePerformance.Codeunit.al	160	a3ba94f1cafb0460dadeb2e913a7a54d8acdee2e2e83d1e2336b93ba46b6d63c
Source/Base Application/Finance/RoleCenters/AccPayablePerformance.Page.al	77	6035a4854e8b281af38a8c9735ad8cb1250f11a332d7222cca8e36d958012de9
Source/Base Application/Finance/RoleCenters/AccPayablesActivities.Page.al	7	1dc4f3d8302ec622c68ddb40f65a701465f7578c15caa5d8b4b9e2f2ea39f339
Source/Base Application/Finance/RoleCenters/AccReceivableActivities.Page.al	7	5aff3b49c9a6b09f07d6e0878e58e5f1aa524043feeff4018b0321682016850d
Source/Base Application/Finance/RoleCenters/BookkeeperActivities.Page.al	10	2694b9289c4bc5a6bf5c3e491e8255a1d1b56039270d8c6f17e9b4a5f8c9bb4f
Source/Base Application/Finance/RoleCenters/FinanceCue.Table.al	1	40929b61f735c204444691a817e8abd755bd5c0cb5ffee614809a407ca6c826b
Source/Base Application/Finance/RoleCenters/FinancePerformance.Page.al	64	1558c10f87514b030d275a59e8331482e788277efac480daa952953e7d1a18a1
Source/Base Application/Finance/RoleCenters/HeadlineRCAPAdmin.Page.al	42	50e105bc318455b0f34c64ade7e0b89ee2854491160542e26f8ddd9c1819cc23
Source/Base Application/Finance/SalesTax/CopyTaxSetup.Page.al	70	2c1fc8fbb250ba9213bc95ea56e0786123d86ae90c530cf9279e494632e63d71
Source/Base Application/Finance/SalesTax/CopyTaxSetupFromCompany.Codeunit.al	74	85384b7807a69820c6a4e02dccb74559d0294911e0895674330d082cbe3e521a
Source/Base Application/Finance/SalesTax/SalesTaxCalculate.Codeunit.al	467	0bb9857b9054a06568ceb18fed8aaeb0a56e484dcc2d430aa7f9725cc34027f8
Source/Base Application/Finance/SalesTax/SalesTaxesCollected.Report.al	73	b27af346f672bc48d06190a4828fae385cd6f47ccec4b4654bb75f485c7b1876
Source/Base Application/Finance/SalesTax/TaxArea.Page.al	32	08f3ddb044c072faf82cabbb8a2384ec8b2c6eab2d37838ac53c4d2533216ba9
Source/Base Application/Finance/SalesTax/TaxArea.Table.al	53	55251c283c83a02ecf2de5427162a0621d7d704abc6bb6db6516e5756cf5d8da
Source/Base Application/Finance/SalesTax/TaxDetail.Table.al	132	94c6a62e53cdada29e4e74f47cc33af5122115c02f2c24cce8565f640d34cfce
Source/Base Application/Finance/SalesTax/TaxDetails.Page.al	6	07e6b4fe40169fbfce701ad6933e277f741a9e8c6ef70cf66c8d83033dd01d01
Source/Base Application/Finance/SalesTax/TaxGroup.Table.al	14	008fef6330b261f1c42888f0a53c1f3ac5b90270678d7e90c849473e0a3011b6
Source/Base Application/Finance/SalesTax/TaxJurisdiction.Table.al	85	5f0a3e2e4d0a3c570379dda8394941c48b2f3e0bdfbe8ef5cf326aef5657c47b
Source/Base Application/Finance/SalesTax/TaxJurisdictions.Page.al	38	8831977fbb6aa11df727b9036d5605ff5b46a0ff262403ae1f271c39cef55201
Source/Base Application/Finance/SalesTax/TaxSetup.Page.al	5	d360ddfda986e43c7d774d11b60bd8cd52212463304efe899f7f17890e7f62bc
Source/Base Application/Finance/VAT/Calculation/NonDeductibleVAT.Codeunit.al	169	bf6264c5f66b455ecc955b71db3a2ca0d03561927525f9a5ddcc55407c7d31e1
Source/Base Application/Finance/VAT/Calculation/NonDedVATImpl.Codeunit.al	751	fa7fea444ad75f780dac73d0f84821a8c7a42029c15effa38a7b9381246ca321
Source/Base Application/Finance/VAT/Calculation/VATAmountLine.Table.al	485	5d7f3002628176ee3be9dbf723f318a6641600aa47ef7fbf86bb765eff0db579
Source/Base Application/Finance/VAT/Calculation/VATAmountLines.Page.al	99	2935f95a2b0edb29f46d1b95ff57dfdb6281951c47020ad07952098e2d09b793
Source/Base Application/Finance/VAT/Calculation/VATPostingParameters.Table.al	17	fc5135442c7d67b36905afc11832765dcc36bc01aebbebb74c2b04385e202230
Source/Base Application/Finance/VAT/Calculation/VATReportingDateMgt.Codeunit.al	201	e4ff71505ad227d3c2ae96c77652fbce9b5ffddb7d3bcef409f720ce1f8f0095
Source/Base Application/Finance/VAT/Calculation/VATSpecificationSubform.Page.al	104	cb3615711f730b0aced157a8b74a227fc0408f229a178f2d237105e01f06c1ba
Source/Base Application/Finance/VAT/Clause/VATClause.Table.al	144	f6d98d6c938cd3a06bd0f6120c015351d615bfdea903675747cd8b8c3a6ed8f5
Source/Base Application/Finance/VAT/Ledger/DateCompressVATEntries.Report.al	267	c50f6d701e7ad17d055bf0e4a731b6f51bba2c2e989105d18718f8307e3150d2
Source/Base Application/Finance/VAT/Ledger/GLEntryVATEntryLink.Table.al	24	e811cb250cb70ca5809d630c6b557f4f0dad8f9c4b9ac6cf0a403a183f5b4aa8
Source/Base Application/Finance/VAT/Ledger/GLRegVATEntries.Codeunit.al	3	cc6d1cd64f917a7b5f38c91bccab4b248142239a84c906c07eb924dbec386823
Source/Base Application/Finance/VAT/Ledger/VATEntries.Page.al	40	3483a3fa9673ce0e84993372f7d729794fccd8b96186ecf3a5a6bf1630fbbec1
Source/Base Application/Finance/VAT/Ledger/VATEntriesPreview.Page.al	5	e04d415286f4b81d1f416e8599ac26137dc343a3448260ff89cdc31b60cfcc23
Source/Base Application/Finance/VAT/Ledger/VATEntriesPreviewFlatSubf.Page.al	10	9c048c7826bf4628a57c3fc8e29935079355c0d3bac946c8da9463f5e5f68f51
Source/Base Application/Finance/VAT/Ledger/VATEntriesPreviewSubform.Page.al	55	1925a4c008007240cbbca94383d3a40f890f550141a1a99f6ec79984acb0b5db
Source/Base Application/Finance/VAT/Ledger/VATEntry.Table.al	272	708da447619a689bdcb175a22b8d0c03fb31812c355e9e10d08b53da88d99d2c
Source/Base Application/Finance/VAT/Ledger/VATEntryEdit.Codeunit.al	26	5d127308b1e247ea0d1eca6a89af283b791a453dadaafd47e8e5f05abf37cc9b
Source/Base Application/Finance/VAT/Ledger/VATEntryPostingPreview.Table.al	6	22651566a68d1338884a761679e947a0af903699109345d811540f0bfe07f008
Source/Base Application/Finance/VAT/RateChange/VATRateChangeConversion.Codeunit.al	1226	04ad2b35c74243bb5c96adc0260b31692a00909f59dc344c5cc1475a125cb64a
Source/Base Application/Finance/VAT/RateChange/VATRateChangeConversion.Table.al	26	8b03e6a71dca053d3120afc319d10a87057f39c84349f50fbffcad0ed6ee1829
Source/Base Application/Finance/VAT/RateChange/VATRateChangeLogEntries.Page.al	21	8b9fd99dc3e1c6b93ba8c6674b1dd4520fe26e8462ba7bef341cc5d7b00535d1
Source/Base Application/Finance/VAT/RateChange/VATRateChangeLogEntry.Table.al	5	76cb007c74d9b2adef535e2f02d33552146692c3e9cf17c6f57fb765a685c6c6
Source/Base Application/Finance/VAT/RateChange/VATRateChangeSetup.Page.al	9	dc2f6fcf7e4affe9d1d6720eac7f70591b5880403d118141087f9d924ebc2370
Source/Base Application/Finance/VAT/RateChange/VATRateChangeSetup.Table.al	36	3db9c44d625e42d2d48428f0031572669451a75f6fbd64a3c8d0b15eaecaa322
Source/Base Application/Finance/VAT/Registration/AltCustVATReg.Page.al	6	de5ead3cfbb2844f59571df6370966fe7a84af26ae1cf25ee247ef201370232d
Source/Base Application/Finance/VAT/Registration/AltCustVATReg.Table.al	65	0f94d5aa4d13accb36d05a99b039dc28b3f7176a77b6bcf55acb7f2bec5ba072
Source/Base Application/Finance/VAT/Registration/AltCustVATRegConsImpl.Codeunit.al	22	ef0c0cba04aec46116f26d3927671d918e8cb3fd042dd3f5c47d88f1cde8d0fb
Source/Base Application/Finance/VAT/Registration/AltCustVATRegDocImpl.Codeunit.al	217	d09cf71962c89fb153aa94fd18a58b832852665af6e0141fd5a973024ff1ae98
Source/Base Application/Finance/VAT/Registration/AltCustVATRegFacade.Codeunit.al	113	38fa7cfe909f51c5ab5fb3f70d8eb54b9b02cddb8b63b7b83377f111584a5bfb
Source/Base Application/Finance/VAT/Registration/AltCustVATRegOrchest.Codeunit.al	3	c56ab983b91f80725f0867396a4ed3e0ccc67f2c0a69462cf79e5e214e75a608
Source/Base Application/Finance/VAT/Registration/ConfirmAltCustVATReg.Page.al	11	513f1883baccb5e3592a40f639345cf3dc07d0a017dfda7e3173c6bd47d481b2
Source/Base Application/Finance/VAT/Registration/EUVATRegistrationNoCheck.Page.al	10	abe8282fcf1aa9a5d72e4782ead340805af9c5496c3d1f3bb192fdbe159615ed
Source/Base Application/Finance/VAT/Registration/ShipAltCustVATRegImpl.Codeunit.al	38	374e533d21555f8a2b7401ecbff63ea832daf443a70e659d0c5b55c6f0f9b6f5
Source/Base Application/Finance/VAT/Registration/VATLookupExtDataHndl.Codeunit.al	122	330b0666c07b3c944c2c05770257092f4831cc4c1cfab86c09f9eed56a30d8ce
Source/Base Application/Finance/VAT/Registration/VATRegistrationConfig.Page.al	38	0e12f6c2967e8ec128e2ca383a0c010d99c07a16fc8d2d143f4971b0f4836c83
Source/Base Application/Finance/VAT/Registration/VATRegistrationLog.Page.al	9	30b520dc60441f401d8945ceb608540cc1b4950994e32c1eabf14fb1863bf01b
Source/Base Application/Finance/VAT/Registration/VATRegistrationLog.Table.al	182	c1645871bcc5c8557ca2700ff5828d1651a448b54f9440c34521000468af1518
Source/Base Application/Finance/VAT/Registration/VATRegistrationLogDetails.Page.al	39	dafdf81e317615246920beb445f46613cc2679bad17e220fd11ca0550fc8b41c
Source/Base Application/Finance/VAT/Registration/VATRegistrationLogMgt.Codeunit.al	250	0f10a927f2d88c5fe3a01b1a7ea7caf7e053db24c5e2453e71759fd0144342d4
Source/Base Application/Finance/VAT/Registration/VATRegistrationNoCheck.Report.al	58	a67ec7debcfdbb243677985ebd1112ddc487014134fc7949417031b669d77c88
Source/Base Application/Finance/VAT/Registration/VATRegistrationNoFormat.Table.al	172	a44d554b41ac7cc63c0a1f33ca5911688e0dac4dfe277d07a96002017ae3ff34
Source/Base Application/Finance/VAT/Registration/VATRegNoSrvConfig.Table.al	16	2c61dde704377576254ad30940040c8129030fda9f2cbf42877f97d4efbae7f2
Source/Base Application/Finance/VAT/Registration/VATRegNoSrvTemplate.Table.al	34	287482526aed2549c994eb842fdac859c63ba5dbf89ffd230d575f16865c80d4
Source/Base Application/Finance/VAT/Registration/VATRegNoSrvTemplates.Page.al	3	186a3cb70b0ae5d0425be15332885720e24d99cf7aa6278aae2347b8219b855e
Source/Base Application/Finance/VAT/Reporting/CalcandPostVATSettlement.Report.al	369	80dbd3536f7de86cab980661e0f5b6f8d675ad0c62e9cd0428b0bbee939a6f33
Source/Base Application/Finance/VAT/Reporting/DayBookVATEntry.Report.al	44	417dcc5b07d95b17a0bdbc8133066723ad099d12247123f67e703f343702c8d3
Source/Base Application/Finance/VAT/Reporting/ECSalesList.Report.al	80	594082f58a3d157266a93c38d56cd29f4d7b2a2cc481295b02d6b6a948f1e9cd
Source/Base Application/Finance/VAT/Reporting/ECSalesListReports.Page.al	5	5f8a116fc22e5418ea09c5108f94e7a450483e860da6c3b6504d125941f07720
Source/Base Application/Finance/VAT/Reporting/ECSalesListSuggestLines.Codeunit.al	85	17145d5136fb907145c95dd337c1161822cf45bba770564c64105f21d22068ee
Source/Base Application/Finance/VAT/Reporting/ECSLReport.Page.al	92	13c36d3fb4cbd86ee104ee532328655e265c9a5b7c803e6ae91148a7dce3321d
Source/Base Application/Finance/VAT/Reporting/ECSLReportSubform.Page.al	18	e60dbd89829bb2ac7dd660aaaafd670f8e1b010eab828c278372fcf176004ba9
Source/Base Application/Finance/VAT/Reporting/ECSLReportValidate.Codeunit.al	26	0f40e1bc7394770939397c21bc754100aac810a31eaf3f92fa3fb41a62c43ec9
Source/Base Application/Finance/VAT/Reporting/ECSLVATReportLine.Table.al	5	9b907b7ff8bbc61d990ed2832611247afcdb7d65ac02e92215989ac169a2f929
Source/Base Application/Finance/VAT/Reporting/GLVATReconciliation.Report.al	150	32d3463385f76dfa02c8c6aceaf89f51aef6fd1a06f8194bd54250c9f07670ed
Source/Base Application/Finance/VAT/Reporting/ReportSelectionVATStmt.Page.al	16	60249b4e82d5abe6e882287b4b9c9a898a25767d8568b9a83a44e1d47e635020
Source/Base Application/Finance/VAT/Reporting/VATExceptions.Report.al	27	4fcd6d112b571e91c9c022ffe62860d9e6bfc4deb4da5485993e831371c2b1e7
Source/Base Application/Finance/VAT/Reporting/VATReconciliationReport.Report.al	50	9874f5f6b873b1d9e834154505964270080829996d331b30d9ee872f39da7827
Source/Base Application/Finance/VAT/Reporting/VATRegister.Report.al	15	977a1e0da0f5fc5153e9402ab60ad72edad2d0156f855dda5c0b38e146d4af10
Source/Base Application/Finance/VAT/Reporting/VATReport.Page.al	107	6a5c97d24af6b5bc31762bbc61680d3b49843111de8f49209de4f982437fbe1e
Source/Base Application/Finance/VAT/Reporting/VATReportArchive.Table.al	75	3236257f55c04f726499e9f57aeae9e24d731c7186078fd67fdcbf40dc219a5a
Source/Base Application/Finance/VAT/Reporting/VATReportExport.Codeunit.al	13	abad310d5dd4822eb6f316fab84a7bac46b3622f8ba1d40ce6ac45c56ab262c4
Source/Base Application/Finance/VAT/Reporting/VATReportHeader.Table.al	284	b2e32b85a141b1c40637d1658c41204472c59e92cbbdb54f9c7e4e69a75a09f0
Source/Base Application/Finance/VAT/Reporting/VATReportLine.Table.al	7	87c6b08e9cc4df25fb1eb774dc92695adf3e7d55d0975ae8d7f9b89dbaff4604
Source/Base Application/Finance/VAT/Reporting/VATReportLineRelation.Table.al	20	ec87dedf2f329944e973273e5eb4e0271e362e5ffc330e8a578508b3f0fd624e
Source/Base Application/Finance/VAT/Reporting/VATReportList.Page.al	15	446b488364a89e9f4f0c0a82e653b2cc24a93bd2bd3f66bd6849d0a639268bf9
Source/Base Application/Finance/VAT/Reporting/VATReportLog.Page.al	18	56212769916255154e085a94cd775bbb61c618f8af444074147e14e7662b4443
Source/Base Application/Finance/VAT/Reporting/VATReportMediator.Codeunit.al	93	55453d91841fd67889e1ba588087245001b6a8f0ebb7f7b5742ea681acd1ef97
Source/Base Application/Finance/VAT/Reporting/VATReportMgt.Codeunit.al	125	7837b5cf2596738a6db51d52bc4e88bb6b988800f6758afe1622e4dc83c26923
Source/Base Application/Finance/VAT/Reporting/VATReportPrint.Report.al	2	4854372d66f5d8e51424bdd2c65ba1f4fc72124ea822d994f97b5bc4b7600774
Source/Base Application/Finance/VAT/Reporting/VATReportReleaseReopen.Codeunit.al	34	53f13493079a1e268d9994101c5f4e1cefc0b5d590865fe2fee3b249d78afc29
Source/Base Application/Finance/VAT/Reporting/VATReportRequestPage.Report.al	76	416261f04ddd13845d837574667243934a86dc5bccac895c6f25e4abd30dfa56
Source/Base Application/Finance/VAT/Reporting/VATReportSetup.Page.al	6	9a545dc57df4dcdccae011b30a5e854ec8be785eb40f7d26cdaa1b85d07e303e
Source/Base Application/Finance/VAT/Reporting/VATReportSetup.Table.al	16	bb169cb0a451278d1c3811d463e4507d14b5961003dd8bfe837754104e77282f
Source/Base Application/Finance/VAT/Reporting/VATReportSubform.Page.al	5	cdcd84f02fc89e149f152298998f293eba9c26bc8d346aa946833ff2252e995a
Source/Base Application/Finance/VAT/Reporting/VATReportSuggestLines.Codeunit.al	4	3efc7badc206ba8466a5e6bf546cf320de6550befd3fab61694c4c9dd3c8035b
Source/Base Application/Finance/VAT/Reporting/VATReportValidate.Codeunit.al	31	7295943e99791dcb0cdac769471ea0a053e5ce3359c7bd48d99503d98127a726
Source/Base Application/Finance/VAT/Reporting/VATReturnPeriod.Table.al	81	7cf578446c3c1c26ab713c4bc04fb744dfc77f830bf11443efc8fb622a9aa48f
Source/Base Application/Finance/VAT/Reporting/VATReturnPeriodCard.Page.al	35	c25da237b1167cb2cd02d4e529cb6a22feeb0348ea8628b9a9d5aedc33b5e8fa
Source/Base Application/Finance/VAT/Reporting/VATReturnPeriodFactBox.Page.al	2	d2eb9cf69eafbdb8738972ad3c52f0c3fc6e6dd969a8a94619dc1e70fe509919
Source/Base Application/Finance/VAT/Reporting/VATReturnPeriodList.Page.al	45	61c77278de2fcd607510c6f70b2f2a972e6ebb81eff5b50eab1e5796b2446baa
Source/Base Application/Finance/VAT/Reporting/VATStatement.Page.al	37	d1ef2971a668e1e5c08a8b5428743cd5ea2088db58559c5350e2d5d1a3c22251
Source/Base Application/Finance/VAT/Reporting/VATStatement.Report.al	234	290e81a21ded27d35c085b7f992f6a9808d3ff91ebc7d1a4ac2cddbd4bb84de6
Source/Base Application/Finance/VAT/Reporting/VATStatementLine.Table.al	32	09465e2ca9e264aaafc47ba3ce51260953a5d42e6d11a8f36d64295dd7feda25
Source/Base Application/Finance/VAT/Reporting/VATStatementName.Table.al	12	e9d0911ef1f588b57debc8e299c7c79eb29f9e7af3cfe6d5917168ba71525885
Source/Base Application/Finance/VAT/Reporting/VATStatementNames.Page.al	14	a08b98bbdc4de2db3f626899f3dd42745a7631fcd76cacb1c13b7b4c5a6fb2e0
Source/Base Application/Finance/VAT/Reporting/VATStatementPreview.Page.al	80	6c0c913962bef5e8d94938ceee9596184a5f3dbf596411b85d17e5b552bd6944
Source/Base Application/Finance/VAT/Reporting/VATStatementPreviewLine.Page.al	60	f8c83401f94ef7b6003713d9b51f6eef86dd654e3cc50389d847ef0c30a8f89c
Source/Base Application/Finance/VAT/Reporting/VATStatementReportLine.Table.al	7	11eaf8d2d986dc14bb356bee5ab3c6de31bd04603da8d4bbd201227f0f985f78
Source/Base Application/Finance/VAT/Reporting/VATStatementTemplate.Table.al	12	99c63ad7639d96a4f44c59a3275ccf436d4aab9cf1762467ca9bc15916c7fbdb
Source/Base Application/Finance/VAT/Reporting/VATStmtManagement.Codeunit.al	115	21c9b1890312a5957dbcc64bfe3cee4f259072e950526c27e7923093d2964787
Source/Base Application/Finance/VAT/Reporting/VATVIESDeclarationDisk.Report.al	122	456939965e63e2f8f77ad6e3d77f5ad9087e2fa5c31d045a26c65699572398de
Source/Base Application/Finance/VAT/Reporting/VATVIESDeclarationTaxAuth.Report.al	77	ed29481b7af5871105a920b8e113f935a71a3a1311e3013a5865c9aab4fe47c2
Source/Base Application/Finance/VAT/Setup/CopyVATPostingSetup.Report.al	61	b37a059d3777e2605fc72d77a477b50d803a6a4df317d34c95919f1760685c6e
Source/Base Application/Finance/VAT/Setup/VATAssistedSetupBusGrp.Table.al	45	b0dbd9c37b56fd4b7c27de73c9b5eb0e0cf7031764514f74ababa616b629a8a0
Source/Base Application/Finance/VAT/Setup/VATAssistedSetupTemplate.Page.al	26	92269238b51d286f65d2625ea325f6b0b4bcbc6f53cc53606f60457b951081e6
Source/Base Application/Finance/VAT/Setup/VATAssistedSetupTemplates.Table.al	66	f4a568d7933514716eb1c51cff6e9591d8e8d960b9a8ad4aa6768d99576bf8ce
Source/Base Application/Finance/VAT/Setup/VATBusinessPostingGroup.Table.al	8	f611d30983d4a3dfc876299dbdb17738a769e77540f80201729da7259688ef74
Source/Base Application/Finance/VAT/Setup/VATBusPostGrpPart.Page.al	53	19e98e3e34444c7398ba9e8ea1f549dcc115757f19844e52908fcb06c8d18d39
Source/Base Application/Finance/VAT/Setup/VATCaptionClassMgmt.Codeunit.al	20	58acdf18674ad91e8c7e63fb237a02999ea62960d368bb87e850bc80dc1d0578
Source/Base Application/Finance/VAT/Setup/VATPostingSetup.Page.al	11	61a3e2f06157708e1537c5c937befbd7f4cd05f8643c35a01f87449ac4fca430
Source/Base Application/Finance/VAT/Setup/VATPostingSetup.Table.al	202	0c3113f195d301fc3b89f9c957bd9d2a1083fb342a1f34c812bb22fce1824f16
Source/Base Application/Finance/VAT/Setup/VATPostingSetupCard.Page.al	12	7c11731ca9401ba97f999f68ee2433267c1ed951f5e467e0a5b892c8ef829767
Source/Base Application/Finance/VAT/Setup/VATProductPostingGroup.Table.al	8	0fcd4d7ce2112eb29bc4ba72480fefafbc26e3f66bdd823fe2b3023b39b789a9
Source/Base Application/Finance/VAT/Setup/VATProductPostingGrpPart.Page.al	101	aaedf5169714a601b36974154e10a69115cf844fa6e20d40d8144efda70ccd79
Source/Base Application/Finance/VAT/Setup/VATSetup.Page.al	6	b259ddfaa552181270ec211bcbe5a4381c430a42e859167e2385b27c27758c4d
Source/Base Application/Finance/VAT/Setup/VATSetup.Table.al	22	10aae456bf8d043ccfdc1c87eab788fd04c964e05da814c8978564ad34206568
Source/Base Application/Finance/VAT/Setup/VATSetupPostingGroups.Table.al	119	e4e32732cb0d9492332105197f466c7f0cabac5588a150b963a4b66ea0d09e88
Source/Base Application/Finance/VAT/Setup/VATSetupWizard.Page.al	342	342e84328d18e182221103761e0bca5c20aded531c1f906ae605c20ac1e01999
Source/Base Application/FinancialMgt/VAT/VATReportStatementSubform.Page.al	7	d0f5c04aea07401d7f34c36331c8f67f48868c610f29b945fab2c20fadaa3e89
Source/Base Application/FinishUpDesign.Page.al	37	7973000a2ad46a3fc05b171d2093064b338cfe3b377c2bdfe35bf7140ba098a9
Source/Base Application/FixedAssets/Depreciation/BudgetDepreciation.Codeunit.al	111	6ccd129c5a6f5739ed7ad168e77bba1ceb4a1c6ddc10e9b3e38debcb1718f635
Source/Base Application/FixedAssets/Depreciation/CalculateAcqCostDepr.Codeunit.al	33	b6fc619ead05433054facf60f0d667e8878715db3b8f7b8d10013cc82f6a956f
Source/Base Application/FixedAssets/Depreciation/CalculateCustom1Depr.Codeunit.al	325	a7fe893433bd5a5b72af234cad6a1fcad2fe5cfb5dc12d8c4b8b1fa8a40dc96f
Source/Base Application/FixedAssets/Depreciation/CalculateDepreciation.Codeunit.al	48	488e9d5c12fa02a89a66308a41849cee8ddb8515e631a66b142197c4047a43db
Source/Base Application/FixedAssets/Depreciation/CalculateDepreciation.Report.al	282	96676dc5c637fca6bc2cae562f1eef49c8f888ec76977dda96ec4d077525301d
Source/Base Application/FixedAssets/Depreciation/CalculateNormalDepreciation.Codeunit.al	569	a44c78b343c21b47ab591cd41e0bf3b8ae447c410e333a2191cfb3b0345b30e6
Source/Base Application/FixedAssets/Depreciation/CopyDepreciationBook.Report.al	163	3485dbf2cd818f36fb296711402c293fb394e720669ea820a2b98dee66b57aed
Source/Base Application/FixedAssets/Depreciation/CreateFADepreciationBooks.Report.al	39	db1e6430839f502cb163434cef3d0e4674d80e519346494041982ff66f45f605
Source/Base Application/FixedAssets/Depreciation/DepreciationBook.Table.al	103	4985f9bf08a56bd748c081ceaf58cc0be20f93a5d645cc243d68718296f1b35b
Source/Base Application/FixedAssets/Depreciation/DepreciationCalculation.Codeunit.al	500	b50e7e5c8b1a665152c9019f25b30918bcdfebee87679e0b1aa30e35509bf1d4
Source/Base Application/FixedAssets/Depreciation/DepreciationTableCard.Page.al	6	e097546c7ae398fadb528130ea10e365596e083639f67b9dd3a60cd0687c2438
Source/Base Application/FixedAssets/Depreciation/DepreciationTableHeader.Table.al	5	3aa1d1ee3e5e75db56dd85977288caeb8881d5efa76e5fd14ea44da71069b2ad
Source/Base Application/FixedAssets/Depreciation/DepreciationTableLine.Table.al	21	e8013f3c3d82e42aae3edd10033fd8c7b26ebe5ca5e99c9da7a4e6f9c2e074ac
Source/Base Application/FixedAssets/Depreciation/DepreciationTableLines.Page.al	2	dfddde5ee52321f4e50754a359e74a39521aac62ef296ea84d882e698e654810
Source/Base Application/FixedAssets/Depreciation/DuplicateDeprBook.Codeunit.al	412	26ed6a71b690f5e58cc99892ef9fd9e745557141af79c14693f92be60d8a3b21
Source/Base Application/FixedAssets/Depreciation/FADateCalculation.Codeunit.al	96	461de15e3d8153b98a5399de89c409bcbdcf5254682020655529be4301528bde
Source/Base Application/FixedAssets/Depreciation/FADateType.Table.al	114	e5dd237e1583125994be9ab18f8b2e4d98ceed980115be3fadba96cfeb0e9935
Source/Base Application/FixedAssets/Depreciation/FADepreciationBook.Table.al	548	5b7e08bded059594ef2276933870c52a6a2377f4a2f8fac5829b2cdc8cb80237
Source/Base Application/FixedAssets/Depreciation/FADepreciationBooks.Page.al	8	4858f2a366a65b42984c952829c90ed45216370834b58375ccfb0289742da4f6
Source/Base Application/FixedAssets/Depreciation/FADepreciationBooksSubform.Page.al	43	2adf62a8095a50643030da21c82cda3db73d9a6bdd0c0f05d9068db1b99ec6f7
Source/Base Application/FixedAssets/Depreciation/TableDeprCalculation.Codeunit.al	141	88deb70ef3ceea21fefbb515ad5f0472ab20ac1346f1ca64e42dec1694c2b623
Source/Base Application/FixedAssets/FixedAsset/CalcRunningFABalance.codeunit.al	41	7a3c6b4c72d5315ef0d82a48433747b6c342e4cde200dff1a9f73fb44f0d06a3
Source/Base Application/FixedAssets/FixedAsset/CalculateDisposal.Codeunit.al	184	dbad365edfa2aaa19e1c453defb1d67d54b55e858d0f32898af02dc8df18e7ff
Source/Base Application/FixedAssets/FixedAsset/CancelFAEntries.Report.al	17	eaef8b67d19993fef1cd4f121e4fe60153b432b87acae7d135a1907c7b28b136
Source/Base Application/FixedAssets/FixedAsset/CancelFALedgerEntries.Codeunit.al	118	89688d9df95aa9eadbb60fd49350677e774c7ca59a5fb799491f64a3e2d82889
Source/Base Application/FixedAssets/FixedAsset/CancelFALedgerEntries.Report.al	167	aead0bdff2602ec9cb31bb855ab54b58421ae6cf7827d0b70903fd3900ae347b
Source/Base Application/FixedAssets/FixedAsset/CopyFAEntriestoGLBudget.Report.al	68	6ef42a7a5a836e03386f42f2e6c46d1ca962993a67e5e96ac5a71bfb8e817596
Source/Base Application/FixedAssets/FixedAsset/CopyFixedAsset.Report.al	86	4a20298c299d9f3b06e972776fbe560af5ccc52e45ee8816a68321c49e94bc40
Source/Base Application/FixedAssets/FixedAsset/CreateSumofDigitsTable.Report.al	39	2446b0bd0b842ceb1121e286d9a6c72c06365f5760c66514be30650a590bf87e
Source/Base Application/FixedAssets/FixedAsset/DateCompressFALedger.Report.al	297	b32058ebf2dd55d508affa6a7415f5ae9f0158e2aa7d37a4e9f2372cb111246a
Source/Base Application/FixedAssets/FixedAsset/DeleteEmptyFARegisters.Report.al	32	f07a9790625fb5ac6bc8dbee7329f2bc9beccd2820a0f0a117c7abc732cfdd99
Source/Base Application/FixedAssets/FixedAsset/FAAllocation.Table.al	38	93a5067adb533a36644332facb4ba5d7c86d092a36a413f2361bbd42b96878c7
Source/Base Application/FixedAssets/FixedAsset/FAAllocations.Page.al	41	2b0e4d7fc9f9d0418f70f7a73dbde3609b63a40b30826b97283c2c9bb0604009
Source/Base Application/FixedAssets/FixedAsset/FAAutomaticEntry.Codeunit.al	61	3481a09eeaafd77e17f276a609a6aafe82a5d3da226a2cf1d3c44a37284f780a
Source/Base Application/FixedAssets/FixedAsset/FACheckConsistency.Codeunit.al	295	6ad92d0cc7ef086511c375965077c7b024708e5c6a60ab780f0a37f0e25d03a9
Source/Base Application/FixedAssets/FixedAsset/FADimensionManagement.Codeunit.al	74	1967de6dcd27f80a26561d3bbb0d500b6ac5b1c3a9b936839d66957c03df503f
Source/Base Application/FixedAssets/FixedAsset/FAErrorLedgerEntries.Page.al	13	4a02b9299ab130c7ff5d5a1b06c5d9c9a7f3555addf6471ef317360207885ab8
Source/Base Application/FixedAssets/FixedAsset/FAGeneralReport.Codeunit.al	185	eaccab3ee3ad6de23e5bad3a680df12e032e4a2a4606dc6f796c2f464b73986e
Source/Base Application/FixedAssets/FixedAsset/FAGetBalanceAccount.Codeunit.al	14	0ebea9e33706b35333b6849cc81775a01defc8793b987dbf8b05682362655003
Source/Base Application/FixedAssets/FixedAsset/FAGetGLAccountNo.Codeunit.al	48	9bff61f3dd2c29f1c62320c26bdf518961dda151a952f90ea6636820df1ca9e1
Source/Base Application/FixedAssets/FixedAsset/FAGetJournal.Codeunit.al	81	471c9e4a599f380e079d4dbd00cc44f313f0affb92963162c780e2a407269c3f
Source/Base Application/FixedAssets/FixedAsset/FAGLPostingBuffer.Table.al	2	5350fab09ba4ce2974b7c2979128eff150f0d956890c8ab6754c996d0454c65f
Source/Base Application/FixedAssets/FixedAsset/FAInsertGLAccount.Codeunit.al	497	ab44ef28f8c1cd4ab7792ac470ab08176a57eedea2a99879b08fb6fb4f397bdc
Source/Base Application/FixedAssets/FixedAsset/FAInsertLedgerEntry.Codeunit.al	514	b3d0263b9d6137c2baf0ad1a26e8eeda297c0d919aa1545bf08930db29dd35b1
Source/Base Application/FixedAssets/FixedAsset/FAJnlBPost.Codeunit.al	38	b89a424bbdfda13a843ee1f55d69f750321fc4a73059a4c33223364e9b886620
Source/Base Application/FixedAssets/FixedAsset/FAJnlBPostPrint.Codeunit.al	53	381ab43136ae779b466d93f23bb0d735db9ccc8d975130a8e780673cacb0f25e
Source/Base Application/FixedAssets/FixedAsset/FAJnlCheckLine.Codeunit.al	472	774c778bf0f53feaf40fe2da80bb225573936c4af584e41072012641c527b278
Source/Base Application/FixedAssets/FixedAsset/FAJnlManagement.Codeunit.al	157	ff23bc03b2649b4990c01365931efb40dd11ed41666fc9ef48c9564c995407e4
Source/Base Application/FixedAssets/FixedAsset/FAJnlPost.Codeunit.al	65	e5d0d4767e12f65217cb592094c62d9a697d00cab664cf8af2e60cf59c47908f
Source/Base Application/FixedAssets/FixedAsset/FAJnlPostBatch.Codeunit.al	266	d725bef27fdc94e618d059cea075c0a165d617bec9dda3052cfcd9bb0cffa117
Source/Base Application/FixedAssets/FixedAsset/FAJnlPostLine.Codeunit.al	486	034cf2c9e755662e1091bdce0409a0918610d073255ede4257c0ea1101660fe1
Source/Base Application/FixedAssets/FixedAsset/FAJnlPostPrint.Codeunit.al	50	1e4619c4f99c76052663dc582b8b786005e1f902bc8bd065bee980f07890f9ca
Source/Base Application/FixedAssets/FixedAsset/FAJnlShowEntries.Codeunit.al	19	8feabd8bf152acca4b5921bfa7c2d86968733633adfed75a2c630dd6c951b6d6
Source/Base Application/FixedAssets/FixedAsset/FAJournalBatch.Table.al	50	0a0e2f48b700bc605a7e2053ef8a42619e17acb2fd467c34d2f2acf4bb296607
Source/Base Application/FixedAssets/FixedAsset/FAJournalBatches.Page.al	16	9529162fa55aedce23bd598360ffbbe6271b43a942851a44d78fa90f5508e131
Source/Base Application/FixedAssets/FixedAsset/FAJournalLine.Table.al	216	8d1a9d6bf3ae5092348bcfcb58e693816a2f357238f63c2ebb8f77ed20a6e4ca
Source/Base Application/FixedAssets/FixedAsset/FAJournalSetup.Table.al	156	bc1efd59f3d0a0166355c5c38af9ffe2cde2fb93bb1b214a512ac8f75f7b5bc6
Source/Base Application/FixedAssets/FixedAsset/FAJournalTemplate.Table.al	45	97e5c9308f575f6a3da4b2d9e2301bb5c37929d096cc076b5824114f40e8c9d3
Source/Base Application/FixedAssets/FixedAsset/FAJournalTemplates.Page.al	5	6fbb1002288b30b063cd7128f206b3878ea2cbf51f66a13d3c5baf4e7c9b16e0
Source/Base Application/FixedAssets/FixedAsset/FALedgerEntries.Page.al	37	64bcc36daa763412c4927d20feef57dac7fc93d96d2bce08f80ed2b56cf90f41
Source/Base Application/FixedAssets/FixedAsset/FALedgerEntriesPreview.Page.al	13	a99e1845ea5831c03db89efe90764e3bbe3d7b1c57d9fd06e9eb893a0f44f7c7
Source/Base Application/FixedAssets/FixedAsset/FALedgerEntry.Table.al	98	b12d45e1590815d4c1d7c7e36eec2330af46600614e80026c831bd7d107161a1
Source/Base Application/FixedAssets/FixedAsset/FAMatrixPostingType.Table.al	86	256c5f0fe9c2f36311093e21e73cfcb1d71259d6bb0cca0175cdbb7c41a23726
Source/Base Application/FixedAssets/FixedAsset/FAMoveEntries.Codeunit.al	115	b56f3a33dca305395b0a4eac72865110d48e9bf974d8fdf3b8caae9adabde0c8
Source/Base Application/FixedAssets/FixedAsset/FAPostingGroup.Table.al	237	f3fa608f16c5a537a16bd42f611a4cba03f165fbd3aa25e414f78e130f7ead69
Source/Base Application/FixedAssets/FixedAsset/FAPostingType.Table.al	134	c69acfa6c4ff3aca30edd8e5caf11d483eda665f0f94053103d00a484dc6b837
Source/Base Application/FixedAssets/FixedAsset/FAPostingTypeSetup.Table.al	18	95b7ae88e0d3b422eb262d38a57acbc4a046dec4278a33883d7d03279a64a76e
Source/Base Application/FixedAssets/FixedAsset/FAPostingTypesOverview.Page.al	56	48e486b98f71134d36cc60ece0c08ed79a59a14bd32b127570c5f0801d4dc2da
Source/Base Application/FixedAssets/FixedAsset/FAPostingTypesOvervMatrix.Page.al	369	b33564bf317d8fd3adcf0cff192e2f1617a18bd859d6f8ba76c93d14e0fd2b47
Source/Base Application/FixedAssets/FixedAsset/FAReclassCheckLine.Codeunit.al	33	b1b965b86028399fb93a674d4afb118fafa1d4c6032e769cdd1d7fd3936c7b19
Source/Base Application/FixedAssets/FixedAsset/FAReclassJnlBTransfer.Codeunit.al	36	a25661857f97edf580a6f4e94af9f8f42dc43871114f2dc52853759564d7cc70
Source/Base Application/FixedAssets/FixedAsset/FAReclassJnlManagement.Codeunit.al	140	bafe6feab774022dca0e9f504d684a296106007d9741fd75e059ed42758ffc68
Source/Base Application/FixedAssets/FixedAsset/FAReclassJnlTransfer.Codeunit.al	33	8a78ece3bba884445eddbe6bc37cfabc60e9edf2c8858f14fd1901b402a88581
Source/Base Application/FixedAssets/FixedAsset/FAReclassJournal.Page.al	38	ae457962fb842439f798190e0c89f4f10a0076a6f7dd46b888d3857d93fa2d89
Source/Base Application/FixedAssets/FixedAsset/FAReclassJournalBatch.Table.al	13	bb378262dc109e56f52fa4663676c39708257a2c473661b0f30e77ed02467c8b
Source/Base Application/FixedAssets/FixedAsset/FAReclassJournalBatches.Page.al	12	0cd5baa2e8d925dcae09e40869efa878d90d81ec88edb8cc4171d29818bc3353
Source/Base Application/FixedAssets/FixedAsset/FAReclassJournalLine.Table.al	71	aab7b9f20edfe26eaec5e90f127d8c2b7213fb68b3b4ac638cb44390c405e4e7
Source/Base Application/FixedAssets/FixedAsset/FAReclassJournalTemplate.Table.al	11	9576faaeb95f7069cd3b5dbf8e9ce5d88bb47cacb587569aecf73b6af15f8aa1
Source/Base Application/FixedAssets/FixedAsset/FAReclassTransferBatch.Codeunit.al	92	b9480e70a38856f6572b738d46d7b8539edccbd738d503677259ab13f83fb703
Source/Base Application/FixedAssets/FixedAsset/FAReclassTransferLine.Codeunit.al	323	549b08d0f33c45f6cde2eb7e3b1502830690fcc63f76562077708e6e09501c07
Source/Base Application/FixedAssets/FixedAsset/FARegFALedger.Codeunit.al	3	84373558a0f6d1dc435637a4d70d57a0a83495bed9416989d01168ae43dde735
Source/Base Application/FixedAssets/FixedAsset/FARegister.Table.al	4	1039508497cc98376e358ad522ca6b2aeeb4bbfe6800a71fb8f4ee5a4bd80122
Source/Base Application/FixedAssets/FixedAsset/FARegisters.Page.al	2	f8e76893a2ae36d19f7f63c81921ad89182ac472d4ed57d9ff903f1889b1e7d2
Source/Base Application/FixedAssets/FixedAsset/FixedAsset.Table.al	247	8187ad5f9247c1974f02c77a1f370541bb1ccf000e152c5496c148ff7a0c3ce2
Source/Base Application/FixedAssets/FixedAsset/FixedAssetAcquisitionWizard.Codeunit.al	56	e0ecb0e3f95dab2d7d61cfc4f00648662aeb92cd32619618ffd7dce9d96be52e
Source/Base Application/FixedAssets/FixedAsset/FixedAssetAcquisitionWizard.Page.al	124	10b6de332d2488309f2a54a383ff6184ada0de747aa3efaa8b6d0f1751157b91
Source/Base Application/FixedAssets/FixedAsset/FixedAssetCard.Page.al	230	1da8e56bc3e0febc1e68bb7304f44c262c6e36f7f180091a43d279a4b1a8474e
Source/Base Application/FixedAssets/FixedAsset/FixedAssetGLJournal.Page.al	184	e50ce977f71f7b6ec7a631c3c603eb1c47456d6f8f1fb956f95317d10702f9dd
Source/Base Application/FixedAssets/FixedAsset/FixedAssetJournal.Page.al	107	be8264984c9c2d04eff2e9e2aab04419b2be276139cc559d2147ada4b8b831b4
Source/Base Application/FixedAssets/FixedAsset/FixedAssetList.Page.al	15	a0d2817d2365bcc5b6e855753f873c70ce347eceec86c90632ea00e5d2bf9c39
Source/Base Application/FixedAssets/FixedAsset/FixedAssetPicture.Page.al	46	51b5c91861291e7267e0fa0d6c70f7b31fc086c6af80ee7982dd1b84809f8b4e
Source/Base Application/FixedAssets/FixedAsset/FixedAssetStatistics.Page.al	20	1643909fb6d624838b0291b6464c345e040648c81afda5daf0546988d0d057d4
Source/Base Application/FixedAssets/FixedAsset/GLRegFALedger.Codeunit.al	4	3d6fb1d2fff71bac8e057279d177c30ff502a18a8e56ab4aa38386ae8c64d85c
Source/Base Application/FixedAssets/FixedAsset/IndexFixedAssets.Report.al	207	ed6b16c3d3c98933fc5c36f8d75bda25073ffe1c89292f00048ece3033b2379d
Source/Base Application/FixedAssets/FixedAsset/MainAssetComponent.Table.al	97	0b80eb48294c1789760904f634ecd7d17d0396bc32715a14fc25b75547bbd5f2
Source/Base Application/FixedAssets/FixedAsset/MainAssetStatistics.Page.al	103	4ba8b02c65f22be866ceed37c4ab9d1ac11f57307fe3171d102e501994f40e2d
Source/Base Application/FixedAssets/FixedAsset/MakeFALedgerEntry.Codeunit.al	104	dc98dfb33c8eaccb1d24b402f8d9c2faf2a4f44688d5fca46db19e4885f6c2c7
Source/Base Application/FixedAssets/FixedAsset/RecurringFixedAssetJournal.Page.al	94	217d1688923148c75f406ffcb67358608e5f3c4929c64a676ad91871064429ac
Source/Base Application/FixedAssets/Insurance/DateCompressInsuranceLedger.Report.al	261	33b77db9798123530d9be80be5a3f96582434cbbd31733f2725f078e9b5eca7b
Source/Base Application/FixedAssets/Insurance/DeleteEmptyInsuranceReg.Report.al	25	c22746fe61bc01625d53bdb17ce8ab524deb7100d70a7e1e4f824c48589049de
Source/Base Application/FixedAssets/Insurance/IndexInsurance.Report.al	77	8528e3b54f70ec3483a047fba4cc7391c343d0b1194d70163b9d52f1e0bca848
Source/Base Application/FixedAssets/Insurance/InsCoverageLedgerEntries.Page.al	7	7de0fe9bc86b81f7e1226b623abb2b1bf7b3b90824c15fee81fdd68fdd9edf6d
Source/Base Application/FixedAssets/Insurance/InsCoverageLedgerEntry.Table.al	6	9e44e84f6b338bce5136c017f0e04614083a68883d214844bdcc00a591548c30
Source/Base Application/FixedAssets/Insurance/InsRegShowCoverageLedger.Codeunit.al	3	7e65ef9f712ad70b2d1501993571fd33cda94d52db18c556496a4fc2f3cf0f33
Source/Base Application/FixedAssets/Insurance/Insurance.Table.al	71	2e48a9a3781bfe9235c78d1ba26a975ccf7149d93a6131620627a8d4378afd93
Source/Base Application/FixedAssets/Insurance/InsuranceAnalysis.Report.al	10	65f2ee4855fe73c6fe3ec25383a05b17020348c1184db286ab67fa0bc1464417
Source/Base Application/FixedAssets/Insurance/InsuranceCard.Page.al	3	85896fe57f1083449208b235f7850bcf7de4889357f538579e35844ff3607f80
Source/Base Application/FixedAssets/Insurance/InsuranceCoverageDetails.Report.al	5	01a45c7f27d148d6f36bafd57cf9baf0e45595672448ca7961216baa0e554de0
Source/Base Application/FixedAssets/Insurance/InsuranceJnlBPost.Codeunit.al	38	ae906deb2b621293f515adf9f584401a8eeade99fed880edb2899305f665c684
Source/Base Application/FixedAssets/Insurance/InsuranceJnlBPostPrint.Codeunit.al	48	223ab459b618fa574df0114c6c9f9a853c93a978fdd4f7880ce8878879d17df9
Source/Base Application/FixedAssets/Insurance/InsuranceJnlCheckLine.Codeunit.al	27	bf97e763c1d915e6058fad8e059c565fd3b0ad875709961bd652a0ad73281a24
Source/Base Application/FixedAssets/Insurance/InsuranceJnlManagement.Codeunit.al	140	f3841ec1e94496ccf84179a16e3b520bf1be25cadf6b75bd16d466b55522dd9c
Source/Base Application/FixedAssets/Insurance/InsuranceJnlPost.Codeunit.al	31	6ae7bf7ee6940205d149cc3528b2f4c4879c4aba3fc271d161cc206f88b40530
Source/Base Application/FixedAssets/Insurance/InsuranceJnlPostBatch.Codeunit.al	136	14e89ab0f2cb93420dcef0a44e92e41cdf51fafe27c3bf4d388eec133874c954
Source/Base Application/FixedAssets/Insurance/InsuranceJnlPostLine.Codeunit.al	61	c6fdc9d714eefc141c9812a963624aea93d666b8e2644dab8b6909938abb616d
Source/Base Application/FixedAssets/Insurance/InsuranceJnlPostPrint.Codeunit.al	40	4b277521cccd0052e0688dee509eaf66370e07a0845c4f28de8ead0f0e78706c
Source/Base Application/FixedAssets/Insurance/InsuranceJournal.Page.al	99	89eccc8d253a6e66a12bb35a5c8934b0df76acc76c444a240eabc0ee9907364d
Source/Base Application/FixedAssets/Insurance/InsuranceJournalBatch.Table.al	46	fd03d78efe3da709f3cc58099ccc5f7beddb81cb1019e7642cb7f660377a978a
Source/Base Application/FixedAssets/Insurance/InsuranceJournalBatches.Page.al	16	b63911d6ee742bfdecf3062fddfb3e0f771b8907b01f34002c1f5edecefc1c65
Source/Base Application/FixedAssets/Insurance/InsuranceJournalLine.Table.al	116	19eea15a2a8161a499db995ac267a45537e927fbe11c204b292ce94d70361297
Source/Base Application/FixedAssets/Insurance/InsuranceJournalTemplate.Table.al	33	a6f49c8dabd7f63f7aae93664064b657e55f51c6ae2dde514656a3e6eb4510b8
Source/Base Application/FixedAssets/Insurance/InsuranceJournalTemplates.Page.al	5	9a6a021047b41762dbd5bc67f7e384199db5e9e9fb688648f894ad16ff68ad8f
Source/Base Application/FixedAssets/Insurance/InsuranceJournalTest.Report.al	38	96891805b521a5900a000697e25025f7ca5dc5493b16da124b9d9e82106ffb16
Source/Base Application/FixedAssets/Insurance/InsuranceList.Page.al	4	27e4e702d67e240ddd3b8d5cbb4ca7c20ce46dd81c550cea72534b758312f884
Source/Base Application/FixedAssets/Insurance/InsuranceList.Report.al	2	dd30809b8c0b860cbdf94c7ef38f4032baec6fccec55ed0e0093cde4d2b1b8d5
Source/Base Application/FixedAssets/Insurance/InsuranceRegister.Report.al	11	2a8c4edceff1372685cb146a55c457809a31f1c9b5a567af5b797c583514bfea
Source/Base Application/FixedAssets/Insurance/InsuranceRegister.Table.al	2	f9f0b9eb6df168c17097d0e82f57cef31702e66b0da15079d96a07da7fbe3c28
Source/Base Application/FixedAssets/Insurance/InsuranceRegisters.Page.al	2	fe25ea72a6ea3dba4f76b20343e8298134b006b3b61cc9d9f1934540acb5073a
Source/Base Application/FixedAssets/Insurance/InsuranceTotValueInsured.Report.al	46	f056559fae2e0aa585338c45ccc2d2f169e7a3351b840eec99e4a8046792b023
Source/Base Application/FixedAssets/Insurance/InsuranceUninsuredFAs.Report.al	27	1738f79a23020c27481f490479015b207fd94ebf2907c14582d8a8a2d2bf807b
Source/Base Application/FixedAssets/Insurance/MakeInsCoverageLedgEntry.Codeunit.al	56	08215c49c56ce6711bfd2b6dfa881dc01e0fe1e01ceb96006503e29f143d1894
Source/Base Application/FixedAssets/Insurance/TotalValueInsured.Page.al	8	1c30263c767ce008f4feb7d68f4ad5a08ee040f79c246fdbab30e7e15eb25d8e
Source/Base Application/FixedAssets/Insurance/TotalValueInsured.Table.al	37	2fbcd8667aa31aba0adf55346d75e277a9ca546ebffdb36ff9f0c612732c5bfe
Source/Base Application/FixedAssets/Insurance/TotalValueInsuredperFA.Page.al	55	7a9bce85eb97f64503090ec6d6c8297ea79793545b17357105326d6409b41a48
Source/Base Application/FixedAssets/Insurance/TotalValueInsuredSubform.Page.al	5	d1c6bae9ccc5bf5235762f0b0058764f6ee4f1315b3aa81735ce207a1345e76f
Source/Base Application/FixedAssets/Insurance/TValueInsuredperFAMatrix.Page.al	261	f08d52ab8eeb1e1108b816868efda67cdcd8484b0640afa4552296a9146385e7
Source/Base Application/FixedAssets/Maintenance/DateCompressMaintLedger.Report.al	286	3e1ab27e165a557e1c322d65c9f495eff41caaf19a5abf7e89e3f829bd781c0e
Source/Base Application/FixedAssets/Maintenance/FARegMaintLedger.Codeunit.al	3	cc8faa02145521b114cb7cbaceee012d80141db44329eceb789a5f231d72cddd
Source/Base Application/FixedAssets/Maintenance/GLRegMaintLedger.Codeunit.al	4	fd7eba4e8f7345deb6f82a1de8a39393ac79ab6f7f926a7c4b2742f7999d61f5
Source/Base Application/FixedAssets/Maintenance/MaintenanceAnalysis.Report.al	132	26eae16731196d0da0816af9bc968495636da83f0d265e5a5ea69f51ff3d5043
Source/Base Application/FixedAssets/Maintenance/MaintenanceDetails.Report.al	29	c4c8651e59eb277b0a9c8c796582fcefa6b18608f42eca6cb6e58f74ae4f3dda
Source/Base Application/FixedAssets/Maintenance/MaintenanceLedgerEntries.Page.al	25	2f29eb419386fd5aad87d9810567dab831ac97d8075842d0b6a5e49d05deb0b3
Source/Base Application/FixedAssets/Maintenance/MaintenanceLedgerEntry.Table.al	6	986daf608b2984801153a339a874a9389c89283aba611f999faa6c030fa7849c
Source/Base Application/FixedAssets/Maintenance/MaintenanceNextService.Report.al	34	e61f93bfa47f1f80b0c603a7b59a9b38ad33b71c6bd24d782318d7148414fcf0
Source/Base Application/FixedAssets/Maintenance/MaintenanceRegister.Report.al	9	1d4d220582f24969fc37a1033872f1c955f4be006289708cbc9408c55aedae34
Source/Base Application/FixedAssets/Maintenance/MaintenanceRegistration.Page.al	3	fea01e5f2d36828216b3b4fadb389b7762b34669a8da086152b50c3537ddcd3b
Source/Base Application/FixedAssets/Maintenance/MaintenanceRegistration.Table.al	3	bffa41c1adca8e88271d0991f550da6ea98d815f030a7a300827cfb62df31c6c
Source/Base Application/FixedAssets/Maintenance/MaintLedgEntriesPreview.Page.al	10	1f391c6c5fbd21b23f72ee7cd0dbde9328958bd6ee6b20e4ecad738ccf308eec
Source/Base Application/FixedAssets/Maintenance/MakeMaintenanceLedgerEntry.Codeunit.al	81	b032768a2372536e015a84664dc6face41a06c089b30cea9c346fe673becf50a
Source/Base Application/FixedAssets/Reports/FAPostingGroupNetChange.Report.al	256	a0ca742a28f01b71f965ec1a3e98b06a7812ee8de5f27d072c5846a28b7bf85c
Source/Base Application/FixedAssets/Reports/FixedAssetAcquisitionList.Report.al	45	848bda56445ef55e77606bd268babd4511b06d5e824330cee2f9ea148266a2e7
Source/Base Application/FixedAssets/Reports/FixedAssetBookValue01.Report.al	237	9929d06c6bae03c91f319f39ae4316289959bfcca5dd31fbddc4cf653ca01f3c
Source/Base Application/FixedAssets/Reports/FixedAssetBookValue02.Report.al	327	56d1cd19febf96096fcbfd888ba5e8502bb838ec5e9b1062d21c9317e1740864
Source/Base Application/FixedAssets/Reports/FixedAssetDocumentNos.Report.al	55	c75635bc13cbbfdc40ea33ab3a0e46fe49568f9992e3a2a82a488357703480eb
Source/Base Application/FixedAssets/Reports/FixedAssetGLAnalysis.Report.al	178	ff96a5b1d6d20f5eb93b977f76d823238aeddf4ea743412a3d47893e9be68913
Source/Base Application/FixedAssets/Reports/FixedAssetJournalTest.Report.al	235	596b8f5a2f1324820a12eb09395a9590bace503dab8763b44bee19ada14a351a
Source/Base Application/FixedAssets/Reports/FixedAssetList.Report.al	47	e6e5501a102c577a3798b1c0e49a100ac25c61998142add141044934344b58e7
Source/Base Application/FixedAssets/Reports/FixedAssetRegister.Report.al	18	5e3ee9aff62afed91fbad690f2ee09431db1ae4a3c6ae90f759b4632645b9d95
Source/Base Application/FixedAssets/Setup/FASetup.Table.al	10	a6ad9c4a7c7810525a9093d568a2d8e83e468469548e4991ebe2efadb418cd43
Source/Base Application/FixedAssets/Setup/FixedAssetSetup.Page.al	6	54f0a78ae7dcaa76e509fae57b2b58a13907a30b664f498936c93a6d102702e1
Source/Base Application/Foundation/Address/CountriesRegions.Page.al	8	3c00fa83e7472250cff9f64b4ab4722eb08a43897b2bf6b2df663248c8bc04e8
Source/Base Application/Foundation/Address/CountryRegion.Table.al	113	31bd052c5653bbb0aa0430ed34523e4c877aca8edde0d26fca4be0539af8f470
Source/Base Application/Foundation/Address/CountyCaptionClassMgmt.Codeunit.al	44	98e4addd1cdd2970f67e6fcf76e859efe3bba588eae5abf7e85764d67513addd
Source/Base Application/Foundation/Address/CustomAddressFormat.Page.al	8	fcc7316bc3bad8b10c6509122d55ca6cd5a336872321680736a13161c9a5f5e3
Source/Base Application/Foundation/Address/CustomAddressFormat.Table.al	85	5a5182af65dae250fc4e1ca97beb981e171f856a0fb962d7d85870e66e903edc
Source/Base Application/Foundation/Address/CustomAddressFormatLine.Table.al	48	46b033ca9b0d6ab56d3dae43d488c54ffe924dbe4b9faa091a194124f9c7c556
Source/Base Application/Foundation/Address/CustomAddressFormatLines.Page.al	6	e521ce85165f948f5c15d098d2f63e94844031db656a874b331bf9f25a23fa69
Source/Base Application/Foundation/Address/FormatAddress.Codeunit.al	792	a30c6f2209e3bfc2518d98d58f73beff7540ba71f6fb39e2115b492314544224
Source/Base Application/Foundation/Address/PostCode.Table.al	214	f37bf901e2f024b6092e519ab1d0afeddafcdb37bf11bce6e22a9ff5fe471ac3
Source/Base Application/Foundation/Address/PostcodeConfigurationPageW1.Page.al	36	9693cb5436e262d88d60e9d594d82b4b4035478e8d17d9c2bc9ba91a2123ded1
Source/Base Application/Foundation/Address/PostcodeSelectAddress.Page.al	11	77e89ff8f5b12a8340180d6652c6d36ba41414cc63abb5e78ea12aaef495aa2e
Source/Base Application/Foundation/Address/PostcodeServiceConfig.Table.al	4	8cf5a6652e526bc91f8cd24b4ed2484ce02c152bb1741cb8e0c17f6bb07db4c3
Source/Base Application/Foundation/Address/PostcodeServiceLookupW1.Page.al	13	af683ce2f6da8b61b8720dd74cb587e09248deeb0dc5ab77c641e1037de809f2
Source/Base Application/Foundation/Address/PostcodeServiceManager.Codeunit.al	87	582e5940c31d3a2ea69cf2a526023e862f29cdae89ca72800cf12bbd6da739f4
Source/Base Application/Foundation/Address/StandardAddress.Table.al	138	f199982229b3b2ed1324063f4a8a7e8e517b1a7e5c019e3d5cb9f6e39b7dc37b
Source/Base Application/Foundation/Address/UpdateAddress.Page.al	6	a88ae6c505e052ed614d51d349e9984daabf0062b94bdc2f02bd08bf8deb0532
Source/Base Application/Foundation/Attachment/DocAttachmentListFactbox.Page.al	82	ef9c36259e9ad8765f2e72e6f05cff5e78d2a61555672959d412d0f6a8e6657c
Source/Base Application/Foundation/Attachment/DocumentAttachment.Table.al	292	ea1cc63802c667c4adf5f55e958c73710751eb3c3f501f2078fa1df75d04382c
Source/Base Application/Foundation/Attachment/DocumentAttachmentDetails.Page.al	106	4d0ae3646dc546285990885799c7a2dc6e091094168c3a459ff28c32b83624b4
Source/Base Application/Foundation/Attachment/DocumentAttachmentMgmt.Codeunit.al	837	db63f33bbf0f347df1ddd83d3218e0eaacf40a7fa3268e7ca4ed68ecc1bff75e
Source/Base Application/Foundation/BatchProcessing/BatchPostingPrintMgt.Codeunit.al	151	fb5a458c9a65e0660a7e9559a8909fe239347ad7c3f030e93e4cfbab2ef2f824
Source/Base Application/Foundation/BatchProcessing/BatchProcessingMgt.Codeunit.al	344	aee36500eb28d6eec8c01ae7e17ab861578cb119782c54770658c6c04834c498
Source/Base Application/Foundation/BatchProcessing/BatchProcessingMgtHandler.Codeunit.al	41	f355a71891f51aa6422cb179063f3303b610e27dbba2d086b3b6cb93be8a78a8
Source/Base Application/Foundation/Calendar/BaseCalendar.Table.al	7	0c2c075e557c400d78ca2b7bbaa20f4a299bcd0e0c3e375dc7d12d53871cb528
Source/Base Application/Foundation/Calendar/BaseCalendarCard.Page.al	9	c9e9c784c5e77eaa4842dec80bae3c812da2ce4137ca9907015b4426c5cc4c71
Source/Base Application/Foundation/Calendar/BaseCalendarChange.Table.al	55	13e5fa7c82abb15fab3351b656dc9a33c24ee43db0ad509df50e2f665b22763d
Source/Base Application/Foundation/Calendar/BaseCalendarEntriesSubform.Page.al	57	5bb54ac7c5752a5769a6cd36836baf9e3fd3cfc8641350f035a97e1d45322aca
Source/Base Application/Foundation/Calendar/BaseCalendarList.Page.al	7	92e7d19531291392172a2bc39daa4177836ea6878d35e68fd51aff8f8354f686
Source/Base Application/Foundation/Calendar/CalendarManagement.Codeunit.al	388	c138ccc41f0410775608d4b387eac0847719dea6917be4fa799a5f220e885315
Source/Base Application/Foundation/Calendar/CustomizedCalendarChange.Table.al	136	c39ece4e2c5b719a9c97d160f96971e5245d01d80c40e6569433a8f9efbb1aa2
Source/Base Application/Foundation/Calendar/CustomizedCalendarEntries.Page.al	2	8458e67588335881fe73bccaa4269f9ec917f242a38dbda581dff2d3de6b08b5
Source/Base Application/Foundation/Calendar/CustomizedCalendarEntry.Table.al	41	79eff5f7916d36085bb452df96dc7cbf7243a47bd5b8fb9ca970efc4dcb2551e
Source/Base Application/Foundation/Calendar/CustomizedCalEntriesSubfm.Page.al	80	2c580bf129dcbb6a5d0b04b8d8331666c79136c7db2ba4dd8159b43c63286c58
Source/Base Application/Foundation/Company/Companies.Page.al	77	f5b2195288f1dbc16dbe4857afd3c233c2433de49ebfbdc14ad946173dd09f3b
Source/Base Application/Foundation/Company/CompanyInformation.Page.al	82	8c82880eada884378b9017a9f2d03ce40d8e92df56837e58599ff2d92312e56d
Source/Base Application/Foundation/Company/CompanyInformation.Table.al	242	ff85ccc0db16129e4cf278581b929629dbdfe742257ae0fe63072971dee0f981
Source/Base Application/Foundation/Company/CompanyInformationMgt.Codeunit.al	120	90c1d69ab4b720e514e9a6e94e5bf554e280b9f6d29fe808b1ad3027ebc56351
Source/Base Application/Foundation/Company/CompanyInitialize.Codeunit.al	395	78b5d24f0e374ae439027bc0772ac459c6d124c6bdca08b71f0d7a96a6f74f5a
Source/Base Application/Foundation/Company/SetupCompanyName.Codeunit.al	8	ba0b0aa164b8cfe4a73dcb763d250679cd710710ed8b6b045a34a84c9b27c6e8
Source/Base Application/Foundation/ExtendedText/ExtendedTextHeader.Table.al	80	4e8c1d7b8c58e67952d8546464102567593e94c17805fb004255d9f67f6f0f7b
Source/Base Application/Foundation/ExtendedText/ExtendedTextLine.Table.al	2	bdd12f9047bb574a7ee8d6d7ab942fd7adcf35af27967fc4ecda9434f98ce9f7
Source/Base Application/Foundation/ExtendedText/TransferExtendedText.Codeunit.al	536	119d76fcf5d07d2372b475051bfb7f0461ec5b24aa43094f6f9e404d1b659007
Source/Base Application/Foundation/ExtendedText/TransferOldExtTextLines.Codeunit.al	24	3e0e2fb520bf785173a5f6d70a2b693e3263051d5c7fc2eb8a1e130f5981d66a
Source/Base Application/Foundation/Navigate/DocumentEntries.Report.al	264	5749fe37117ab232d6fb75a35860844926f02391067c94974571a236b78de49c
Source/Base Application/Foundation/Navigate/DocumentEntry.Table.al	21	12468f0eadda7ca1f8f2629da3df8ac2e2ab497c2028730a1e217b7c997db21f
Source/Base Application/Foundation/Navigate/DocumentLineTracking.Page.al	525	8d8c4830bd3eb1212375e6808064e49bff07f7dec2c5279b2ffa19e49c9e79fb
Source/Base Application/Foundation/Navigate/Navigate.Page.al	1312	d4bd7cd6fe68affbc28e9f0945b21a2815451522f6625d0bba687600d3609163
Source/Base Application/Foundation/Navigate/OrderTracking.Page.al	75	3fab3791a6795ec5bbbb3e3205352448976e673fc89d8996b57b0c6f30eb2222
Source/Base Application/Foundation/Navigate/OrderTrackingManagement.Codeunit.al	495	55f16a3d46c856eef0afd03b05009b5377637765806979236ebfac54eb2c7d1e
Source/Base Application/Foundation/NoSeries/NoSeriesCheck.Codeunit.al	2	c6f7bb4cf9ba7943d6397eb421f5e8e0b72b5ef308b8d70a50b99ef06f0cc987
Source/Base Application/Foundation/NoSeries/NoSeriesCheck.PageExt.al	3	f2d9bc9d40f63adf6b0c5530685d7f170513e533e830a405ba1038054eb2fe7d
Source/Base Application/Foundation/NoSeries/SequenceNoMgt.Codeunit.al	181	73c45802b3ca1d27e14f9b192fcfe20963c6f7ae664f6011e80348e64b09ebe1
Source/Base Application/Foundation/PaymentTerms/PaymentTerms.Page.al	26	53faea48e6ba3bcff4d07a6388d5219a814d94c28bd2c9de69bb2e1fdc8b1a1f
Source/Base Application/Foundation/PaymentTerms/PaymentTerms.Table.al	26	0c3f09c4d2027b7f90490da16b38d78b0bc423b141768595f4f1f9a1de409476
Source/Base Application/Foundation/Period/AccountingPeriod.Table.al	77	2f71ba9b9c33b1a7c1b79cb8dce39cc4d3930687155792e6d4e6476633afd19e
Source/Base Application/Foundation/Period/AccountingPeriodBuffer.Table.al	23	45b90c35eb58d934af028d6c41c01c6dea9d278602d1ae38573f931425db46bd
Source/Base Application/Foundation/Period/AccountingPeriodMgt.Codeunit.al	246	5bc9da0a37e1e07dd107782461bc2566168c2c112925f040f72dda102ea3b283
Source/Base Application/Foundation/Period/CreateFiscalYear.Report.al	80	23fd96802bc043b0b566867b502f8130d6f90767f07c7ce57406ba3d01cb17d1
Source/Base Application/Foundation/Period/DateCompression.Codeunit.al	328	c42fd584a330e94ab9fffca82e8b1d8d846068f91515c777715667754f62549e
Source/Base Application/Foundation/Period/DateComprMgt.Codeunit.al	57	de4a673a13cf921ad39de427af8010d4616a83a6a628ae0134ff58b37e9b8de5
Source/Base Application/Foundation/Period/DateComprRegister.Table.al	32	657559c165d7d925e86495518c0fe4cfe5a35e8cbc050e8da905ef51204feeda
Source/Base Application/Foundation/Period/DateComprRegisters.Page.al	2	42165a4e98de7442b49a71b13a406d025c09056c31342daee61d297c77c707fa
Source/Base Application/Foundation/Period/DateFilterCalc.Codeunit.al	41	a6366093bfa3407ca0e1f55e893332d9b7688585a5de547e7d66aa0111486e3c
Source/Base Application/Foundation/Period/FiscalYearClose.Codeunit.al	34	ff2d3fca04d95cc53f0aa8efd5d5e4dec875c6fa09f1f4ea28b1e3c7f0c4f457
Source/Base Application/Foundation/Period/PeriodFormLinesMgt.Codeunit.al	64	296ad5e980f99614622bf8bf062c512b99e157c329c770df7a71163b2f7de8f3
Source/Base Application/Foundation/Period/PeriodFormulaParser.Codeunit.al	167	c2f48d192c5434f5f7be77c469703415827ae8ef96ce61018e1360b958e40137
Source/Base Application/Foundation/Period/PeriodPageManagement.Codeunit.al	171	333ae762df7e0ff9c00ee984b81e540f1e3bcec86d3ba3d9b17faa64b7508266
Source/Base Application/Foundation/Reporting/CustomLayoutReporting.Codeunit.al	913	99ad9f334eb644613298a418d1aeddc534db54e59b13092e8df554fcb5aef42b
Source/Base Application/Foundation/Reporting/CustomReportLayout.Table.al	489	909fba7d4306c9161651b04bf032fc6e88adc1ad783fb257fe41e88e379525a5
Source/Base Application/Foundation/Reporting/CustomReportSelection.Table.al	271	34d26761ede52ee7cba34e38ef72a8bb8111d62214b574d7f8c375702c4da665
Source/Base Application/Foundation/Reporting/DesigntimeReportSelection.Codeunit.al	18	70bbb4c7cef29b4598115269a326af3085ee42b1b2ad2e37416b003399491017
Source/Base Application/Foundation/Reporting/DocumentPrint.Codeunit.al	385	4304019e6bb1f4000dc2b9a0a1a4159e333b8f52e8a5fbd7098d280462f8379f
Source/Base Application/Foundation/Reporting/DocumentReportMgt.Codeunit.al	83	edf16a7b6f8c3c7c86c728b0dd2e661edd68f57329ca1a09017ac75968510e60
Source/Base Application/Foundation/Reporting/DocumentSendingProfile.Page.al	60	de3ab30e0dafed5e99b4e13baff18bb91abc496f61d6da78a7b0be9885bd0744
Source/Base Application/Foundation/Reporting/DocumentSendingProfile.Table.al	538	1e7fd553d540eac283b0b1ddeb3d536bee9965963643e00409dcadc1cefbdfeb
Source/Base Application/Foundation/Reporting/ElectronicDocumentFormat.Page.al	52	ee5263529209f5d762c38380f7915f094c482245a1a056cdeac1fa45969a1e5c
Source/Base Application/Foundation/Reporting/ElectronicDocumentFormat.Table.al	165	233716e2d9d6db3e830d9f69279eb1135c3f2d2cf3a8ed434ad8b9e4821caa9c
Source/Base Application/Foundation/Reporting/ElectronicDocumentFormats.Page.al	3	9fd5cb255bb8c8cc10ef57ab5d43fb458c7ce357037eba032489cc8a0eddad19
Source/Base Application/Foundation/Reporting/PickReport.Page.al	32	ca5f5f2c3fa33548fffb7b9a48f92cf46a4b343bd98e85f5829aa9757fa43f2e
Source/Base Application/Foundation/Reporting/PostandSendConfirmation.Page.al	19	55ecb78dd2cc4254d316052fd2b1b221e420b6d68dc6e9e5bf19495d17cf0e07
Source/Base Application/Foundation/Reporting/ReportDistributionManagement.Codeunit.al	199	48abd3044af22e2250c330be2f33cf117ed3982e436608748510306867039aef
Source/Base Application/Foundation/Reporting/ReportLayoutEditDialog.page.al	70	b2c8e46793c307ffdf4434b1cc83523b1eb4a5e804362e243794a796dd77bb2e
Source/Base Application/Foundation/Reporting/ReportLayoutLookup.Page.al	20	4d17e546fca3bf9374a68dd2931ec41ef64c2bc9488e6f1c01a396a631551e32
Source/Base Application/Foundation/Reporting/ReportLayoutNewDialog.page.al	47	c41c181681f3ba58c5e2b17975c5a5dcb1d66536041439d268d0293d6c93eea6
Source/Base Application/Foundation/Reporting/ReportLayouts.page.al	124	6593f2d92f37cf456d2d9f991036d973f72ca973fa6fe81b58985dfc61d4dce5
Source/Base Application/Foundation/Reporting/ReportLayoutSelection.Page.al	189	c6d5c920086ba31f33db60158c90769585842508fdc8d944e3375be8eb0d4214
Source/Base Application/Foundation/Reporting/ReportLayoutSelection.Table.al	85	dfd3d87c1b9a257ec9cfc7772f980638bbad97722b84e9ef2a091d26d939de5c
Source/Base Application/Foundation/Reporting/ReportLayoutsImpl.codeunit.al	413	4cda31fd8ecb34ed83f4f756768d6773ff5a69c0f927df946503d349dfd2aaad
Source/Base Application/Foundation/Reporting/ReportLayoutUpdateLog.Codeunit.al	26	a54b8a7d62849ed0c6b2b298f7d1d075500899a096461c33af6cfaa35e67f69a
Source/Base Application/Foundation/Reporting/ReportListTranslation.Table.al	2	9f8fe205d0579d8864c02c37dcd1849f6e992fd0f85dbac0fb2799e688281da2
Source/Base Application/Foundation/Reporting/ReportManagement.Codeunit.al	127	a0e0656bce75bbd5a407a24a194766da67f4c22eda461a34741f528cc0e9caf1
Source/Base Application/Foundation/Reporting/ReportSelectionMgt.Codeunit.al	368	20574c8c906f48e10110578afae14620de2abe965df4c16c337ce7a543fd0618
Source/Base Application/Foundation/Reporting/ReportSelections.Table.al	1178	699da9331d0497f5622c8ac336c4b56e9954f334017cbe0e97ba19c03562dba1
Source/Base Application/Foundation/Reporting/ReportSelectionsImpl.codeunit.al	12	61946570f60428dc1279273e0c73f24403b276f304f6724ce0bd46755e72c025
Source/Base Application/Foundation/Reporting/ReportTotalsBuffer.Table.al	21	86dcebe98551393f36f2942525d45da8e893ccf36735a3631b8a5eb9242d5d95
Source/Base Application/Foundation/Reporting/SelectSendingOptions.Page.al	79	be54aae9195f41943871dacc06b3dd549f35bcec8d1f383fbb56d556373b82bc
Source/Base Application/Foundation/Reporting/TestReportPrint.Codeunit.al	193	39045a89b58151afaa6e238d8426a8d350fcce54496fbf1232ad9654c83e988d
Source/Base Application/Foundation/Shipping/ShipmentMethod.Table.al	16	46c51106be4a1c9e94fb720ca4430b366c73cc471afd07986194bb3fd10ff13d
Source/Base Application/Foundation/Shipping/ShipmentMethods.Page.al	26	2ca248edacc2f44ebc64316d525984b0f2ef17670ebe863f330d8d5edf231617
Source/Base Application/Foundation/Shipping/ShippingAgent.Table.al	27	51f5ccbf0dce31d5f0dd3bf35d302a79593235d726395e48e250dc10c0b61c6c
Source/Base Application/Foundation/Shipping/ShippingAgents.Page.al	26	767c8c380f3820798400f9eca6afe32acfa7eb0446b298f6c8559636f1448beb
Source/Base Application/Foundation/Shipping/ShippingAgentServices.Page.al	4	f45f0e4dcd7a7dee7e08744f8be182c00e11fe2ccf1aab9c6056d1d5a4e485ac
Source/Base Application/Foundation/Shipping/ShippingAgentServices.Table.al	4	427d01d51876ea0730d0c497e47e51c8a463220c48b2c51b45f2af48055ba51e
Source/Base Application/Foundation/UOM/UnitGroup.Table.al	6	43be6cb0970bff708a6fcb6da9c482fbaa63c6ead57573a7dbb970eceabd9084
Source/Base Application/Foundation/UOM/UnitofMeasure.Table.al	30	7f1da061442b86c45d10fbdaa77ce2e63e471517927ac93931de2759b9b3000e
Source/Base Application/Foundation/UOM/UnitofMeasureManagement.Codeunit.al	149	67435384a243b298df9f8375cb6f3c681baad346f1273c17f5c81649cd1c005a
Source/Base Application/Foundation/UOM/UnitsofMeasure.Page.al	31	875e9011a1344fd3f0a519189af20eadd8adcaf24e34ceb8093d0880e20925ec
Source/Base Application/GlobalAdminMessage.Page.al	18	99a8665b896ba249006c50af37523f7ed83acb81dac9315f84e001e44a32b15e
Source/Base Application/GlobalAdminNotifier.Codeunit.al	34	6bc0bd5fb9d46c3be2c0dbee4f1c0cd9960fad480cb01ad334994559d13bf9ad
Source/Base Application/GlobalTriggerManagement.Codeunit.al	70	03937b62ae51ce5a21fcb25bf2b795dd3a1d835820aed915d4f32b2eb4f0f82d
Source/Base Application/GuidedExperienceSubscribers.Codeunit.al	59	4801210241b2528ad01754bbf5aa90fe27e38e02cb916b6848256d8dd05ca921
Source/Base Application/HelpAndChartWrapper.Page.al	79	fc6c92ad636906bbf9932948f2cef45921339026ad797140a2e8371ee3d3b86a
Source/Base Application/HelpSupportManagement.Codeunit.al	20	ee603e8f25f108528cfafa8ea07303f6b2a7a87398a9dc18402b0a461acf54c3
Source/Base Application/HumanResources/Absence/AbsenceOverviewbyCategories.Page.al	36	45841c57fcf26e39ef4894d55809ff59b0b4bf9101f548e1c96308e8921e98b3
Source/Base Application/HumanResources/Absence/AbsenceOverviewbyPeriods.Page.al	20	984366f319400d736e1927894bcf48d5539833efc91c8ed5b40c9bdfe299c26a
Source/Base Application/HumanResources/Absence/AbsenceRegistration.Page.al	1	d4053be6d2023837478c05ebe483cec1f16b7499e139b909033847bc33025506
Source/Base Application/HumanResources/Absence/AbsOverbyCatMatrix.Page.al	259	ac61f8ea89f0fd2fc018546705722cb297096ae4583a2add5466412210432579
Source/Base Application/HumanResources/Absence/AbsOverviewbyPeriodMatrix.Page.al	95	6c83b3de2aa80310a71563a3dc54cf905859f0b614b1e26595d36a3c50c47d50
Source/Base Application/HumanResources/Absence/EmplAbsencesbyCategories.Page.al	37	73d54865aa4b0d3066b8de35c48e528192e6cd828caf082403d5cd64153666c2
Source/Base Application/HumanResources/Absence/EmplAbsencesbyCatMatrix.Page.al	259	6b31f12b6700b2a93ac03021bd5605c5114f7a6e24e09dabd18d1f9e41dcc2fe
Source/Base Application/HumanResources/Absence/EmployeeAbsence.Table.al	36	b7f4483b72143061ebdbd8f9284ebcc9a97186f6a86f540bfefe686ef2354883
Source/Base Application/HumanResources/Analysis/ConfidentialInfoOverview.Page.al	29	2795038a18453380011ac6f53ab3899d27391a931f649131ff68df8ad505a7c3
Source/Base Application/HumanResources/Analysis/ConfInfoOverviewMatrix.Page.al	221	735a67f76f1995e77a0eadc61e35e189faee414f2e59dbec4e2768ae96270a2f
Source/Base Application/HumanResources/Analysis/MiscArticlesOverview.Page.al	32	e87e0141e6e6cd427c7c10bfb07b937d534f218b5d8d334f5c5451f4e35e280c
Source/Base Application/HumanResources/Analysis/MiscArticlesOverviewMatrix.Page.al	221	3b19b78b3bae92fbcf094cd0d00fdf337eee8989566198cb5242546a0a87f09f
Source/Base Application/HumanResources/Analysis/QualificationOverview.Page.al	31	5274ffecd686064a622651bb9367c8a8dc9b02c53c86d07b7a2cfb5aefb36535
Source/Base Application/HumanResources/Analysis/QualificationOverviewMatrix.Page.al	252	24466fa857309d1740f19b8dcfc55166990d199b952dc3776f8fdd7fd54ce49b
Source/Base Application/HumanResources/Comment/HumanResourceCommentLine.Table.al	9	b20d7ec1ccf2c6496d0ee46ecefe23e6bbb635c48e53a8462bb28173370c4397
Source/Base Application/HumanResources/Comment/HumanResourceCommentList.Page.al	10	b69f6dc853943d166e33dd4d22dfccfff6e35a64661c3220a72d9a1c4071aea9
Source/Base Application/HumanResources/Comment/HumanResourceCommentSheet.Page.al	16	06b115420d19e43d341b21f889afb7ee9b1aee274eafe210e08c9494f31b420b
Source/Base Application/HumanResources/Employee/AltEmployeePostingGroup.Table.al	3	17e9eac1afca28578ceeeb3eafd4f0202bd64b688a4f47fc3dd2ef29914fe3ad
Source/Base Application/HumanResources/Employee/AlternativeAddress.Table.al	30	ec69d9f31de5af7ae2b7b5ff38dff2cb05db0aa52b7183cec312b329e4428944
Source/Base Application/HumanResources/Employee/AlternativeAddressCard.Page.al	7	c7f373317df3ca2ae55f1cf42b1423acaa47fc07117996e6e9db1b10cf3f7ad4
Source/Base Application/HumanResources/Employee/ConfidentialInformation.Page.al	6	6e077072bc6a3c861f1730eee196545c3d19177797efc439479da6107b3970b0
Source/Base Application/HumanResources/Employee/ConfidentialInformation.Table.al	6	a5a4ab25f25522f1744f3101d990cfd34ecae54d54cf641c50a2d2135bd75b0a
Source/Base Application/HumanResources/Employee/Employee.Table.al	252	aecddfbcf5ca33232f75551de24cd379fdd00332104bd98e33eaaf11bb8835d5
Source/Base Application/HumanResources/Employee/EmployeeCard.Page.al	56	266a7471cfb76adeabbb448c0606c2b33846e1734c5177a3661b5791b1420ea5
Source/Base Application/HumanResources/Employee/EmployeeLink.Page.al	12	dd5887b6f91a1714536d5bd3c8369f793e2dc98c16812f24ef24c701d6042884
Source/Base Application/HumanResources/Employee/EmployeeList.Page.al	29	74c31531bc5759640901fcec194b05d7f401c56630c693881346bfb1117be2d5
Source/Base Application/HumanResources/Employee/EmployeePicture.Page.al	49	6bd7115cc22b56e24276dc9c3d4450cdc606639e0230cfbbfcfffcc24d1134f3
Source/Base Application/HumanResources/Employee/EmployeePostingGroup.Table.al	47	d12d658df5509ba9783403d6443dfeab79d9a7a5fa6f92aafaa0de23378fd99f
Source/Base Application/HumanResources/Employee/EmployeePostingGroups.Page.al	3	be9257d7bacc9e7c1bd4a365fb87e1d34348e41971199ffcc1c833e5c89a80e4
Source/Base Application/HumanResources/Employee/EmployeeQualification.Table.al	9	19a96b60b60f4cd7d4f547a499bd46c54cac29819920931b781fa41257760882
Source/Base Application/HumanResources/Employee/EmployeeRelative.Table.al	4	fd3dc81eeecfc8d97da93abcaeec9681a2a788d486ad5e1360fb07bd2ef070c1
Source/Base Application/HumanResources/Employee/EmployeeResourceUpdate.Codeunit.al	49	18c1598a3e081e9597c3bd59b70c34a82ffb4f2f0bb73444b33424546b68d00f
Source/Base Application/HumanResources/Employee/EmployeeSalespersonUpdate.Codeunit.al	29	05b23652c348c7bfdbef2094bffd265317f653a7321f9f74a9b137d0deb22711
Source/Base Application/HumanResources/Employee/EmployeeTempl.Table.al	71	58a6566cfe81a10523ef8bd3bbf87fc6ac82b8894f62d4b61f21d577a94b58d9
Source/Base Application/HumanResources/Employee/EmployeeTemplCard.Page.al	18	9b9b7e7b4c347c0ec557e9be189ec4476a22610261849afd5511afceb298f24e
Source/Base Application/HumanResources/Employee/EmployeeTemplMgt.Codeunit.al	165	da6ceff27df5661692119cbaaf2752b901b374a862a3594a966334eae8d4df17
Source/Base Application/HumanResources/Employee/HRConfidentialCommentLine.Table.al	9	2d5f314cda1789379523e92d54be2d357150e342c7665417a099babcf62f9098
Source/Base Application/HumanResources/Employee/HRConfidentialCommentList.Page.al	2	28c890fb139a2c3fb5e85e93bd890b93054bd41d51c08f1db726d6c99e940fb6
Source/Base Application/HumanResources/Employee/HRConfidentialCommentSheet.Page.al	4	e736dc0bf900256d33b18ab7a9125ddb186793a5ea6afa080f62f6779c2dbbd7
Source/Base Application/HumanResources/Employee/MiscArticleInformation.Table.al	13	e3accff38a00198b36784b18c1658fc9b72ad0a4f20c5c4e7583a9fe73cf1ee7
Source/Base Application/HumanResources/Payables/AppliedEmployeeEntries.Page.al	82	02d6517fbd3514cceed614675c05336b2a5f0c24490605dcd7038d30bab8539f
Source/Base Application/HumanResources/Payables/ApplyEmployeeEntries.Page.al	513	a2679629831576ea5dcddd0ea5454581e313f714223c8cece9be0375c42670e9
Source/Base Application/HumanResources/Payables/CreateEmployeePayment.Page.al	196	090f2d0e9d169a51589c6ad2155d9849da4912a39ca35f2424dcc5b2718ff899
Source/Base Application/HumanResources/Payables/DetailedEmplEntriesPreview.Page.al	7	86e95533d14e13c55ca45a2d73b5430dd6aa7699358472fd08227f9330a75fcc
Source/Base Application/HumanResources/Payables/DetailedEmplLedgerEntries.Page.al	7	572b16f879ea543d1386ee5384c0e2229e93ae26bfd2a8f3ae412f24cc496f77
Source/Base Application/HumanResources/Payables/DetailedEmployeeLedgerEntry.Table.al	54	f022803a9d5222364e1126a241dce3f0436ac3b26b76340b4507176277403de7
Source/Base Application/HumanResources/Payables/EmplEntryApplyPostedEntries.Codeunit.al	340	b95867dd55421eb32cb735fd28bf743b9c1ce2dadb915ac704d46d90ea0df1b3
Source/Base Application/HumanResources/Payables/EmplEntryEdit.Codeunit.al	25	65b754d70dcb38ac3842f9122ce791e714bf275cfe3aef91b189ab08817a370d
Source/Base Application/HumanResources/Payables/EmplEntrySetApplID.Codeunit.al	49	2be123c618343857e039c48fb56edc71c8ff4a5c9bfefb9489c304f20230af70
Source/Base Application/HumanResources/Payables/EmplLedgerEntriesPreview.Page.al	67	892f76588c07329ca3649504749bb3adc889cffaeba8d4dd2a744f56e2dcf3a0
Source/Base Application/HumanResources/Payables/EmployeeLedgerEntries.Page.al	41	53e9e6f2efc0f65c3dcda666450cb0800effd2fd8447fc87c26c60ae98af0c0e
Source/Base Application/HumanResources/Payables/EmployeeLedgerEntry.Table.al	114	2ff00aef58daf8b60b1adff1104bf9db5eba0cb803f9ca0ade9d528cc5d354e6
Source/Base Application/HumanResources/Payables/SuggestEmployeePayments.Report.al	528	9524714ed39e0ea95b6fc1d376b4ceeca1178e67896b14b75b8fc98b8e9b4861
Source/Base Application/HumanResources/Payables/UnapplyEmployeeEntries.Page.al	51	1e44d3e9e0c119443e3d29aba289e55ad25b5b0fe0475aee78e7fb97931fa135
Source/Base Application/HumanResources/Reports/EmployeeAbsencesbyCauses.Report.al	6	03c6cb85a8017414ce944ad1d063c5221d0b1471a6b954483dfc7e7e69f7945a
Source/Base Application/HumanResources/Reports/EmployeeAddresses.Report.al	5	9442573b5af0c64484496860329672475acd12831891a022f9f3efeb55a80182
Source/Base Application/HumanResources/Reports/EmployeeAltAddresses.Report.al	14	5abd1895c3ce0af5e3a1b21745adb544fe1e4f18c56ca025d0df179ad7e6931d
Source/Base Application/HumanResources/Reports/EmployeeBirthdays.Report.al	2	35a0626660b475754bf16b8f4f5aebe33f53b9e93e4566d07823264dacb310a9
Source/Base Application/HumanResources/Reports/EmployeeConfidentialInfo.Report.al	4	eeb1a6c2d777d6ec802a4c31499525118ac01811973f71acee132229365dbb8a
Source/Base Application/HumanResources/Reports/EmployeeContracts.Report.al	2	54dee8630a53b5a90428307c310610202ec5251240ba93e217e3e4eda16ba46c
Source/Base Application/HumanResources/Reports/EmployeeLabels.Report.al	33	da137092483f19b355e203e8799b07822cec79f69ff4bb5ae903be6fb20c844e
Source/Base Application/HumanResources/Reports/EmployeeList.Report.al	18	57dd8a1be13cdaf1c5fbdcfb76a0163e992f43ec7560ff33dafb8409e0d952c7
Source/Base Application/HumanResources/Reports/EmployeeMiscArticleInfo.Report.al	4	a3d1ab3350907a3ced152eb5b0a058b2f298bb8e59f1223ac14ff56945a45c16
Source/Base Application/HumanResources/Reports/EmployeePhoneNos.Report.al	2	c5a598c779ad380341ab0938eafe59f69d5784796d4d783362b36f18a545d48d
Source/Base Application/HumanResources/Reports/EmployeeQualifications.Report.al	4	272ab0491e809ab185e8731eeb640738a3655a406c8fb0a74c8df2a514b35978
Source/Base Application/HumanResources/Reports/EmployeeRelatives.Report.al	4	7f5a34d67a352b2d2a513fce599ea4f5e859dd2a7d6768476e9723113c0d3ed0
Source/Base Application/HumanResources/Reports/EmployeeStaffAbsences.Report.al	4	1ef55b4bd94fa66abe520f4f59b2c341cffdf4ff1d2aa6542a4457e41083cb14
Source/Base Application/HumanResources/Reports/EmployeeUnions.Report.al	2	c9d10818e7d5a954c814eecf60f32dbeb09836d27f8b31b2fd367aa7de5ccb08
Source/Base Application/HumanResources/Setup/HumanResourcesSetup.Page.al	6	d34be1c5f1fd6eccc7622ea6836e02f1b70252382ceb52ac76fdb7948adc6e1e
Source/Base Application/HumanResources/Setup/HumanResourcesSetup.Table.al	7	4b1a38834a2ad8ecbe6e7c04b598a1f188a1331bba213b8273f90f252281a75b
Source/Base Application/HumanResources/Setup/HumanResourceUnitofMeasure.Table.al	6	aa51582bd8b39850aa66378e3e3e458baa74dd8e7b06092cb32fbb158e1c14aa
Source/Base Application/HumanResources/Setup/Union.Table.al	27	f73cb4ed50b56ff7227fd9c1db14ad27fc4671df1fb6eb814c5f0203d8da9b2d
Source/Base Application/HybridDeployment.Codeunit.al	302	67f42b1b52fca3ce0ffbbb7adf0c9ed975a3a320ebcaa6c7f95d2167135ee923
Source/Base Application/HybridDeploymentHandler.Codeunit.al	72	cc04dc96a96ca52243dc7f905da7a50755af6ec3aa24a250d432dbed39213d28
Source/Base Application/HyperlinkManifest.Codeunit.al	136	c4f9befc792a1198b5883bb74a1b475670aed993a517a8b1af2c7a14d76deec3
Source/Base Application/ImportData.Page.al	83	52e451e9dcdf4ed71c98e419463a52b20b10581d38f04b8570dfda7830aaa61f
Source/Base Application/Integration/D365Sales/AutoCreateSalesOrders.Codeunit.al	21	a6fe6d6d1719dcd2812c6bab42f27833e76450da332b6976d55a9f40aa71efcb
Source/Base Application/Integration/D365Sales/AutoProcessSalesQuotes.Codeunit.al	12	69cdca4e6dc90bcecb2e3bf2add8889037a0c3845d43766258ff2b64ab9c1bdd
Source/Base Application/Integration/D365Sales/CDSAvailableVirtualTables.Page.al	36	72980aed904408ef33a7c3ed25cdd0be95e89d0015e1baacd972612896393f0b
Source/Base Application/Integration/D365Sales/CRMAccountList.Page.al	60	ab209efd478ad0cb7284a8254c6192322c0cdf10c6266cbbe03374d687d96c67
Source/Base Application/Integration/D365Sales/CRMAnnotationCoupling.Table.al	28	b93386cac586cd5ec89362439b6481eba2dd4233e1ec9de955167f736f8bbf66
Source/Base Application/Integration/D365Sales/CRMArchivedSalesOrdersJob.Codeunit.al	163	b8bd5124256caeba631b5148725aafcf55492b88c2dee52c596b2bcb4b7ef0a3
Source/Base Application/Integration/D365Sales/CRMBCVirtualTableConfig.Page.al	31	b7f12f62c55bc0e9ce6b19bce755a6c5237278ed2f9a14400cf2b70b2f63b844
Source/Base Application/Integration/D365Sales/CRMCaseList.Page.al	4	284e778f94c83d9f9a93e00e3f19a1ba8bbf6bcf7363a8f2586e3ab6af058384
Source/Base Application/Integration/D365Sales/CRMConnectionSetup.Page.al	267	ead4e85cf40fbb99108d1bdd18ed12384d2a91c151f810b5a08f6455e2c8bdf2
Source/Base Application/Integration/D365Sales/CRMConnectionSetup.Table.al	798	fde08f11f3712b0950b6c902c39e06a7b1b2ce792c43d80aa5c7e115fc9e56f3
Source/Base Application/Integration/D365Sales/CRMConnectionSetupWizard.Page.al	260	a3867dface197eee37c77d107c703fc89e57943be20d296a4e62245bb9c0189d
Source/Base Application/Integration/D365Sales/CRMContactList.Page.al	42	bf3528a3b35d499173f6e49aab3c4d4e4775fe29909c29c66ec238a39e728a83
Source/Base Application/Integration/D365Sales/CRMEnablePosts.Codeunit.al	16	f6218711be2eb7af1e4bc040fa5cf04c6856d2e9b55e5a04f1cd56ba1a461c93
Source/Base Application/Integration/D365Sales/CRMFreightTerms.Table.al	17	6fd24d1a063f505bb719b5cbe52eb4d4545d48f97ddaf8137af97867a3fbf1c6
Source/Base Application/Integration/D365Sales/CRMFreightTermsList.Page.al	47	b24da6b0726636f168c6cfe333ce8b2c98e318e95c6fe8894e6526b5c7b1d025
Source/Base Application/Integration/D365Sales/CRMFullSynchReview.Page.al	91	c42dfc31dc97d47a867d215517be419184495e31e219549fcd887a0b1ee4086c
Source/Base Application/Integration/D365Sales/CRMIntTableSubscriber.Codeunit.al	2022	ed9a3aa35602d7d83b13f9201632a033df32269508a1489364adbcfdb8b7b6f9
Source/Base Application/Integration/D365Sales/CRMItemAvailabilityJob.Codeunit.al	47	ec67da26a251041738d16106d81ae51b80bb9502a3c4dd6f8b6811e1f10f75c4
Source/Base Application/Integration/D365Sales/CRMNotesSynchJob.Codeunit.al	165	63430fe3ee3e0dbc9f115db223909d431882b930c78c7036e939763055c390d1
Source/Base Application/Integration/D365Sales/CRMOpportunityList.Page.al	43	77a36fe893c406ef063f861839e3a5eff5361ac862d33c45c3e11e7512421ff4
Source/Base Application/Integration/D365Sales/CRMOrderStatusUpdateJob.Codeunit.al	124	9ea23aac2f06eddebde7f82458cf76a8d1c023077a02fcb2e3b8597be55a2f9f
Source/Base Application/Integration/D365Sales/CRMPricelevelList.Page.al	34	066d29fe98d91653de6cf886b92b45aa5b57a8e70f283c51b958a0e974193cbe
Source/Base Application/Integration/D365Sales/CRMProductList.Page.al	38	e84f7acceb30e1d55566e9cc0b1be079772a7296b8382ee6f8d7143ab75e3dcf
Source/Base Application/Integration/D365Sales/CRMProductName.Codeunit.al	5	7e1f8f206558c3a7a4d44bd50463ad9ec5f2bf990de14e1e3cd49dba76eb9633
Source/Base Application/Integration/D365Sales/CRMQuotetoSalesQuote.Codeunit.al	459	3dcffea9fce36899c226bcf13f3e5255bdf8884a0cdecbc06750447774ff1a06
Source/Base Application/Integration/D365Sales/CRMSalesDocumentPostingMgt.Codeunit.al	115	be55529a25b4c4d2176c8b928b6c8324d41ace5381a848b6d4e4b19ddf095689
Source/Base Application/Integration/D365Sales/CRMSalesOrder.Page.al	59	c2eb046eff193ad8a777112bcf49678cb032b02249a6cd97c71dce5cac25a340
Source/Base Application/Integration/D365Sales/CRMSalesOrderList.Page.al	73	027b0bdb5b026d784dc4fdca2a71338b014ff2495ccc0fe7aca1402b0e2b864e
Source/Base Application/Integration/D365Sales/CRMSalesOrderSubform.Page.al	11	e374fb6f710d123cd3cbbc6ec7ee1990edc0db0984a0ff45fe3013833cb5c5df
Source/Base Application/Integration/D365Sales/CRMSalesOrdertoSalesOrder.Codeunit.al	533	225877b1ad3a36a1aff786deadb84eb269c443849528aa2bb1b29df4f1177e1d
Source/Base Application/Integration/D365Sales/CRMSalesQuoteList.Page.al	95	6761599da8023e9a77cb3a0aeea56011ed3952462e4f91847ba0a574103345a3
Source/Base Application/Integration/D365Sales/CRMSetupDefaults.Codeunit.al	1160	b66131d9949c0e8bbbaabcbd0c48d97bc6f985c4fa3f0250b2bb233a5c51f62a
Source/Base Application/Integration/D365Sales/CRMShippingMethod.Table.al	17	9852bdcffdd80ca7f8a39d3578235402a394f1335de903be9b716fb253bbbfab
Source/Base Application/Integration/D365Sales/CRMShippingMethodList.Page.al	47	4691e52bf319814d95ec45dcb2b1800aff98d8fadc95ef045cb588a6151b8eeb
Source/Base Application/Integration/D365Sales/CRMSkippedRecords.Page.al	147	a68de9ba682c38595dedae2389ab28431b0acdb8674ed383db6d72dbfcd42a41
Source/Base Application/Integration/D365Sales/CRMStatisticsFactBox.Page.al	12	2d3fcefd66e75fb853c14298fb204a0cd70a7a11a7c6ad8cc1411053167b1047
Source/Base Application/Integration/D365Sales/CRMStatisticsJob.Codeunit.al	282	20096f7234d7aae94cc108ce9b9fd3f8b8463e439ff6fe0a5b0226bbc022659e
Source/Base Application/Integration/D365Sales/CRMSynchConflictBuffer.Table.al	384	144bb7b2b842a18250e101f9991401a04f842820c8ce63965961fc963ec2d66b
Source/Base Application/Integration/D365Sales/CRMSynchHelper.Codeunit.al	1301	46f095c4526355f77efdf919a1bcc91747bd1d246c1ac90673570078bfbd13dc
Source/Base Application/Integration/D365Sales/CRMSynchJobManagement.Codeunit.al	30	72409e5a2e6bef41190f46041551c20bf36f441f417ff1d49e4f080b4f6e185a
Source/Base Application/Integration/D365Sales/CRMSynchJobQueue.Page.al	6	977c3ff732a8418cd192c3a0f109445f1bdb1c8dc084af2005ef16f721a79dc4
Source/Base Application/Integration/D365Sales/CRMSynchStatus.Table.al	9	fafa6baa66ed3be05bf517a2e9c332a11c78a957ec50c6d07b496e515d535771
Source/Base Application/Integration/D365Sales/CRMSystemuserList.Page.al	267	f063638945fdb9ef6ee4800f09164c41a6bb7e2c22a739eb85310a5f208ad2dc
Source/Base Application/Integration/D365Sales/CRMTransactionCurrencyList.Page.al	38	d034e5e1c8c1f835c725a4f47ac4dea752e811eb6a3459d58fd61f87185138b8
Source/Base Application/Integration/D365Sales/CRMUnitGroupList.Page.al	41	ed386ce45665cf4d533bee69aba33628a561733cf981906e744c4d2c92361ce3
Source/Base Application/Integration/D365Sales/CRMUnitList.Page.al	54	a901fd04d1f112584338738de3f8f9fe199a0b06d5ddc94e9ce06f1518f0d3b0
Source/Base Application/Integration/D365Sales/CRMUpdateUnitGroupMapping.Codeunit.al	7	c8e0afeb01e868998c91c0ea291c108c77d84dafc5d40b0e3e35fa4e7920f523
Source/Base Application/Integration/D365Sales/DynamicsCRMAdminCredentials.Page.al	6	db758af5d0088998390b3cd681fdfd3c96dc73442e52fe52917f599ae086d5d6
Source/Base Application/Integration/Dataverse/CDSAdminCredentials.Page.al	20	b638db6396769dde52d509b3b5cbdf87f3398d46e762b425fb5628e07b9fbef4
Source/Base Application/Integration/Dataverse/CDSConnectionSetup.Page.al	418	0d10fdb7675a1275f669c95c3ae92df27f44d2d0a483741be75d97cf6cdefec8
Source/Base Application/Integration/Dataverse/CDSConnectionSetup.Table.al	281	af138c8eecb93f7177e1fc59b9eb96d8e6e95e36f1fb4f300906bb3d117afb56
Source/Base Application/Integration/Dataverse/CDSConnectionSetupWizard.Page.al	696	d5207b1ca77f4c1a4a49b587b0f6a66f969c457b57a1528fac9a701a4d92c5fa
Source/Base Application/Integration/Dataverse/CDSCoupledBusinessUnit.Table.al	20	d17eb5a539cb8b9d2cfda2d92224a579c57e201e14bc4cb8bf19c0f390b82e97
Source/Base Application/Integration/Dataverse/CDSCoupleSalespersons.Page.al	236	0913937b4ccd93f3ed85fb2a55cc93dc0da64699a4b8d4023c47b9b589a35504
Source/Base Application/Integration/Dataverse/CDSEnvironment.Codeunit.al	171	0ccaf3c63a4010ac0a26f7a13309bb636aed88f03e3da54139557d506d207eef
Source/Base Application/Integration/Dataverse/CDSFullSynchReview.Page.al	180	4fc8399663779334dd2d003eadaa5fd19408567dc50ccd796b0fe721653a0d02
Source/Base Application/Integration/Dataverse/CDSIntegrationImpl.Codeunit.al	3558	001ab4227df1b4c584c48f6c6abca1a3c108388c59fd7476377d26b9f9cb6c3b
Source/Base Application/Integration/Dataverse/CDSIntegrationMgt.Codeunit.al	67	0152691233d9da541471ee14372f6cbbff1df3ebb36272fbc391944945290c9c
Source/Base Application/Integration/Dataverse/CDSIntegrationSolutions.Page.al	26	23b154dbcd162efe8611c8e9f06bb12755a02709f5982a3bcac5e913d2909523
Source/Base Application/Integration/Dataverse/CDSIntegrationUserRoles.Page.al	52	393c4a5abaf90ca3a7fd92dc2d18cc09cd6daf4957183518ffeaa78d60554f49
Source/Base Application/Integration/Dataverse/CDSIntOptionCouple.Codeunit.al	162	d3a3315a477ce100824af5d840d481c0cd312a0d9af30419ec7e61fd7d9f0590
Source/Base Application/Integration/Dataverse/CDSIntTableCouple.Codeunit.al	190	30e3d081be71ce3b17a5515b720976bb477795ab88a798b36fff76f17bf1c75d
Source/Base Application/Integration/Dataverse/CDSIntTableSubscriber.Codeunit.al	983	dc83c3d58a3924cb61ecf77e7b8cc6209d5abd7d640fa86ed808e0b34a1c8606
Source/Base Application/Integration/Dataverse/CDSIntTableUncouple.Codeunit.al	101	67a134ad56c901d21c40bcd2542dc3511f3124a17567a71ac14ca5b30d10da46
Source/Base Application/Integration/Dataverse/CDSNewManIntTableWizard.Page.al	237	5ca1e3393264a6d51495bcc8626cf5dd7cbf9173c9af66d12188c6a3a7d76175
Source/Base Application/Integration/Dataverse/CDSOwningTeamRoles.Page.al	60	a902ffcfa23a79f52649b54c75b08ee117ad0427075268de3e7a73ecd8019edb
Source/Base Application/Integration/Dataverse/CDSSetupCertificateAuth.Codeunit.al	51	a19e6ea0010141732e0578f1ada6c7ad0dd72cc669500348a34ec73611e063b4
Source/Base Application/Integration/Dataverse/CDSSetupDefaults.Codeunit.al	739	d10af241686125ffcb5718fe0aaade9a3c98a173db9359111af69d8895da32f4
Source/Base Application/Integration/Dataverse/CDSTransformationRuleMgt.Codeunit.al	22	af83eb0d6b870a3a6326b1648189690f1be18d8bd8f1931cacd4d6f71482e36a
Source/Base Application/Integration/Dataverse/CouplingRecordBuffer.Table.al	209	8bd09789d92709d13d9b2f4d8a2428308ab4a27a6a22bc107cf3e9b1da7aff7e
Source/Base Application/Integration/Dataverse/CRMCouplingFields.Page.al	49	c6b3b7f87742c50b6f643ece53b8e4ff438e285103e56db150105660710c72ad
Source/Base Application/Integration/Dataverse/CRMCouplingManagement.Codeunit.al	90	cf5de8fe94f9f9b09b82bfa40a220466763628941d287517d44a68eba266dd59
Source/Base Application/Integration/Dataverse/CRMCouplingRecord.Page.al	44	9e5e07bbd96f61a137747b2e942d55bada8e58311e98e642b0917eae1aa8d0aa
Source/Base Application/Integration/Dataverse/CRMFullSynchReviewLine.Table.al	286	cb05b7e2d5f4d374a353986568c72826ef20550e2d6bb1e6addb5832f9360bc4
Source/Base Application/Integration/Dataverse/CRMIntegrationManagement.Codeunit.al	2477	aa6078d4ee45006426466a956d4c596f0adb3582762a5d4557d4fd3f802235ff
Source/Base Application/Integration/Dataverse/CRMIntegrationRecord.Table.al	511	a94161e74568d8bd4fd72ed604f90166226847ef9d64f3d1adc8a9501b4df739
Source/Base Application/Integration/Dataverse/CRMIntegrationTableSynch.Codeunit.al	563	5e7528e073b25ce269c65518c8dcabece1606ca63871de7bd7fcf56c0fc7cbd7
Source/Base Application/Integration/Dataverse/CRMIntegrationTelemetry.Codeunit.al	62	1a9376e69835bc160172f4d64c22ea89eedaaf011bd34af1ac0621db3906e5ba
Source/Base Application/Integration/Dataverse/CRMOptionMapping.Page.al	2	bae193a06be389c3a510c338bc8a69e7d70fe1112fb95d16ce58f4fcb73d4f24
Source/Base Application/Integration/Dataverse/CRMOptionMapping.Table.al	166	a314d0e6170a67d42ff576a4b62328bd051e3c38691b52463bd1cf09b9d64f9b
Source/Base Application/Integration/Dataverse/CRMPaymentTerms.Table.al	17	f7e711cc98fb1f2209cfabff79c53e3f9c4bd77acf7898e5773b332e88e77cee
Source/Base Application/Integration/Dataverse/CRMPaymentTermsList.Page.al	47	b5c42ff68a7cfdc304bf0f9b475ad3960b27c029ec17a54ac6d3753c708a52b0
Source/Base Application/Integration/Dataverse/CRMRedirect.Page.al	32	dd75d0158f077bf29ab9036f4acc0ff56f3e3665c4cddde3fa5ba78b93e71526
Source/Base Application/Integration/Dataverse/CRMSynchJobStatusPart.Page.al	4	c77ab462796ab5f4cd28c2087f442f189f5a155e8f819d69a57a4bca771af938
Source/Base Application/Integration/Dataverse/DataverseEntityChange.Table.al	17	e093fce6ff3e849245eac390c343f5f2ee7345ba5d0fcb63ff84e0d9c22a1db5
Source/Base Application/Integration/Dataverse/EnableCDSVirtualTables.Codeunit.al	3	0b90ce325d52d2cc303d6310cc4d344d48c13a119924b02fcbb57313ec174259
Source/Base Application/Integration/Dataverse/LookupCRMTables.Codeunit.al	416	7eb7c0370f7f2cde42e579488f165462c8d4709b82a1c7e5a6538aded3cbe239
Source/Base Application/Integration/Dataverse/NewSyntheticRelationWiz.Page.al	278	ddbe78c30e85892a41f44c1f6beb4d6a1291a6528981c2039b12c95c06f542fc
Source/Base Application/Integration/Dataverse/SDKVersionList.Page.al	2	6c9f7114c71defbfa8576675cb5f0bef64b54090c628d539318cd68954501ec1
Source/Base Application/Integration/Dataverse/SyntheticRelationDetails.Page.al	3	4507ae9d333cd3520625ea114289f9ea642e0745d82df0f9bbe8cab5d66b5f54
Source/Base Application/Integration/Dataverse/SyntheticRelations.Codeunit.al	247	691f018da84974b2b49055744920753f8ae6d26071ac765026200ce35e5f00f6
Source/Base Application/Integration/Dataverse/SyntheticRelations.Page.al	22	f19986047821cf7a1c588f7a9ac099e33b43c14e45573f61ef38b847a6813d9b
Source/Base Application/Integration/Dataverse/SynthRelationMapping.Page.al	19	b669d9cdc15924e09c66edbb3f4358f8b821642015cfa67474af38bd52f5effe
Source/Base Application/Integration/Entity/AgedAPEntity.Page.al	3	f5e27e87b480c0ce4d2ddb7e149f840517fc887d43066fbd2060922dd08aba60
Source/Base Application/Integration/Entity/AgedAREntity.Page.al	3	bf61c11b71af6da69e550688fdbd0dd55b6da02c01406ca87bc47b8771419900
Source/Base Application/Integration/Entity/APISetup.Page.al	16	7390a7ad46106e9ba5e571e2f96ec0145b3c274bff74ee35d3623437a4223900
Source/Base Application/Integration/Entity/BalanceSheetEntity.Page.al	3	666a264fb7157624981751a390a2349008048121a025aa9ede4de9ab59acfa64
Source/Base Application/Integration/Entity/CashFlowStatementEntity.Page.al	3	cb29cc0df93b5cc083d882ef48cff34400b083ab8119c6377b4601dbce354399
Source/Base Application/Integration/Entity/IncomeStatementEntity.Page.al	3	e515dfde97d3e0d5304508ad2307f9171bbd21df2b1bd417279cd8dd995c4141
Source/Base Application/Integration/Entity/PictureEntity.Table.al	273	dbd6a1fece552ad1be222369fafeb40058de9889aef62162c9bb0c2ac827fcf5
Source/Base Application/Integration/Entity/PostedPurchaseInvoiceAPI.Page.al	4	67b4572ba557e7b83132e078790aff1c2b42be1c9ba77e1ae15a35bd91995f37
Source/Base Application/Integration/Entity/PostedSalesInvoiceAPI.Page.al	4	7d1abfd5e8b599c82abd090a8de4cccfdd3bddefeaceea63378f8aa42a4a1231
Source/Base Application/Integration/Entity/PurchaseDocumentLineEntity.Page.al	25	23f48e9fb4eeafe944a2bbeb128fa1c01b95b50bad48c44746806bd75392bddb
Source/Base Application/Integration/Entity/PurchaseOrderEntityBuffer.Table.al	92	7e4675d9bcca83347b4902773d6dab6c396d5b0577172e9d935178e07bd1c141
Source/Base Application/Integration/Entity/PurchCrMemoEntityBuffer.Table.al	114	9b9fc93a67fea0ec630d285c102291915862b160bd5041a18f9df36546420686
Source/Base Application/Integration/Entity/PurchInvAggregator.Codeunit.al	644	3639b7914ecc5c7ba56ec737580117a11263fd0a9bce9dc9ce55435ce50ac2c7
Source/Base Application/Integration/Entity/PurchInvEntityAggregate.Table.al	83	9899fcce92623f4df4a41216424a9b80db8c2cd493172157bfc4529d6040f1c3
Source/Base Application/Integration/Entity/PurchInvLineAggregate.Table.al	95	2e795219c2a3cf8c548bb1d23022b75d8e59131329085406271ace145e378fc8
Source/Base Application/Integration/Entity/RetainedEarningsEntity.Page.al	3	2bb3e83700d5ddaccb46683332d73df8a59e6069300933f675d459431402a0e6
Source/Base Application/Integration/Entity/SalesCrMemoEntityBuffer.Table.al	117	734f1a424f5b173e648ed293ca428ff1c3f479fcadefa5654eb3614bb7477b55
Source/Base Application/Integration/Entity/SalesDocumentLineEntity.Page.al	25	ec5f3bf11669f99e2a7b7418f7fcca3a47b657090d1876b146d7546007700850
Source/Base Application/Integration/Entity/SalesInvoiceAggregator.Codeunit.al	716	8a05e466dee5ddeb61113f19146bbcce94bbe0eaf3fa058f9aa342994fdbd398
Source/Base Application/Integration/Entity/SalesInvoiceEntityAggregate.Table.al	205	4b96a1eb87d4824d261c0665e8632d15de5aafc18e749ad7b4c2d36ac1426320
Source/Base Application/Integration/Entity/SalesInvoiceLineAggregate.Table.al	120	8c3a69b8832ebfa942d833654edfbddb71eb7eb84522a2a34af6c235d2dee33a
Source/Base Application/Integration/Entity/SalesOrderEntityBuffer.Table.al	95	3ace7870a27e800d89ba14640b7f8e08438400b15ee93d0150b628f1ac44bd15
Source/Base Application/Integration/Entity/SalesQuoteEntityBuffer.Table.al	152	cc51b0a8fba1fb47de4dd1aa3fbbc4155db5f13b59494a4abc6f9532f7db53a9
Source/Base Application/Integration/Entity/TaxAreaBuffer.Table.al	91	6acc371db6f84cf22533e908a4f9d14eb48d9a9e18cd4de7002538799b5ba00d
Source/Base Application/Integration/Entity/TaxGroupBuffer.Table.al	95	bbbf62d094862608fcc1304d4bd4b0699e30d77d865f61e8ab32046cf7467adb
Source/Base Application/Integration/Entity/TaxRateBuffer.Table.al	53	4a1c5b551423c8357b56b3474253fd944345fa6f2b4676084000148c93d084be
Source/Base Application/Integration/Entity/TrialBalanceEntity.Page.al	3	0b4e55feb7629398bd8179c0afa5c41c1c6ab293f27bc9f968c2a87f01aabb6e
Source/Base Application/Integration/Graph/AttachmentEntityBuffer.Table.al	14	c7343b3662223cef3fd90e63feb82bc2febbff6a02995f7723e3fee2fc135a10
Source/Base Application/Integration/Graph/DisableAggregateTableUpdate.Codeunit.al	22	cc1264edc4b1aa94345657eb9569e47dfdee673495c0ba6b9858acba925299a9
Source/Base Application/Integration/Graph/EmployeeTimeRegBuffer.Table.al	214	991cc33c9100eda39594e7f66ee3810372eb1b19eb6592f44fe662485c5fa202
Source/Base Application/Integration/Graph/GraphCollectionMgtContact.Codeunit.al	625	da8a37e34576ae02ab458ad0f30f900df2b379b5cef65759dd1d75be697b6139
Source/Base Application/Integration/Graph/GraphCollectionMgtItem.Codeunit.al	234	0556a40ed560be6d3e6b047341a1b82af000dd16980e3e9a2084a61aa5abce40
Source/Base Application/Integration/Graph/GraphConnectionSetup.Codeunit.al	53	df5f9b0a5fe7b59387bdef0d8c741dbc7981f1836af5c34ddb80b1ac7e95774f
Source/Base Application/Integration/Graph/GraphMgtAttachmentBuffer.Codeunit.al	1462	1241f7c0cc4d9e8e19c1404aeb58b7fe50850fb868e42cac8c4a787d2ce9c197
Source/Base Application/Integration/Graph/GraphMgtComplexTypes.Codeunit.al	185	7904cc4ccbc31df6f210ce0e9778a4fef054b02e491719fb8215a36518c11438
Source/Base Application/Integration/Graph/GraphMgtCustomer.Codeunit.al	24	fb8fb01f2c2499fd96fa1e4b1e994c952301aa9c14519f36e71f5e2e7e6e6659
Source/Base Application/Integration/Graph/GraphMgtCustomerPayments.Codeunit.al	35	b9e9d65d94a21018995e0295ce1e6d3786ac380a2dd645fc9dfb07e4208834ba
Source/Base Application/Integration/Graph/GraphMgtEmployee.Codeunit.al	10	34d5f76ab07cd487144b3760f4fed7d05b4a840cb4ed0c3b30a64e56af1e7403
Source/Base Application/Integration/Graph/GraphMgtGeneralTools.Codeunit.al	155	ab94256ef7e047e8fb4e93d20e3118ea2e97505887b6e1e6123c97767940e566
Source/Base Application/Integration/Graph/GraphMgtIncDocAttachment.Codeunit.al	18	c5f322cb1de8f2ba25e420750f5c4981cfd5009f55abb5a1dcc2400d4e4ce426
Source/Base Application/Integration/Graph/GraphMgtInServicesSetup.Codeunit.al	4	20a4ec141a616b20e3dbf2c5f651fcb2933891a1514dc1002046e958a853b95c
Source/Base Application/Integration/Graph/GraphMgtJournal.Codeunit.al	24	4e24ebdb7919f6de3d56e901453b25d50632154bf8874ca6ed4e84e571a52b0e
Source/Base Application/Integration/Graph/GraphMgtJournalLines.Codeunit.al	140	9816b3bd94f75fc74d824936bbc6cbaa21488c106e52f401c2ff940f1a339c6a
Source/Base Application/Integration/Graph/GraphMgtPurchaseInvoice.Codeunit.al	31	1c18e99cf5dabc2c69e5769265d8da45aefc3e61eeea006ed1d1fe31e6eafb36
Source/Base Application/Integration/Graph/GraphMgtPurchCrMemo.Codeunit.al	581	a6a36d258d8749d86155aca41d2dc9eea53d854505f4b1af265a4a8be8785b9a
Source/Base Application/Integration/Graph/GraphMgtPurchInvLines.Codeunit.al	17	a6d5ca00e8b956c87feccf6364b01317d5aba7a5c4088e7de459426b4e970fd5
Source/Base Application/Integration/Graph/GraphMgtPurchOrderBuffer.Codeunit.al	379	46238b88162c991937e56644217b297867c3c11d7da0b7549e0a5573fa469b9a
Source/Base Application/Integration/Graph/GraphMgtReports.Codeunit.al	344	9a61abae3d7cf4d00acab617d4725a802125cfdb77c7d9b658eb9f9ab30a4bc5
Source/Base Application/Integration/Graph/GraphMgtSalCrMemoBuf.Codeunit.al	600	3bff4bde8efc9044ae7ffb9481b89ecce8f7986c61303becae3662a939e70b7c
Source/Base Application/Integration/Graph/GraphMgtSalesCreditMemo.Codeunit.al	22	674f2919eb85ad28def1637d026be0da3892b015c9bf932a5b3490b2d464b3f4
Source/Base Application/Integration/Graph/GraphMgtSalesHeader.Codeunit.al	16	0be8fb6dc353d1cf430510e3bec86811efa31a409e03124e2457f94df5013fb9
Source/Base Application/Integration/Graph/GraphMgtSalesInvLines.Codeunit.al	35	ed8ee5ac0a2c9797b93b2c0e5d7230fa19b0e81c396a97501c4515a34eec7ddd
Source/Base Application/Integration/Graph/GraphMgtSalesInvoice.Codeunit.al	31	5f6dbbaaf62408861741f7647424b113ce08693277552cf94bdf4819f63039af
Source/Base Application/Integration/Graph/GraphMgtSalesOrder.Codeunit.al	31	4d0ac0fca6d6a5eeeee14964549bbf1745731b9f4b5ba9859e3684abc794bb1e
Source/Base Application/Integration/Graph/GraphMgtSalesOrderBuffer.Codeunit.al	375	cd945c56be7a9e62c5495179dc9a458462fb25cd2ce2e27a7ae98c5b852b152a
Source/Base Application/Integration/Graph/GraphMgtSalesQuote.Codeunit.al	31	6c40e3d8d74aa6538a96ceb61ed89cd7b751232e0e44133b010c557e0ffb995d
Source/Base Application/Integration/Graph/GraphMgtSalesQuoteBuffer.Codeunit.al	404	47cbafb82017a85bce396a725af648f8ce659350b1a124a7e92767aeb009c529
Source/Base Application/Integration/Graph/GraphMgtTimeRegistration.Codeunit.al	105	eaf57bdff00cbfd44b75b58e6e27a1f817cec291d8745b6256fc808f7cd9037c
Source/Base Application/Integration/Graph/GraphMgtVendor.Codeunit.al	24	a1e2d0465519c7dfd40dfbdfafec448cb43d882e17713ff9d9224785497f84aa
Source/Base Application/Integration/Graph/GraphMgtVendorPayments.Codeunit.al	34	b074ac45291b835e1bb9c6f84f0033081a0df8027d708599aa637934856d1a5b
Source/Base Application/Integration/Graph/UnlinkedAttachment.Table.al	20	c46e8935b59496ad8176eadeeecc8da04a9b6273fec77f91954f1053e4afa183
Source/Base Application/Integration/PowerBI/ReportingData/PBIAgedAccCalc.Codeunit.al	52	ef8cc78a713403b5bf2f7ead01f0b77baa475499f53967e734ef2b4a217bd381
Source/Base Application/Integration/PowerBI/ReportingData/PBIAgedAccPayable.Page.al	2	7219115996042e99451a88f6c92c7d292f9190f7098e852c537d61d5127e72af
Source/Base Application/Integration/PowerBI/ReportingData/PBIAgedAccReceivable.Page.al	2	d8486669c7bea1876658f586402bebbacc89522a27c7e249221d93f509f71f35
Source/Base Application/Integration/PowerBI/ReportingData/PBIAgedInventoryCalc.Codeunit.al	48	e0f818bf2835b6495ace649136b6f52b4a9aca79f77bd45ee1d9f20aec427f75
Source/Base Application/Integration/PowerBI/ReportingData/PBIAgedInventoryChart.Page.al	2	166503b7a88c87ff53a312f5c0a78dc94fc34fec33741f66a2bdc876899e67c4
Source/Base Application/Integration/PowerBI/ReportingData/PBIJobActvBudgCost.Page.al	3	6eb074e6b5e005327408df5cfe6ab494ca7102c5ea3743681e9506f49f957b59
Source/Base Application/Integration/PowerBI/ReportingData/PBIJobActvBudgPrice.Page.al	3	b3ec1f06ab85ab733126358d521d0896a45046445af3796eefebe5abfff72cfc
Source/Base Application/Integration/PowerBI/ReportingData/PBIJobChartCalc.Codeunit.al	45	7bb98c923067ee4f63425a15fdb8a4a97c27a2d14c88c01f57176f5c30ab391e
Source/Base Application/Integration/PowerBI/ReportingData/PBIJobProfitability.Page.al	3	a314171432bab79497f505781e49bb0f9f36c438efa62d49ba04c92409109a4c
Source/Base Application/Integration/PowerBI/ReportingData/PBISalesPipeline.Page.al	2	06d845e56c3d19505549cd21ac9e07883743c95d6afb4b8300957061cbdc98cc
Source/Base Application/Integration/PowerBI/ReportingData/PBISalesPipelineChartCalc.Codeunit.al	19	9604315417d39cc6fecd668cd5fc0e287e6203990c138d279340378fc525e88c
Source/Base Application/Integration/PowerBI/ReportingData/PBITop5Opportunities.Page.al	2	5b2a875cf1551dcf3aac9137621a09cda1738b5385acfdac7c8e86b70344ab57
Source/Base Application/Integration/PowerBI/ReportingData/PBITopOpportunitiesCalc.Codeunit.al	30	59a4f31e684aaab2b3dab5bf0fe8618d836cf37b85f49edd7cab1106f0b7d933
Source/Base Application/Integration/PowerBI/ReportingData/PBIWorkDateCalc.Page.al	2	b101bf69fd81753e839dee380d22cf7f0fd7ccb8fc45ff557ef622e7c5179327
Source/Base Application/Integration/PowerBI/ReportingData/PowerBILabelMgt.Codeunit.al	103	fb5459fdfc2cee4f058c424b9dc4138bf19ddd8eb893b9bd34d0ca2628f125c2
Source/Base Application/Integration/SynchEngine/IntCouplingJobRunner.Codeunit.al	6	4a29d19ae7d33ccd09edc4654d2f1d80fb3166a71813a82ab0d6777060423f63
Source/Base Application/Integration/SynchEngine/IntegrationFieldMapping.Table.al	99	a441bb878c61dff65566eac49d3e16b1c389fcff73fd3a771f29e658e1c8457d
Source/Base Application/Integration/SynchEngine/IntegrationFieldMappingList.Page.al	21	9774c1967e9ca6f54098fcd8449805df13ccd8069a2add19ebbcd9f2f2158b34
Source/Base Application/Integration/SynchEngine/IntegrationFieldsLookup.Page.al	13	6d5519e06891013e2055442e0fc6664534695474e1d77e1a28855cdbc56294f8
Source/Base Application/Integration/SynchEngine/IntegrationRecDeleteInvoke.Codeunit.al	33	177e77cd69a4a0656185cbdbd93daa05ae08da0bf7ffb04c745d31d5bb68d9ff
Source/Base Application/Integration/SynchEngine/IntegrationRecordManagement.Codeunit.al	106	529c5849d849b412c4de1c21bddf244db638d639945bb562f18ec6eb44f5af53
Source/Base Application/Integration/SynchEngine/IntegrationRecordSynch.Codeunit.al	399	7b583cd63a50983f53b663702725bf72ed45b0d50d43cc5e0cea6ff7f477af80
Source/Base Application/Integration/SynchEngine/IntegrationRecSynchInvoke.Codeunit.al	459	fa7349743721df0ff977dcab67e0df6ab9a6eb54d4bae5792c98c452489838e8
Source/Base Application/Integration/SynchEngine/IntegrationSynchErrorList.Page.al	106	357bd91d95897b8ac20225ffeecb5c1a88efb42eb34c814015cd82a66fdc8205
Source/Base Application/Integration/SynchEngine/IntegrationSynchJob.Table.al	39	fc72f29151b0d276895e7a4d8fd2ea9029c513b74e55036d2253b1b9c0849a08
Source/Base Application/Integration/SynchEngine/IntegrationSynchJobErrors.Table.al	98	04a2f67a0a1063b0dcddb501c61c6bc39b6be0665d440dab55551ab0d9fd7278
Source/Base Application/Integration/SynchEngine/IntegrationSynchJobList.Page.al	81	029440596c9653d6faa18287542988d6a9675fc18c8eac8f61685f4c9dc75fce
Source/Base Application/Integration/SynchEngine/IntegrationSynchJobRunner.Codeunit.al	6	64c2d1bf33a8aba8e86f2a62a16fece410380a84327885f42c0de96a1fda47ea
Source/Base Application/Integration/SynchEngine/IntegrationTableMapping.Table.al	616	f5b1a093fd2d297529f7b9c35d5eba86ac63097401119e139aebcf9da97992a3
Source/Base Application/Integration/SynchEngine/IntegrationTableMappingList.Page.al	178	ab8f769193ad0c0958242d1ff15bf7bf9db2380e9581e6ee672491ee013467df
Source/Base Application/Integration/SynchEngine/IntegrationTableSynch.Codeunit.al	412	3ee8e7fbc8180deb36368a3ee89269930bc299e970fd2be8c6de7634711ab8d4
Source/Base Application/Integration/SynchEngine/IntOptionSynchInvoke.Codeunit.al	238	2646cd9a138fc320989621af0742bad386a8252159b2c677f35986c44521d80b
Source/Base Application/Integration/SynchEngine/IntRecCoupleInvoke.Codeunit.al	87	e66c40c250a1342edcf753ce7cf1f55345b631a703d2a663d40483769589f52a
Source/Base Application/Integration/SynchEngine/IntRecUncoupleInvoke.Codeunit.al	113	fccaf006583ea1ef77e818fdfe6ca15baf695635a7764789cf8b686904eabe20
Source/Base Application/Integration/SynchEngine/IntTableConfigTemplate.Table.al	7	5a49c21202bd3402aea1c41e37fe3a53cd50ce2e73c47084c1d966da00707be6
Source/Base Application/Integration/SynchEngine/IntTableConfigTemplates.Page.al	22	b2b2f5419997e5c448739c015e00be504e9e15a3965afcde5610fe1bc0ddd8ae
Source/Base Application/Integration/SynchEngine/IntTableManualSubscribers.Codeunit.al	3	ca660f341ae40f70465e6cce1f57befd446b476d3abd53b527a810495a890d09
Source/Base Application/Integration/SynchEngine/IntTableMappingErrors.Page.al	26	909673e5d6f7c2ba6ec16e28880056269d0cb9e9e212042342fb1ee8ff9fafea
Source/Base Application/Integration/SynchEngine/IntUncoupleJobRunner.Codeunit.al	6	2e1b5f35dd1037f7c2fd0bb11bda477734a896c61253270225ee4432e90490e9
Source/Base Application/Integration/SynchEngine/ManIntegrationTableMapping.Table.al	36	0f0bf618aa794ea30193536788c18becf6ac9bec864c830498365028fb982053
Source/Base Application/Integration/SynchEngine/ManIntFieldMapping.Codeunit.al	45	4653b5fdcf8a94558a45fadeb0898f76e7d4c2c3bed13592a7baca5aa9092687
Source/Base Application/Integration/SynchEngine/ManIntFieldMapping.Table.al	73	adf9780827c3a44e24a82fbb2f80322d9cef1d190675b3759ed617bd0775ca91
Source/Base Application/Integration/SynchEngine/ManIntFieldMappingList.Page.al	14	d17ef1551db90261267381f0c29d6d4d6802d4d530dacb1f2e9901c562f91039
Source/Base Application/Integration/SynchEngine/ManIntFieldMappingWizard.Page.al	37	4c374c40a40f7dcc508c6bed88112eb6f034a32d678ba57d6f4016cdf50bf155
Source/Base Application/Integration/SynchEngine/ManIntTableMappingList.Page.al	8	8659f81251265c5693fc59db967b0ac537722035d26ef013efdf4463ddd5f512
Source/Base Application/Integration/SynchEngine/ManualIntMappingEvents.Codeunit.al	31	ba7561a53381523f70bd2531df30a74cf7c16462a2b54efeff73425df72d7ce1
Source/Base Application/Integration/SynchEngine/MatchBasedCouplingCriteria.Page.al	60	cd0507e1408a7cd160f996da5d2b1bf8bb627c31db19a033f4ffde497a63de81
Source/Base Application/Integration/SynchEngine/TableConfigTemplate.Table.al	7	3a6bd4b050ceb20c4658fda394a471612328c350e7e88512361d0b3d70c556e1
Source/Base Application/Integration/SynchEngine/TableConfigTemplates.Page.al	20	000401d1f4172cdaefbecd89b8afc1561268ddd5bf7a37543ebf885822ca3dd9
Source/Base Application/IntegrationServicesSetup.Page.al	8	2d15a60972bb5d553088a497684f30da5a35b872719d2b7ecb71d37ca070c279
Source/Base Application/IntelligentCloudManagement.Codeunit.al	6	49e07c65474e2652e803a96cd8cb08ada880c20b92a4205b9559d48ca021bb62
Source/Base Application/IntelligentInfoManifest.Codeunit.al	141	749761586e7316c36ae8a454fa52d50daac2aecccd49838d7783297ed3d8b028
Source/Base Application/Inventory/Analysis/ABCAnalysisSetup.Page.al	32	72b63e646d3d912c5dab9e23699cc054c62d80b1ff14b53ba900c61f02a50bf5
Source/Base Application/Inventory/Analysis/ABCAnalysisSetup.Table.al	11	16d392440fc58d9f09b14db4bc6b49095b30c3a059557347f0037637ec6c3be7
Source/Base Application/Inventory/Analysis/AgedInventoryChartMgt.Codeunit.al	97	4d0a6125e1de981a67da3a987754a6ac0031e9e7c3417e980542135a35dcda7c
Source/Base Application/Inventory/Analysis/AnalysisBarChartDrillDown.Codeunit.al	47	344e11e1da8b53b93f0af3065a8baed08c3d76639e0e3cae6881dada5f88d45a
Source/Base Application/Inventory/Analysis/AnalysisColumn.Table.al	30	9ecc99fff51bda2b187775bbaadb39744d16b5b3d18dd67a81141dcd622c2911
Source/Base Application/Inventory/Analysis/AnalysisColumns.Page.al	33	c16d7926a699196dc102d1115e633f9427fe8a7fe2917e86fd583ed46cfc1031
Source/Base Application/Inventory/Analysis/AnalysisColumnTemplate.Table.al	5	82af404d20ed1dc9523413c053018cd8e4eeb7603225bff5c607b8753b6590ee
Source/Base Application/Inventory/Analysis/AnalysisColumnTemplates.Page.al	7	4189f240be27ad668941c957ab4a3b2bf43acd86e4b6bd9484babc75b711c119
Source/Base Application/Inventory/Analysis/AnalysisDimSelectionBuffer.Table.al	91	39e91f94451c81ac3e2d7716d3b4fcde7a113f538a82fb8f0e77455725030bb7
Source/Base Application/Inventory/Analysis/AnalysisDimSelectionLevel.Page.al	40	d433ab38fdecfd498f24ad1ab701855568efb6cfdd753c5b1f79f2a1592ef50f
Source/Base Application/Inventory/Analysis/AnalysisLine.Table.al	204	9a3f259a1a7b56a3d6616bc57ebde67397c6332427dae9d2669df8ad53d72f21
Source/Base Application/Inventory/Analysis/AnalysisLineTemplate.Table.al	5	b2bf07c65872ee70ccfe946fea96ce7803d59f649b0f898d3f8306701965af3b
Source/Base Application/Inventory/Analysis/AnalysisLineTemplates.Page.al	19	a75401d64b47cdc057e9c7e18911884a56aebc288d3ff9d033238171ba0ebf36
Source/Base Application/Inventory/Analysis/AnalysisReport.Report.al	325	65e191359a23dfcbce4e969c2cc6c64d961b54dd5362135301ae5ecb6dd06176
Source/Base Application/Inventory/Analysis/AnalysisReportChartLine.Page.al	17	74687ebab869ea08b411fb086e84da4ec884f24711e9bcdd7975c84a8d596852
Source/Base Application/Inventory/Analysis/AnalysisReportChartLine.Table.al	35	33eeeeb585f7f5e1ce0386b3c9b1f678754fbda6d6c3ebea0c2d5f1c9662387b
Source/Base Application/Inventory/Analysis/AnalysisReportChartList.Page.al	2	231dd6730d636898ee6a37ba3b4aff25802ad85a24c3275eda2a1d9ebcd36b48
Source/Base Application/Inventory/Analysis/AnalysisReportChartMatrix.Page.al	95	32aa8723d72926cbb05568b33101336995e4a5a1dc187d1920fb73e26726b818
Source/Base Application/Inventory/Analysis/AnalysisReportChartMgt.Codeunit.al	221	6267f8a63f29cd5f0bda07e72bb55f6cddec183a8da3d3767c821a4581957e33
Source/Base Application/Inventory/Analysis/AnalysisReportChartSetup.Page.al	35	e093cabe8a65699098e73f0763e2d1dccba110dd21ee6663c783e30c0416f290
Source/Base Application/Inventory/Analysis/AnalysisReportChartSetup.Table.al	185	c264c11cd668712bf68a596f8338c00d8347f0668ec9083284844f4bd5dd1373
Source/Base Application/Inventory/Analysis/AnalysisReportChartSubPage.Page.al	41	e7c1a131e8f93817c15dca07a4c1faadfa1beb6688d4ce8bf58e953cd42f623e
Source/Base Application/Inventory/Analysis/AnalysisReportInventory.Page.al	3	9577e2abd9e611a434feb332c1bcb8cd6f55f54762e221389834865001a20ba3
Source/Base Application/Inventory/Analysis/AnalysisReportManagement.Codeunit.al	1237	6d855aad03e124672f318ba2b57feb3aae83d1d1da97dcac370738f61e7ab817
Source/Base Application/Inventory/Analysis/AnalysisSelectedDimension.Table.al	10	7a48b67586aeab076e820065cb961ee05c3e8fb4c99f3e68f0210705fca38876
Source/Base Application/Inventory/Analysis/AnalysisType.Table.al	100	f365f0f48a6b507402158ff5f5e413168b62f79103fd9b714c7ae7e13a7f83f2
Source/Base Application/Inventory/Analysis/AnalysisTypes.Page.al	14	61a9b6d93aa7c947c5579a61762503740cacac2224391ffabb32e7411b737aaa
Source/Base Application/Inventory/Analysis/AnalysisViewListInventory.Page.al	3	93c5c0333b2dca6cd354494d768111237430bfbd099df74b5f5a2a8c8c1e3d8c
Source/Base Application/Inventory/Analysis/DateCompItemBudgetEntries.Report.al	288	e326fe90d76f529f833662d24e169444e9a8bf8e899d0f061fd5efae33cd4ea0
Source/Base Application/Inventory/Analysis/ExportAnalysisReptoExcel.Report.al	159	d5400200928518518e6b67f50df255912a0685d8c531f11329634f329e71f62c
Source/Base Application/Inventory/Analysis/ExportItemAnalysisView.Codeunit.al	488	501a3fe72729d8d88699a634f8cee1fdc5c51d3ad34b3e29d8b73e5f76f86ae7
Source/Base Application/Inventory/Analysis/ExportItemBudgettoExcel.Report.al	209	3f75d9b170bfcfbf22fddf3df8a575eb3dafcd13f539181d8fe16450089e7dc7
Source/Base Application/Inventory/Analysis/ImportItemBudgetfromExcel.Report.al	408	a8bbf1f66e4e888e6fb8d6daa1edaf8eec7200a9c8dec8f97e42f34263d614bf
Source/Base Application/Inventory/Analysis/InsertAnalysisLine.Codeunit.al	116	9642841e201f041e2bf063767c3e9ff94d2a263aa735beeeba2e27b56b30704d
Source/Base Application/Inventory/Analysis/InventoryAnalysisLines.Page.al	84	5fa92bda821a58356f793ecea9a47b7c72c7e87fef6459faf97c19fab533dd8e
Source/Base Application/Inventory/Analysis/InventoryAnalysisMatrix.Page.al	326	2f477dddc24f8aed0d8e58efe50db2d025f78f7cc80a18388c2a80cca718f2f6
Source/Base Application/Inventory/Analysis/InventoryAnalysisReport.Page.al	266	b164813fe2f145b13a36518e6f62d8fe1ba8cc15b02dbd78cb76ee45040c75e9
Source/Base Application/Inventory/Analysis/InvtAnalysbyDimMatrix.Page.al	167	b822910db5dedc25a65e2f0125140779559245544e66d7606b20e5a8e906de65
Source/Base Application/Inventory/Analysis/InvtAnalysisbyDimensions.Page.al	299	51d0b3fae92581318af444e9652252005d15a1987558508aeccd174f753daf13
Source/Base Application/Inventory/Analysis/InvtAnalysisViewCard.Page.al	20	fd56a3437f12f528bc9e869dcb9118dcd7291c30fba5e2c8b29a5c665c64f24e
Source/Base Application/Inventory/Analysis/ItemAnalysisManagement.Codeunit.al	539	142fd342d2dbc7d8251f345f56541be5f02c452009501f0615c2977483b652e0
Source/Base Application/Inventory/Analysis/ItemAnalysisView.Table.al	369	769761b002d0c2b5d56625c6d6f2527760a0cb2e724c4b030d668c14a7fc9398
Source/Base Application/Inventory/Analysis/ItemAnalysisViewBudgEntry.Table.al	4	3c41f7c6a74c17ad0b50f0651a6960c69d0c453788b2a5147a0f382b8f1a2cdd
Source/Base Application/Inventory/Analysis/ItemAnalysisViewEntries.Page.al	28	a834af20023bcae04ff9d538a73513f13d1022f1a44f77fc06efc6bea5c2e961
Source/Base Application/Inventory/Analysis/ItemAnalysisViewEntry.Table.al	14	9ef9b13342f4c7abbaf6a8992e327456142913d39ff584b7c09526d7cc22f700
Source/Base Application/Inventory/Analysis/ItemAnalysisViewFilter.Table.al	35	71ba8498a2b97ea17afb58c3ee620a12a114c8d1da9639ec2185329e19a7f18a
Source/Base Application/Inventory/Analysis/ItemAnalysisViewList.Page.al	2	b85c82fa12e4a52971b7bd971fdf0829fcf4a14a4c2c0454a4c336df4fe74141
Source/Base Application/Inventory/Analysis/ItemAnalyViewBudgEntries.Page.al	11	f5301f57b78d035529c3d21401204eca699ce2582e43009c2a53a2e1714411eb
Source/Base Application/Inventory/Analysis/ItemAViewEntryToValueEntries.Codeunit.al	93	0cf2a93f68bf14fe836ee9f842cfd49cd68cae34a91b4c3dc00b7025f55afcf7
Source/Base Application/Inventory/Analysis/ItemBudgetEntries.Page.al	141	0f5a354c904c1fce94fcd127a63801bcaad9fc140bbe2e1ec4a9630ac1c402ec
Source/Base Application/Inventory/Analysis/ItemBudgetEntry.Table.al	297	fd6550e397c0d493d60d3523c85c5b4ac74c62995c93c4e0ad9cc80cd02be716
Source/Base Application/Inventory/Analysis/ItemBudgetManagement.Codeunit.al	530	1058d237ae9651256d6d656139b44145574edfbd7197578c52b41a5e98c5c76b
Source/Base Application/Inventory/Analysis/ItemBudgetName.Table.al	30	d30c05f9addcb525b04c536d61a9cc5bdd328c222eb3a3549622a4b78bcb33f9
Source/Base Application/Inventory/Analysis/ItemsbyLocation.Page.al	62	dbca811895b94bf780b89c02ffea85e463e66a56116581acb1ca1e4a41aeaf13
Source/Base Application/Inventory/Analysis/ItemsbyLocationMatrix.Page.al	236	bb53535571466ab51f05d2a3ac89929257819662bc82c594083ed0784cd87886
Source/Base Application/Inventory/Analysis/ItemStatistics.Codeunit.al	103	92c198d08c5ddf822a238955bbe33c708744d7b23aaff3a55137171ae3b0674c
Source/Base Application/Inventory/Analysis/ItemStatistics.Page.al	284	bfa945170881709b0e7fee63a0aadffc26be21071fef0f56a2007c86012729a8
Source/Base Application/Inventory/Analysis/ItemStatistics2.Page.al	83	6c63b5ad1c6307ba0f69c55b716a49469bafb7e8ec987d47d8a9f04ef372769e
Source/Base Application/Inventory/Analysis/ItemStatisticsCache.Codeunit.al	44	eb9455bf15873a3cba125e7dc05eb704f6c9a10bfb2b920097924379584ba79f
Source/Base Application/Inventory/Analysis/ItemStatisticsCache.Table.al	77	bafb8aeaada0c3513e25c2cac560c768a0cb0a93090edcd0fb90e974236a75f7
Source/Base Application/Inventory/Analysis/ItemStatisticsMatrix.Page.al	656	06da3d5ca2ac45770ce0d6f52924031b1246b7125464ef64e2b0d2eaee10bdbd
Source/Base Application/Inventory/Analysis/ItemTurnover.Page.al	54	9ecdee545491e62df7779c15883ec946f8cc2dc84b3b9017b0b137db5b79c202
Source/Base Application/Inventory/Analysis/ItemTurnoverLines.Page.al	74	42a1fad9d4b196e80943094be7a1edbcd6f7bfcc03de347c9774f884bcc3db3a
Source/Base Application/Inventory/Analysis/RenumberAnalysisLines.Report.al	12	e4ca1119f4e5df0f230e95436975a203980aa73ed59a68bb34bde1c6300e8745
Source/Base Application/Inventory/Analysis/RunInvtAnalysisColTemp.Report.al	7	2fb128eb4db1c13d739e0ebd0dc11999dc2316019feddc5341b2fb91c2dd19c9
Source/Base Application/Inventory/Analysis/RunInvtAnalysisLineTemp.Report.al	7	e1150369a1cbc41e7b72de233befd5ff41ec41eead0eefa0f5850d46a8552d91
Source/Base Application/Inventory/Analysis/UpdateItemAnalysisView.Codeunit.al	442	b9b73ca95a6addc0cddfadbbaf716a37956a063e0778cd2afefffb272705e284
Source/Base Application/Inventory/Analysis/UpdateItemAnalysisViewBck.Codeunit.al	8	182193bda0f33abd4fd341a30d8bb606e03fa63ffb87c9a781d9b6e7f9714f04
Source/Base Application/Inventory/Availability/AvailabilityInfoBuffer.Table.al	48	cdbfc8898deee6581aa5a4c9e9905be381ebc5a03b84fddaf9bf901fa4a477e2
Source/Base Application/Inventory/Availability/AvailabilityManagement.Codeunit.al	172	969106c40e3e760c0c9124ba122a947a3ad22044956974c942a041c871364df6
Source/Base Application/Inventory/Availability/AvailableManagement.Codeunit.al	124	b34e08e5da164f7a40110314ba0db8a6ec17ff7ee1544bbeb76394cb767bda4a
Source/Base Application/Inventory/Availability/AvailabletoPromise.Codeunit.al	457	4c3af24696080d618fb79519cb9506960c5bafdd7d1eeac5f86a48cf436fdee0
Source/Base Application/Inventory/Availability/CalcAvailabilityOverview.Codeunit.al	372	671a0660ba7ea689694e99cb84da75938d6f092d5dabddc263b054173293bd85
Source/Base Application/Inventory/Availability/CalcInventoryPageData.Codeunit.al	153	f960c69af9264df137ab636fc9e2cedd70d819233ed77beefa7c7c03e098e70e
Source/Base Application/Inventory/Availability/CalcItemAvailability.Codeunit.al	655	9c20c9a463434306cd3b05bc163de6a3bd38bec326ff4a9897b760e0e14efa35
Source/Base Application/Inventory/Availability/CapabletoPromise.Codeunit.al	289	c94a289b2d70a634225a68f167ff8ff64408392a4aef1c20bf2e4259861bd478
Source/Base Application/Inventory/Availability/CheckAvailability.Page.al	12	14fbe9b278b9fc7af5e6464bec52afff7525476e777e5d57498b1febca69e4ff
Source/Base Application/Inventory/Availability/DemandOverview.Page.al	231	595fb911325aaead0a105c6057a06aaacf631d4fac48a191ac289f6625b92954
Source/Base Application/Inventory/Availability/InvAvailabilityPlan.Report.al	112	83e85f2b4b9f8facb765f25bfd8d1f6b6a872f3a8f9039d2d20a01463c706ed0
Source/Base Application/Inventory/Availability/InventoryEventBuffer.Table.al	65	6f671898c34508038bceef57e5d9d6a566661c71dc134933dc645409fc0b155b
Source/Base Application/Inventory/Availability/InventoryPageData.Table.al	11	d83c649ee8d83b9ccdd1dc9e4168d94f6639bff1c1d1caec77a4045c10a23e6d
Source/Base Application/Inventory/Availability/ItemAvailabilitybyBOMLevel.Page.al	165	0836a88b0fce6f7702771c543ec9ea658ea2d4663e5de1008427f916c6ec19f8
Source/Base Application/Inventory/Availability/ItemAvailabilitybyEvent.Page.al	187	7ce039d83fc0a956b10b90afe234ac19fc2582d8d2b3e615866240e9ff966fe0
Source/Base Application/Inventory/Availability/ItemAvailabilitybyLocation.Page.al	100	821f567e49c290f6a7e10fec56dad1d24ee57fce45089a1b03881489800e0443
Source/Base Application/Inventory/Availability/ItemAvailabilitybyLotNo.Page.al	107	26dffbb7cc9589c4cd6a42c500ec1178619b3c3476ca28608fd4b98872c22f28
Source/Base Application/Inventory/Availability/ItemAvailabilitybyPeriods.Page.al	69	c43e02974624578cd397eb921049052e514c4d32cb97c839dd9fdc0c22780151
Source/Base Application/Inventory/Availability/ItemAvailabilitybyUOM.Page.al	34	22c4eb71374dc8e4f8eeb9c3d831cd18e89432e5a557ee97ea005d30d9f1043a
Source/Base Application/Inventory/Availability/ItemAvailabilitybyVariant.Page.al	47	5e71f7fe3a04dab30da08f55765982c4d3a233ddc6d665d7912db58ec196b431
Source/Base Application/Inventory/Availability/ItemAvailabilityCheck.Page.al	154	8abe320719be847b1a5849fe51dc4773853ff07b77cf7f9c1826368ed31b03bd
Source/Base Application/Inventory/Availability/ItemAvailabilityCheckDet.Page.al	16	d551b277cc47087d949f729b373f6863a505f75ee16c83d5f56d929a9c2a93ea
Source/Base Application/Inventory/Availability/ItemAvailabilityFormsMgt.Codeunit.al	321	a4bc5759b66e04d0d8fb4a390258c704f83cd9a24e67a13c6d35082cc61f41a0
Source/Base Application/Inventory/Availability/ItemAvailabilityLine.Table.al	13	c012d71f3e63f83b2ac2a1cc399b12af419499682dcb25d1f7f7e4b8b62cb892
Source/Base Application/Inventory/Availability/ItemAvailabilityLineList.Page.al	55	ad9ec27ab37c89934fbbbc52217a6f393cd2abcbee7c1698d09be0275956e563
Source/Base Application/Inventory/Availability/ItemAvailabilityLines.Page.al	80	b9f91431f2bc2ff536910e7061523309fb2669da61fed7cdb3ae928304ce46eb
Source/Base Application/Inventory/Availability/ItemAvailbyLocationLines.Page.al	80	7925d5ed8ccdd136096554eaa334885979743b1a3f19180107a17cc11fb56bcd
Source/Base Application/Inventory/Availability/ItemAvailbyLotNoLines.Page.al	109	4de3487813ce372b754324f29f7232b98010ba7e07fc51d0ab032b3800ff975a
Source/Base Application/Inventory/Availability/ItemAvailbyUOMLines.Page.al	65	0b5abccabe29d0fe441bda3579a44f115ef25a5143bb7bf10d9dc1017b3f0c1e
Source/Base Application/Inventory/Availability/ItemAvailbyVariantLines.Page.al	63	b2e335b4f7b06c3a04070755abc1aa99b75d1a595efb3f8dd155d0811911db4b
Source/Base Application/Inventory/Availability/ItemCheckAvail.Codeunit.al	487	7713af86d640886c07c003cb7a44e07e6d7ab953c5f904afb54e873a03829855
Source/Base Application/Inventory/Availability/OrderPromisingLine.Table.al	25	3a595be0e67e1c134c91f2b6a0926383fbe4f75b9f3819714c6e38515d9c771d
Source/Base Application/Inventory/Availability/OrderPromisingLines.Page.al	40	97e4273d762fe0f099b792ce6c4e7dbce14c72d685345d5375c515cf1de3cc73
Source/Base Application/Inventory/Availability/OrderPromisingSetup.Page.al	6	903899801810d7295f114170ee94d011f52e8c84497d8a700613f25a77e6e8da
Source/Base Application/Inventory/BOM/BOMBOMComponent.Codeunit.al	17	a829ed992adebdd2e8a1d544df0b438f51caec93dab699233d567c7b1e19d935
Source/Base Application/Inventory/BOM/BOMBuffer.Table.al	413	9f43345142310574de7ec922cd9b29d24754395b12f48ac20c02c4e54c7febc4
Source/Base Application/Inventory/BOM/BOMComponent.Table.al	144	dc236721ac0431c49a94f462da095020ba88d34e7e50ed019b922e80e38c35e8
Source/Base Application/Inventory/BOM/BOMCostShares.Page.al	79	d03f072bf6bd715f17d07196307eee52e374b0217cabbf5070239c2b63f16096
Source/Base Application/Inventory/BOM/BOMExplodeBOM.Codeunit.al	40	f099238dd72c9efe3a2a243312083386f57fda51da568160c3e443b5b9ca18db
Source/Base Application/Inventory/BOM/BOMStructure.Page.al	90	d44d0d09e3a538f2fb73ebbcd50be174337b61e5d6d6138de02e4185a90198a3
Source/Base Application/Inventory/BOM/BOMWarningLog.Page.al	2	e803181bce7cb438d3e3f6a8d95c935a7c9af7003914ca5ae5b03a8d0516b37c
Source/Base Application/Inventory/BOM/BOMWarningLog.Table.al	16	e547eb85e648c09f8575aae7142df465fd3142164564c932cf79b2d9b0dc323a
Source/Base Application/Inventory/BOM/CheckBOMComponent.Codeunit.al	20	014af1309cfcd1ff0bb171c22e9870b071f15dc6a5133d0a7e15562289e14b9e
Source/Base Application/Inventory/BOM/CompareCostSharesBuffer.Table.al	28	8ffc18f0aa9aa31e0327fbcdeaed62553cae1001e9e993ba4233cde3eede2ace
Source/Base Application/Inventory/BOM/Tree/BOMNode.Codeunit.al	49	5680ba9610a4c2240c24b40753eb7747efadc51f2d978fd8751be1ca5ff25438
Source/Base Application/Inventory/BOM/Tree/BOMTree.Codeunit.al	10	43adbf5808d49358dea0c0423bfb7e86dc70ea2219904739237ab87d0c432982
Source/Base Application/Inventory/BOM/Tree/BOMTreeImpl.Codeunit.al	26	df04d6c09d3021a1efba1309cf7e79c693e54cfec02e5df3f4c355c5aad41fa6
Source/Base Application/Inventory/BOM/Tree/BOMTreeNode.Codeunit.al	41	ffaf30c4518e5a5869a255eff0f9ce85b18a4ba9f284a304e32bd8a2f0afc596
Source/Base Application/Inventory/BOM/Tree/BOMTreeNodeDictionary.Codeunit.al	18	e7220c43530f6ff5243e0a86f17eeef2635b7617e2da0117d084c2f23265eac6
Source/Base Application/Inventory/BOM/Tree/BOMTreeNodeDictionaryImpl.Codeunit.al	99	f0596f6120b6af7c81ed322d0ed4a507dde576c506b13ff758f7eee042385e7c
Source/Base Application/Inventory/BOM/Tree/BOMTreeNodesBucket.Codeunit.al	25	d4ddefc5ebdfbe63b5c07075b0f8efa626809b2d6794bb743fe98ecbb11640dc
Source/Base Application/Inventory/BOM/Tree/CalculateBOMTree.Codeunit.al	595	341aeb22396107500d47f9f82508789e3395b5004a559315ac61f7732a0140e0
Source/Base Application/Inventory/BOM/Tree/LowLevelCodeParameter.Codeunit.al	24	3a819545b7e98fc97ce3eb6e9b45c4b2cd1d83474f1978090a0b6645de52ffca
Source/Base Application/Inventory/Capacity/CapacityLedgerEntries.Page.al	13	606a7d4c3f185ff1303d96854bbf3a59eee8961deef951ec043709d1bb97984d
Source/Base Application/Inventory/Capacity/CapacityLedgerEntry.Table.al	16	475a962850d867a7fafae1ef6223d9f37ce24da1a761363a117b636cae2c5a32
Source/Base Application/Inventory/Capacity/ItemRegShowCapLedger.Codeunit.al	5	671ea4b3e4bdd69c400d917f6d76ed78ae29665eb1353c847693c850bc7aa121
Source/Base Application/Inventory/Comment/InventoryCommentLine.Table.al	17	c8998386b77ec1230e2f1d0816e7d28097c5ef17bb3e44ab109a8f19e742c586
Source/Base Application/Inventory/Comment/InventoryCommentSheet.Page.al	2	dd613d438a709106bdfce8da81027c1c1a5fb8c5e42e64a618135189b5032c95
Source/Base Application/Inventory/Costing/ActionMessage/CostAdjmtActionMessage.Table.al	35	3d95fac71783aa3bd41aa590be2e3ff50e82fc24e3b6a517b08fa62646cf43d3
Source/Base Application/Inventory/Costing/ActionMessage/CostAdjmtActionMessages.Page.al	14	6b56466dc98e4f041795b83cb8afcc895180d38f107bf3488605c4f174fa89cc
Source/Base Application/Inventory/Costing/ActionMessage/CostAdjmtSignals.Codeunit.al	322	d94d7807e36b8080dd066d5b91ced736075265b47e504df1dc8f794b1a6976d9
Source/Base Application/Inventory/Costing/AdjustCostItemBuckets.Report.al	25	45dbf51e47d6793d7cc7262619e2f73a5ab2e8e47029dd05761f65e546516677
Source/Base Application/Inventory/Costing/AdjustCostItemEntries.Report.al	107	776dc2d1d0c651674169a94f30b3abb6be7f3290be878d28a59b7f0ce959c07c
Source/Base Application/Inventory/Costing/AverageCostCalcOverview.Page.al	134	d667008bfeebe94130718fb539054a88065291a62455e7e8924f6895a6706126
Source/Base Application/Inventory/Costing/AverageCostCalcOverview.Table.al	36	422b56d878c07ad534c13b9ea42371974699e59ce002848e891bb24c3adaa24f
Source/Base Application/Inventory/Costing/AvgCostAdjmtEntryPoint.Table.al	160	ff045a8e13fd965f530c9ac6ca62e33670fd46182bb69f0aba92e02cea52d148
Source/Base Application/Inventory/Costing/AvgCostAdjmtEntryPoints.Page.al	2	4cd949ae4a58fb4e9885992f1c26d64aa4ce2ad6248646ab7802f4e2206385cd
Source/Base Application/Inventory/Costing/AvgCostEntryPointHandler.Codeunit.al	26	d98838efdd43ff753051f16924a7273e08284cb235d0e4cb5a0c3fdfe5f28b19
Source/Base Application/Inventory/Costing/AvgCostEntryPointMgt.Codeunit.al	39	27d76bde116c8114c7642db9abb610623cf46e0a427fd6c7efe25b335b2edcc5
Source/Base Application/Inventory/Costing/CalcInventoryAdjmtOrder.Codeunit.al	262	18522dad6b8860bb03ae0ba45fcef6a8f60dfdbf7fb3d10142791c68a551197b
Source/Base Application/Inventory/Costing/ChangeAverageCostSetting.Codeunit.al	118	429dbf1fea3e64352064d5f8fb0777609450800662e32a0bca3e2ab51698ea7d
Source/Base Application/Inventory/Costing/ChangeExpCostPosttoGL.Codeunit.al	75	c88b3855a5fa4ca548ce657d1a0ec972b91981e29ddae692a0e1398248c3649d
Source/Base Application/Inventory/Costing/CostAdjItemBucket.Table.al	52	2651b32954ee42531e61a381de12938b3e78da00ed8edaaa98ca5b41035e4c29
Source/Base Application/Inventory/Costing/CostAdjSchedulingManager.Codeunit.al	29	d612fe7140e4c8beb3aa7580f6c77e6475274efec30fa5ca66b8163c1811cd32
Source/Base Application/Inventory/Costing/CostAdjSchedulingNotifier.Codeunit.al	20	014ba14c6cda31db15a7f97cec388d9734e905dc533ad49eeb8d6ee355757886
Source/Base Application/Inventory/Costing/CostAdjSchedulingWizard.Page.al	65	8ca0d8fda2aa97683adac41b1884ebcdc9404a4b9f25513a4c2ee4a06e85db85
Source/Base Application/Inventory/Costing/CostAdjSchNotifHandler.Codeunit.al	20	4c0e5a162d190e2729b18787e848c5535a1232d536d81f1eb2f9cb1347a4acc1
Source/Base Application/Inventory/Costing/CostAdjSessionScheduler.Codeunit.al	107	c27771b3dac3b6d1bd8ef30467f058bc709398cb96e26928f952bed2d97dfd74
Source/Base Application/Inventory/Costing/CostAdjStatisticsFactbox.Page.al	90	b5fd002a6e398b583c26c09d988a2964a6ce0e6091302d4e01651d27334c50a0
Source/Base Application/Inventory/Costing/CostAdjustmentBucketRunner.Codeunit.al	42	dc6b4122ba8539bfd78aec301c8cbb306da83bc29bfb8a804391543f7397408a
Source/Base Application/Inventory/Costing/CostAdjustmentDetailedLogs.Page.al	37	4ddbe78e964b916ea0a0ffab7f360ad7d2238a84dd2340d55a1906add3f15b75
Source/Base Application/Inventory/Costing/CostAdjustmentItemRunner.Codeunit.al	15	28f9f059d6f65ce05001f9fbf5b4d53d653fd475354c275ae701bc08ca99f0ab
Source/Base Application/Inventory/Costing/CostAdjustmentLogs.Page.al	29	bad255b502151efcd67b30f192b5c292b9a34bf8ab298cd06a6ab177c64e924c
Source/Base Application/Inventory/Costing/CostAdjustmentOverview.Page.al	199	33a0acf31cac8e4df42f10b1dded448e2a0290fc895a0746861ab5224053cb2c
Source/Base Application/Inventory/Costing/CostAdjustmentParamsMgt.Codeunit.al	20	d0589ca78d45a95c65eb13776acb6c667d76e204be1b8344d45b0abbb6b338af
Source/Base Application/Inventory/Costing/CostAdjustmentRunner.Codeunit.al	17	1e3c65d2aab464ea1eed32997ff1a878522a860cd5db26b040e1082ee0d2f0d6
Source/Base Application/Inventory/Costing/CostAdjustmentRunners.Page.al	39	00781b0e4ee970164f901b09aa8d0b619c9ce3dc2af861cc3b8e9c4770703dd8
Source/Base Application/Inventory/Costing/CostAdjustmentSubscribers.Codeunit.al	297	fc3fd043376d05ce9238e262987942dcb2e085a58369b835eb997a355ab3eb3d
Source/Base Application/Inventory/Costing/CostAdjustmentTraceLog.Table.al	9	174a9c66e88e4bc96478706778261442229660976b09ed3c09f4019c4603a9b9
Source/Base Application/Inventory/Costing/CostAdjustmentTraceLogs.Page.al	5	f9a6e395e8395e690e5b0e2e84e3624ae7f8ec4e7003e9da9ff45ba6cd58971c
Source/Base Application/Inventory/Costing/CostCalculationManagement.Codeunit.al	411	df3b90b70f34a207299617cd32a3dadc69fddb4d16e2c7733ec2db7d4a5138aa
Source/Base Application/Inventory/Costing/CostElementBuffer.Table.al	102	a41e91d0c40e1822e8eee08e1c5d2394087b7603356ee0487434c4358e6c7149
Source/Base Application/Inventory/Costing/CostingErrorsDetection.Report.al	478	a00c3f50f7528a1ebb4fc35ebad805b115cf93b2d4898c6836f6ab314fdc0ece
Source/Base Application/Inventory/Costing/DeleteItemData.Report.al	33	850e89bf8011f5326e8463487bb64b4bc2cb7fb783426fb3b44366b324a991a4
Source/Base Application/Inventory/Costing/GetAverageCostCalcOverview.Codeunit.al	142	d2efde62ec3d979ccf6705343f2486defabcb11857ec79f09391587dc87add98
Source/Base Application/Inventory/Costing/InventoryAdjmtEntryOrder.Table.al	261	fe313815d748b5952a7e9f411f7fd9f90d5fb199e955b161ee341895e3ba5263
Source/Base Application/Inventory/Costing/InventoryAdjmtEntryOrders.Page.al	3	2eff045376c7d15da102ca48568c5b342e4825d4052087f25274622a51474604
Source/Base Application/Inventory/Costing/InventoryAdjustment.Codeunit.al	2255	98a0ddf683348b0f4388ac23da71d44296b3094d9760efc5fdfa0325f534a91b
Source/Base Application/Inventory/Costing/InventoryAdjustmentBuffer.Table.al	145	7e0dc8ab8ef4300359d93f50c3976dd0842019312eee74ed7792911875385a0c
Source/Base Application/Inventory/Costing/InventoryAdjustmentHandler.Codeunit.al	63	09a66e35d355b5cd84fe5f347b54b09f4eb4e993482ce3667bf8a21439429df3
Source/Base Application/Inventory/Costing/InventoryPostingToGL.Codeunit.al	881	6947a3f596e1ad707dc3062dbbb0e542812f0f92b0f9ea865a51fa5855c60b64
Source/Base Application/Inventory/Costing/InvtPostingBuffer.Table.al	10	bb74deed6839dbe54fed01dc97ff1a901435f65e685e6b9cddfa1a1fb4ff8d73
Source/Base Application/Inventory/Costing/ItemApplicationTrace.Table.al	35	b23f7d99209e964fbb87495f0c73286981834586c786fe22e2cf41b573372dcf
Source/Base Application/Inventory/Costing/ItemCostManagement.Codeunit.al	542	e6e02a7981c5517d0d5b7ceb4da1e3c0e6dfadf4b839fa44aaeb2826f459f4ae
Source/Base Application/Inventory/Costing/ItemLedgerEntryEdit.Codeunit.al	28	5bbdf1e864134aa47afa1accde609f2189a2006878fafc599a707af4735cf619
Source/Base Application/Inventory/Costing/PostInventoryCostToGL.Codeunit.al	6	1ccb6312f3b883969ca209bd67087973ca1a84921f0e13bc2aaeafa937f1c180
Source/Base Application/Inventory/Costing/PostInventoryCosttoGL.Report.al	253	750590eff4797858b99d2985b47888ac824f9f577b7ce9eb77de214c09b0b548
Source/Base Application/Inventory/Costing/PostInvtCosttoGLTest.Report.al	268	562eb65754055e6d25ef6d12d6f8edb8bdc085a1667664d31d5bceb6df39bce7
Source/Base Application/Inventory/Costing/ResetCostIsAdjusted.Report.al	98	c45cc301ff38ce838e0398d24b482eec7939a13c799929fe9f1b35c1d3dd7f57
Source/Base Application/Inventory/Costing/RoundingResidualBuffer.Table.al	65	901777789d0532880051347419d0a4c8247d6c37ea0505b62903d643a5909af5
Source/Base Application/Inventory/Costing/ShowAvgCalcItem.Codeunit.al	15	4aee5fc80543a02d3f72f30fb725bd20d04e536edbb17d4ef776adaf1afc2f24
Source/Base Application/Inventory/Costing/StandardCostWorksheet.Page.al	52	dac14362b718c44731f21db77a45f114833a9bcb824f4c5c30856d27cb4d3d0e
Source/Base Application/Inventory/Costing/StandardCostWorksheet.Table.al	132	21568e706f6a92506c21fcc2872cf38926e86cbe72df1968afe2dee65968a886
Source/Base Application/Inventory/Costing/StandardCostWorksheetName.Table.al	4	7f8a9ff5620a054ce05f2a9d925c524174bb981617b2d00d81367e8b7be84778
Source/Base Application/Inventory/Costing/StandardCostWorksheetNames.Page.al	11	afb9606ce7bb87db11f603091262cfbcf1373f7de46c6242bd79270e1bbd7d41
Source/Base Application/Inventory/Counting/Comment/PhysInventoryCommentSheet.Page.al	2	9f0e090b29bdcb2863f5c5d0b2e4bdfab396df217da6ccc3069f1995a8a91d52
Source/Base Application/Inventory/Counting/Comment/PhysInvtCommentLine.Table.al	11	459c9bbd8908f4eeba8019ebd199a2bb9f6901434e6c9445f4a33155479575e3
Source/Base Application/Inventory/Counting/Document/CalcPhysInvtOrderBins.Report.al	109	19f95b2695030080bbb7bb18a95b1b48764f2c57b98af9301900b10850be0022
Source/Base Application/Inventory/Counting/Document/CalcPhysInvtOrderCount.Report.al	19	fbba4b62d2ab6e4dd83a963aa7fe0b3e2fec9e47c54091d06b20014747ac693a
Source/Base Application/Inventory/Counting/Document/CalcPhysInvtOrderLines.Report.al	245	c5fcd5ed70da5e98b35d6964bef7b65382a2b58d33e408a8b65933b38649aff2
Source/Base Application/Inventory/Counting/Document/CopyPhysInvtOrder.Report.al	133	8aa2ee6996f060e55ee3a332befacb5f01703f7815834cd40335373a7078b87e
Source/Base Application/Inventory/Counting/Document/PhysicalInventoryOrder.Page.al	54	44b6c7981eab8d4806c47fbb668094421d7ed830fdbe0bc46bdf912a92f62bc0
Source/Base Application/Inventory/Counting/Document/PhysicalInventoryOrders.Page.al	6	e732d121b2fda7ab9b0d82809e9833868e8102916df47558800322fabed6b6cc
Source/Base Application/Inventory/Counting/Document/PhysicalInventoryOrderSubf.Page.al	88	93c55e64febe35f4445e3b09ead7f70704ca69e9d19b4ca7853466d75fc78efb
Source/Base Application/Inventory/Counting/Document/PhysInvtCalcQtyAll.Codeunit.al	22	0e74e14be3c8ecf9e2d3d50367042afd90af5147e6c398352d455887cfb8900d
Source/Base Application/Inventory/Counting/Document/PhysInvtCalcQtyOne.Codeunit.al	11	298f58acdb4241c772e44f4ea5d4efb2e0f95359e74266afe34dab628ad0dc84
Source/Base Application/Inventory/Counting/Document/PhysInvtCountBuffer.Table.al	11	b4ea4eb770dc96c882c43a1374a5942ce15560f8498f5d7422df7d9c77057d33
Source/Base Application/Inventory/Counting/Document/PhysInvtOrderFinish.Codeunit.al	340	d11268ccf87330e063b072a94be8d94884953852640a854c747e6f7734d55923
Source/Base Application/Inventory/Counting/Document/PhysInvtOrderFinishYN.Codeunit.al	10	f64cf90f1d8426f42fce70c560bc5e7d4b63b6a8760868d9c8da2718901e4354
Source/Base Application/Inventory/Counting/Document/PhysInvtOrderHeader.Table.al	263	39e6fae0852ef439f8697d5cdde617bbb284b9faf1efe43b383a03516ae38888
Source/Base Application/Inventory/Counting/Document/PhysInvtOrderLine.Table.al	524	904aa612575f829fff6b126a22e221e55dae3b2125ad74f868da61f9b4b7f780
Source/Base Application/Inventory/Counting/Document/PhysInvtOrderPost.Codeunit.al	441	e9610bc4a0b9adbd54bed8255bc9958d55aca8c3a8951dad89b772bc7f899b7c
Source/Base Application/Inventory/Counting/Document/PhysInvtOrderPostPrint.Codeunit.al	18	ac209dcbc95ef37015d697f94d159677f28a90dca71897e8bdaf0cde68952f62
Source/Base Application/Inventory/Counting/Document/PhysInvtOrderPostYN.Codeunit.al	28	65b9f82617489a8479ade22217b708804df4e1c027625b9169a41bfcb6eaad81
Source/Base Application/Inventory/Counting/Document/PhysInvtOrderReopen.Codeunit.al	42	e0f4fe4a336c5a50184e61b4c56cdff549fa5354cd2b19ab11cc9133b37ae47c
Source/Base Application/Inventory/Counting/Document/PhysInvtOrderReopenYN.Codeunit.al	6	60865a625e1a5b786d5d907c805f8d4b80c30d311bda7a2794b3588301db0ef6
Source/Base Application/Inventory/Counting/Document/PhysInvtOrderStatistics.Page.al	58	76906d5f6dbdd98d202e3e86c739abc4dd35e2e7b1d430fcd32015bbc0cbc809
Source/Base Application/Inventory/Counting/Document/PhysInvtShowDuplicates.Codeunit.al	39	debeeb2f6f09af44ed5077141f0e0f8a0ff106cf4fd66aa7759f83bd3d88bced
Source/Base Application/Inventory/Counting/History/PostedPhysInvtOrder.Page.al	7	8d31a51e59f40f45dec9603cf9216ca34d1c354b421f3b062d1e873105b3199f
Source/Base Application/Inventory/Counting/History/PostedPhysInvtOrderList.Page.al	5	0a5480082b5e42116d26fe28f0d195fa9c1da81332067c2a340f4648f6a15df9
Source/Base Application/Inventory/Counting/History/PostedPhysInvtOrderStat.Page.al	60	92b3f83f5c348106d6844d237a77c3c9971a583e878297c488ac706fb7dad81e
Source/Base Application/Inventory/Counting/History/PostedPhysInvtOrderSubf.Page.al	30	4bb55c2fe1bcd7b6e30c1cdda24edb9c642327006e3d5401325879ccd7058315
Source/Base Application/Inventory/Counting/History/PostedPhysInvtRecList.Page.al	3	1a1e1e33d0c12abf9078f0c7cd0f7d3cfc990387a29c946d19307b2bcdc36327
Source/Base Application/Inventory/Counting/History/PostedPhysInvtRecording.Page.al	3	f9c6fc4d3116d1b458525772067ee99511ec24b2d855ac7852ad8271c221501b
Source/Base Application/Inventory/Counting/History/PstdPhysInvtOrderHdr.Table.al	23	c5c6eccf7f95be13ed2aca8f9b2e4b501d84892f070de9c43c7af35cac00ad90
Source/Base Application/Inventory/Counting/History/PstdPhysInvtOrderLine.Table.al	46	7c43c2466cee78f569cf27091cd15ed1b0882e7ca85833ac835025531882d516
Source/Base Application/Inventory/Counting/History/PstdPhysInvtRecordHdr.Table.al	12	4cd0b7cc98cef8128fe31b18d8f9272a325a5c185a03c6816bbc994b1eea9a32
Source/Base Application/Inventory/Counting/History/PstdPhysInvtRecordLine.Table.al	13	3ff9080dee2cf70edd2f121026e9fa27693a51adc0731abdcf70c885e3e28d9b
Source/Base Application/Inventory/Counting/Journal/CalculateInventory.Report.al	691	8d93646f049c0f2ee6483589f9ecefc953af1c094267ae313140c584625efef7
Source/Base Application/Inventory/Counting/Journal/CalculatePhysInvtCounting.Report.al	62	60f32d7a0db3f517c2ccbdf577c7f590da63312db6654a64589d76fe3afdc37e
Source/Base Application/Inventory/Counting/Journal/DeletePhysInventoryLedger.Report.al	41	5857a22438408ccf307c9496a1389cf0b22d09f0473e8af4f4cb55a2bd7f6a6e
Source/Base Application/Inventory/Counting/Journal/PhysInventoryJournal.Page.al	218	c21aeb5c61d94237a2ab88ca81472381417724d9e25be3e09aed9fef4c212f92
Source/Base Application/Inventory/Counting/Journal/PhysInventoryLedgerEntries.Page.al	14	6191056fe6930dd40945ee71a574415798afadbe0d6380d092bcd297da0eb209
Source/Base Application/Inventory/Counting/Journal/PhysInventoryLedgerEntry.Table.al	10	396890ff057bbe955a6492a5fd5b14465aca1f6ad37f71d807f3a60556373555
Source/Base Application/Inventory/Counting/Journal/PhysInvtCountManagement.Codeunit.al	436	9c5999255f553a0c711c0642e653ed2b735f66bdd7fb434062322c6fdc36c159
Source/Base Application/Inventory/Counting/Journal/PhysInvtItemSelection.Page.al	7	4d48266a7fb9c0e5f4263890241d712e44b815ad31d8ee9319a8c09390de1d45
Source/Base Application/Inventory/Counting/Recording/CopyPhysInvtRecording.Report.al	31	93384ec38c5475fd36065e3e7f7147bec11a4557f6532a913671bd669ed2108d
Source/Base Application/Inventory/Counting/Recording/MakePhysInvtRecording.Report.al	87	9b1be39ccf7c8e31d9deafc4b4640c08148379c85f0a6a5576f42691ba6c885a
Source/Base Application/Inventory/Counting/Recording/PhysInventoryRecording.Page.al	15	7e24c48d2804a450f95db3234c01a57b6537221657f5d5740643bb3076080d00
Source/Base Application/Inventory/Counting/Recording/PhysInventoryRecordingList.Page.al	3	1905b77c4388072710b0d0538f6979f6005afff79ae7ec5046d4e4d0b86a84d0
Source/Base Application/Inventory/Counting/Recording/PhysInvtRecFinish.Codeunit.al	133	21c31dab4d24ea35b68994bfa9dae1e3d02aa7480a2a4f02b0a5cbdeb5a4e194
Source/Base Application/Inventory/Counting/Recording/PhysInvtRecFinishYN.Codeunit.al	10	83097f9e5d7043edadd6be81211f5b9facacaa3194bd0b40f4bdf381f49569cc
Source/Base Application/Inventory/Counting/Recording/PhysInvtRecordHeader.Table.al	51	61014e64ee18f997f368313f4b573ead435bd8bd8a262d84f03a44d4a5f5912a
Source/Base Application/Inventory/Counting/Recording/PhysInvtRecordingSubform.Page.al	28	2867565656cad09dee98c8e0182d7bdb97fb53dcbb4aa417beb45ea7d97169a7
Source/Base Application/Inventory/Counting/Recording/PhysInvtRecordLine.Table.al	272	abb7e0f243b62319d0d9f805822200699a97d66201ea8405e668466e5fc72d5e
Source/Base Application/Inventory/Counting/Recording/PhysInvtRecReopen.Codeunit.al	45	bcd10881d4784d410b7981b4284906b9f7a7d50b6a325e2ac6c22779c31b6fb0
Source/Base Application/Inventory/Counting/Recording/PhysInvtRecReopenYN.Codeunit.al	6	b131618e30a146c76f6c543aab720908f6ae6f1ebc3156de05c5ce3a786af3c4
Source/Base Application/Inventory/Counting/Reports/PhysInvtOrderDiffList.Report.al	149	a2eccb3a44e3fe83b63b06230b2a42a5e318c1e177f1a7df29c34ade82779c0c
Source/Base Application/Inventory/Counting/Reports/PhysInvtOrderTest.Report.al	131	f07e10348e97e13b0b532522bb97118fa4bd70f9e73bead3ca54f46477e676e6
Source/Base Application/Inventory/Counting/Reports/PostedPhysInvtOrderDiff.Report.al	211	cd5437f02238db515d318717cef0683713004de7a716ff85d6ec2f2f2a27cb46
Source/Base Application/Inventory/Counting/Tracking/ExpInvtOrderTracking.Table.al	20	0b17d81b17eb63eefbfa410960948edb1c7cb669683ac53a5232749ad819f288
Source/Base Application/Inventory/Counting/Tracking/InvtOrderTrackingLines.Page.al	22	5a8f150dcb5fb22e7ed7356666e1581012baa317cfae3cad71704bced85ea45f
Source/Base Application/Inventory/Counting/Tracking/PhysInvtItemTrackList.Page.al	2	6ffca62479f319aa402d3196525d97dc576197bc021cf0096b130b363d19ef24
Source/Base Application/Inventory/Counting/Tracking/PhysInvtTrackingMgt.Codeunit.al	70	65edf55883e9a31892188c1c7dba2c93c14739abdaeef781631be6bfa00c093f
Source/Base Application/Inventory/DistIntegration.Codeunit.al	140	983ec4cef87e54d5db8a2ad8bf7faba71aeaf96f2692698dc5c2198680a98533
Source/Base Application/Inventory/Document/AvailableInvtDocLines.Page.al	92	6bc7f70a998ce534264f2ba7d0de3e02f291297f4882724a00b97409ed6c549b
Source/Base Application/Inventory/Document/CalcInvtDocWhseAdjmt.Report.al	196	801e7ac968749a5b62f4f7a87ae66b71197d5705ff8622c6df09429b66e618ce
Source/Base Application/Inventory/Document/CopyInvtDocument.Report.al	139	bb8965035e930bc2c5c963f327d616c8dbd88f527486fa32a71e3e6a45c2c95b
Source/Base Application/Inventory/Document/CopyInvtDocumentMgt.Codeunit.al	449	4d3d54758db5399b9820d1b6f56b1d99cc4028e130cbf31d87775ce6a8882dd0
Source/Base Application/Inventory/Document/InvtDocLineReserve.Codeunit.al	487	77c4352531ecf1ac0f2ff1b2c4d20ff239a46aff83dc44ca18b30719304db83d
Source/Base Application/Inventory/Document/InvtDocPostPrint.Codeunit.al	23	ce4294563ce3f7b3daf661d18962fe0027b42db9ab2332eb73f2f5672ab38e11
Source/Base Application/Inventory/Document/InvtDocPostReceipt.Codeunit.al	331	f531dddd64cb0dc795d72ba4d3081acf874721a971fc76d6950b6fdda7f9c051
Source/Base Application/Inventory/Document/InvtDocPostShipment.Codeunit.al	329	4c5b0456d1aa47539120f615b4d5bdf5f69a94aaeae2b10d981ec705cc1ac367
Source/Base Application/Inventory/Document/InvtDocPostYesNo.Codeunit.al	27	f2d4304b2c336a3bd9036bd9ef38f7a187ad72eebaff7842b9e1b2b3af578fcb
Source/Base Application/Inventory/Document/InvtDocumentHeader.Table.al	224	37828e8e6323ac7c77f39e2bbac266651c20bbb275985482e53c6d9be1fecf59
Source/Base Application/Inventory/Document/InvtDocumentLine.Table.al	594	3d7efbe287da03b86a9b5eba4ad5de4706cad31a1c21c0916c9e58f3f406973d
Source/Base Application/Inventory/Document/InvtDocumentLines.Page.al	12	4eb3d5ab74665c9bb33bca1708b04e39fcd3f3501cbd884623dde0657a547944
Source/Base Application/Inventory/Document/InvtDocumentList.Page.al	3	9e928f1ff382a0599f8a5c7657cb20415474facc5fbc3077bedd085e6d56b7ea
Source/Base Application/Inventory/Document/InvtDocumentStatistics.Page.al	12	7e226fd23499c08efc0967714da5659c1e64823630436eeff6acbd1b69d3108b
Source/Base Application/Inventory/Document/InvtReceipt.Page.al	42	792c3593fd3f31313d251168d7604604834261282a134ed4a5162feab6be4aee
Source/Base Application/Inventory/Document/InvtReceiptSubform.Page.al	87	ac89d5b38c34d046b7fb3fdbb36425608909def2f938c54c082e85996af91ccb
Source/Base Application/Inventory/Document/InvtShipment.Page.al	48	20945add18f12419b0a622bf8ad41da9e31803ac7747499bed98a66ee8e78e64
Source/Base Application/Inventory/Document/InvtShipmentSubform.Page.al	92	be6d6a869282fa8cb580fe21fb4c7cd64bb2377006667467ef2fdc32ea3d3674
Source/Base Application/Inventory/Document/ReleaseInvtDocument.Codeunit.al	33	683aa46e82b7295f1c85db24899ad538b258ebb96a5b0202def0c29473f13dc0
Source/Base Application/Inventory/Forecast/CopyProductionForecast.Report.al	63	2a52869b9a39beff8a46015da56ac9d7f005aa0d773e396ffecc5b5f36e0ef0b
Source/Base Application/Inventory/Forecast/DemandForecastCard.Page.al	132	b3a3e34afa92f584939c6d2ef33f166a1d5a09a6af5ad2af762f491012e22020
Source/Base Application/Inventory/Forecast/DemandForecastEntries.Page.al	14	16e19fd90bf73fd675a4da25a362fe4390c5cf2eb1cab223cf8639146a0c2915
Source/Base Application/Inventory/Forecast/DemandForecastNames.Page.al	7	2126e408b7303423bf69eae9d3023fa15d213c835b29ff2e7c492aeb53791857
Source/Base Application/Inventory/Forecast/DemandForecastVariantMatrix.Page.al	545	f7098e44568fa1f322dd215b8c6a4777a254c2c79320a93064effafa9b70f689
Source/Base Application/Inventory/Forecast/ProductionForecastEntry.Table.al	40	bfee4c68a378bb2d80dc76b3e88a8fc80455a4efea189293d1742867055752ba
Source/Base Application/Inventory/Forecast/ProductionForecastName.Table.al	61	4ec469dd63c2d29a940e25ddcf2a8a51061124b3978684c46c2eebe56c374705
Source/Base Application/Inventory/History/InvtReceiptHeader.Table.al	17	d75f883b23b18cccd44f5150201270658f7048c6f3f148b1dac109376576f982
Source/Base Application/Inventory/History/InvtReceiptLine.Table.al	15	77d31a7623c9e57bb412e8bf2f0621237bd1ad9af5e52ada438fa8e79ab3dec9
Source/Base Application/Inventory/History/InvtShipmentHeader.Table.al	17	6d9ab56dc3a8d21fb6ed69ea482aa65f6bde24bf4f5984d7b4162e3203e72fac
Source/Base Application/Inventory/History/InvtShipmentLine.Table.al	15	ac76ef58d71ced9c3275a0ef3f97d036fafafe45206661311d0de93219bd69b6
Source/Base Application/Inventory/History/PostedInvtReceipt.Page.al	24	db2bdb649532d5dbbce79064114f92ba708ea40b1e78375eeb689c1ca65216bd
Source/Base Application/Inventory/History/PostedInvtReceipts.Page.al	7	d5d5b2b210bd776599b8ef029f9f4cd9f819abf6759adecccac4e864c5d85484
Source/Base Application/Inventory/History/PostedInvtReceiptSubform.Page.al	27	c6c0a61640a40e0a99760d1d4c1a4aa754fe4324880dc6dde78f12c21935aa9a
Source/Base Application/Inventory/History/PostedInvtShipment.Page.al	24	cc1969e6559bd7c8f0a45d998ac1e784abe235fc81e10fe101d084ff7b4077f8
Source/Base Application/Inventory/History/PostedInvtShipments.Page.al	7	bba56c9867ea40bb5fbd981c03b3c8b8fc59b9564600eeb88911821594e91a5c
Source/Base Application/Inventory/History/PostedInvtShipmentSubform.Page.al	27	8958620267523fd746c6a0950f3eb1222eb9ff4223b73f33b3d629088b61f172
Source/Base Application/Inventory/InvtLedgerInvtSource.Codeunit.al	31	a8168ab460b5d94eb9d99e883cc1ed9c3382efadfea4912f526b8a77692c830c
Source/Base Application/Inventory/Item/AdjustInventory.Page.al	53	91a55f8e598486158b68e7629ccf0d8ae8e284df784a7ae5ef5bda94bba3ee34
Source/Base Application/Inventory/Item/AdjustItemCostsPrices.Report.al	136	cd07b430dbdea1c0dbf7f6ab862b309b7abf5e302540885ba4c7a905ddd5cb4b
Source/Base Application/Inventory/Item/AdjustItemInventory.Codeunit.al	102	cf5a1fab7017d11d8a7918b1fbfd29d84fa53602b906e9b425697cfbb2b10f7c
Source/Base Application/Inventory/Item/Attribute/FilterItemAttributesBuffer.Table.al	76	2a9afdc80f81956b1ba016c4cba5db93d9163d4ff54e4860f1835835b239f093
Source/Base Application/Inventory/Item/Attribute/FilterItemsAssistEdit.Page.al	56	ab8d379d26b1a325e7eea04606e2dc94978e2b79899d167173aebd08254be389
Source/Base Application/Inventory/Item/Attribute/FilterItemsbyAttPhone.Page.al	5	c1827688acdcf0b94eebe5e0789c0cde77103dd57b4544c60205abb2ba2eb263
Source/Base Application/Inventory/Item/Attribute/FilterItemsbyAttribute.Page.al	5	4642129f25fee16ca5cfa1bf8955e5b9fda7473cf085d119bc697cd4575f360c
Source/Base Application/Inventory/Item/Attribute/ItemAttribute.Page.al	17	2f025185d53dc85cc2bf7af2afa5fee0ad52175170506163cf9a2bc4e6a27cdf
Source/Base Application/Inventory/Item/Attribute/ItemAttribute.Table.al	129	653a27ef0f7ca084cfa12ec35595d3b2b7b1d80ccb68807e33244bac91619a60
Source/Base Application/Inventory/Item/Attribute/ItemAttributeManagement.Codeunit.al	372	a7538562a19e79c1d4d9ac085bf163025f92282853f6f605c5a3220c21a5d224
Source/Base Application/Inventory/Item/Attribute/ItemAttributes.Page.al	2	53af325e71f4eb5a9a4f4d972625051cd9354500118776b47709572e810ac31f
Source/Base Application/Inventory/Item/Attribute/ItemAttributesFactbox.Page.al	81	cb3f363688df6eed0e74e5dc343caff19f1bc2637b51cc489827b8715040de61
Source/Base Application/Inventory/Item/Attribute/ItemAttributeValue.Table.al	196	08c7da1e07191de22f514e31a0f5879c5f7ae7d4d35be7b14a5e897b4306ed1f
Source/Base Application/Inventory/Item/Attribute/ItemAttributeValueEditor.Page.al	2	9bb60830405060cd05665d9e23678de2fd7052b821c25d7532236c061e8f6652
Source/Base Application/Inventory/Item/Attribute/ItemAttributeValueList.Page.al	82	8844c09709811c104e1dfbfe9fb6df8f0c1e8840dfcb1f05e0be9c9cfa250c36
Source/Base Application/Inventory/Item/Attribute/ItemAttributeValueMapping.Table.al	34	e79cb2523a3dc6469f4ba285075f4410ea72534e3379e90b919e8fc554d53620
Source/Base Application/Inventory/Item/Attribute/ItemAttributeValues.Page.al	10	e8439d5e644cbdccaca2dcd5c05c3f31090afd8954834c584986dc07c07b5c74
Source/Base Application/Inventory/Item/Attribute/ItemAttributeValueSelection.Table.al	259	b62bff319ea935e1f415a55ef1c7b6949b0c778df689561fca4142ef53df187f
Source/Base Application/Inventory/Item/Attribute/ItemAttrValueTranslations.Page.al	7	4185317ac2adb6d9d025c573ff595f6a36942cbd351b73f8a39dd2e808c00087
Source/Base Application/Inventory/Item/Attribute/ItemCategoryAttributes.Page.al	165	e200e4ad4b6786ba83781740486318d6ab214af9e7d5cb620ff8f607eb78f600
Source/Base Application/Inventory/Item/Attribute/ItemVarAttrValueMapping.Table.al	26	efa841cc4c5dabe9a395af01a6a97e1c23bc7dbd62f5a6a70fb2512a74ca81cc
Source/Base Application/Inventory/Item/Attribute/ItemVariantAttributeEditor.Page.al	2	ffbc1a891b7e162b8f0d09eba0be5b62ea9568ac23e28f40e6a9cb764a226992
Source/Base Application/Inventory/Item/Attribute/ItemVariantAttrValueList.Page.al	92	478308ee7035b0bc98d4d918d2cdcc09dbb4e06e274a1e1a574b7a1e8abb65ff
Source/Base Application/Inventory/Item/Attribute/SelectItemAttributeValue.Page.al	5	4695495a284345e40284eafc7b739d1c7ad4b5f99c7745bdb612d62fbbc5b56e
Source/Base Application/Inventory/Item/Catalog/CatalogItemCard.Page.al	5	96085dee5c3633f5194157ed2a3e9e18310c5f80019fd16f5ceb32c985d1756d
Source/Base Application/Inventory/Item/Catalog/CatalogItemManagement.Codeunit.al	404	3f8a3f12936a45f2726d4335e9a00a1c51698b3188942dadf2e27c65f80c0fd1
Source/Base Application/Inventory/Item/Catalog/CatalogItemSetup.Page.al	14	89ea8072298af23ee074557a41045a5045267f012bd2073c334be848935d5f55
Source/Base Application/Inventory/Item/Catalog/ItemReference.Table.al	179	3d07b9c4b2efceb8a554cacef03cfd367c88ba36c9ad26a4fcb882107410e6d7
Source/Base Application/Inventory/Item/Catalog/ItemReferenceEntries.Page.al	5	6919c151348d679df5d09024c1357336d1ccd6b530cbc55e3a6e35fc95a40eca
Source/Base Application/Inventory/Item/Catalog/ItemReferenceList.Page.al	5	8f62e9a14b5e4de1c358224b82d888aa5a02ca178efc1ddbeaa5661c6c5b397c
Source/Base Application/Inventory/Item/Catalog/ItemReferenceManagement.Codeunit.al	871	931a10f2871224d39d1a2df18e7d094983b060981c4b98d50724a1eed49951c0
Source/Base Application/Inventory/Item/Catalog/ItemVendor.Table.al	85	04b2a9c3375900963d0bbdc08667feb594be12fa5a392c16445637e27e297b13
Source/Base Application/Inventory/Item/Catalog/ItemVendorCatalog.Page.al	6	8706df84bf38272cb049a3ee45b35d61667fa2a4987cf25e8ffad0ce5ef46514
Source/Base Application/Inventory/Item/Catalog/NonstockItem.Table.al	191	8b03f3b72103f494bd8f1ddc80dbf1d7df8976e18f7daf8495d0b4b15f9e62a9
Source/Base Application/Inventory/Item/Catalog/NonstockItemSetup.Table.al	9	66b51bb93fcb84dd1d218cf2f8a538ae7b77f24e696f1d276755ed11d8f72de1
Source/Base Application/Inventory/Item/Catalog/Purchasing.Table.al	6	d59439ef95839e1ab421d443926e8414e058d098acd10be42edfd2d8da5eaf48
Source/Base Application/Inventory/Item/Catalog/VendorItemCatalog.Page.al	6	c65c8e6a7e5cc9bab48f3bddeec97bf237b0f4b1a51a7a700a3ee92d795d74fc
Source/Base Application/Inventory/Item/CopyItem.Codeunit.al	303	654aa3d0d64af82628d3aaeb21b01b2293fc0e2f1d305234b414a3d319488f59
Source/Base Application/Inventory/Item/CopyItem.Page.al	80	ceec991a315adbdbcdd1052a54d59f97f356a3b23657d4e4a1f55844c7bc22b9
Source/Base Application/Inventory/Item/ImportItemPictures.Page.al	51	3eae1441652f4c37976c473c84f7f560ee318b2da5afc77fe8a2f8b44e2adb28
Source/Base Application/Inventory/Item/InventoryPostingGroup.Table.al	9	82da11735a98cbc3225c38d6c880c62cc985bbf84c1b8abe2a26cac5920e209b
Source/Base Application/Inventory/Item/InventoryPostingGroups.Page.al	2	a5ceb92e18db767ad90fd630fddbd4b21a7820a60a70e13ec6dc9c94472bb9fe
Source/Base Application/Inventory/Item/InventoryPostingSetup.Page.al	2	ae2e83652ae0e424f3bab48d1e4c1632d2373d848a8b8473cf6537af996096c4
Source/Base Application/Inventory/Item/InventoryPostingSetup.Table.al	106	a27c768c107fe2a14615e7c3d5faa5f7698510c4a501d80d1e840b489a868610
Source/Base Application/Inventory/Item/Item.Table.al	1382	f963e87f1dcd754e57b7ef2d60a41b1ace313c13a02b2addb8646be44f0c5ef9
Source/Base Application/Inventory/Item/ItemCard.Page.al	459	3caa3ed2478d15eb78aa1e0c0bf896df236a8124d25c9998b19a0f44191acf2d
Source/Base Application/Inventory/Item/ItemCategories.Page.al	22	140800d0c1a8632e5674123417e204ce9b1191ba4342b9a8497c591f57535107
Source/Base Application/Inventory/Item/ItemCategory.Table.al	68	e14877f97626ba4065b42a467c948c15ae1b1c88a85eef7590a774be26f99693
Source/Base Application/Inventory/Item/ItemCategoryCard.Page.al	45	07d469a9f469535448302ab8f4a97aeb3d040bfa6ea7ec549c7b7a663da52e7c
Source/Base Application/Inventory/Item/ItemCategoryManagement.Codeunit.al	178	2c143017b805191b022abe402093e1ba706703097095e87fe3a59fdea20c7244
Source/Base Application/Inventory/Item/ItemCharge.Table.al	39	500d5f2eab1ffe97c92bb3126e2036ee782de4bc6096069af410392ad9d88690
Source/Base Application/Inventory/Item/ItemDiscGroups.Page.al	11	155a9bcfb3de42eb16a9deffb9a675ddaa5ba612f6f15c0f5b19231f59b2b53b
Source/Base Application/Inventory/Item/ItemDiscountGroup.Table.al	8	7d2f6d07375c25f1c62761a25363cbebba8fac8628084f0a0a943517c1d8ffc3
Source/Base Application/Inventory/Item/ItemEntryRelation.Table.al	78	ef1283df40938ada1af3effb9442bd00fc9e32520062b6497584c86937765d1f
Source/Base Application/Inventory/Item/ItemEntryStatistics.Page.al	144	09333e745f359405598bfb8d03966f9e1a0e6a67f158a36bb820f17534e0f7d9
Source/Base Application/Inventory/Item/ItemGTINLabel.Report.al	17	aaa9acb9ccefe88ae7b89d97afe856692ac91719d88030d6eefec8cf579707c4
Source/Base Application/Inventory/Item/ItemInvoicingFactBox.Page.al	4	199eba7cf5fdfea3bf01cb9c2a7f669473ee34f94ebc991dbc306d62b5dbe727
Source/Base Application/Inventory/Item/ItemList.Page.al	274	ffa2d6cb2bd43d877f7ce3070311fd4a44f7529f780129d007ed6a61cc5d29e5
Source/Base Application/Inventory/Item/ItemLookup.Page.al	18	404c6c506a0f65d3dd8cfcc807f76a5da39c0d9ea4689ebad8cbab6617721cc0
Source/Base Application/Inventory/Item/ItemPlanningFactBox.Page.al	4	eb7e8d1aafb89bd61115adc4adc934ab005f1c0b3f303348e3e8a1a4ce2fda9e
Source/Base Application/Inventory/Item/ItemReplenishmentFactBox.Page.al	10	2700f75bb650300c2491333c44a6eaa83b7147d7534e9f761da5baa38fcf409f
Source/Base Application/Inventory/Item/ItemTempl.Table.al	284	a818a3c9782958191f4e113b14d8e2d79992b9a9311406282f2c24c750206b9b
Source/Base Application/Inventory/Item/ItemTemplCard.Page.al	79	832ee04881ac1e5d550be99d0efc93f9e445d92a541c9567973f82d5a347237f
Source/Base Application/Inventory/Item/ItemTemplMgt.Codeunit.al	416	683d0894e038770377707dbd44bc6fec7c59b10288f3114d7938275519792f61
Source/Base Application/Inventory/Item/ItemUnitGroupList.Page.al	29	87a0bccac534d2ac998081ba9680e8014ab1da35bb2fba17a0648adc488adf4f
Source/Base Application/Inventory/Item/ItemUnitofMeasure.Table.al	196	a00aab52adbc212253bd5aa49cf9820da2d267e444a38bff8efc0644f81d41bb
Source/Base Application/Inventory/Item/ItemUnitsofMeasure.Page.al	67	e7b72d613ab84bae7e2df49dc11dfec086e5d45abfea3d747db8ba2e3139e192
Source/Base Application/Inventory/Item/ItemVariant.Table.al	138	d23f74ac7eb856dab3c6fda0ee5018d69e78de1f1fb09a6d3c79e4dee53fe45d
Source/Base Application/Inventory/Item/ItemVariantCard.Page.al	16	85631a0735b9f57d0ffd5dd96ab699419b301cb57d1cbd3ec40d7ca5080f247f
Source/Base Application/Inventory/Item/ItemVariants.Page.al	23	3aded3f510b4983ca694c637e4c4b4fbc732dcca2621e1239f991cf7cf6e4514
Source/Base Application/Inventory/Item/Picture/ItemFromPicture.Codeunit.al	254	9e415f20c9ad79de9b07c09ce8995e5f0efc2ec63acf2d0b202a653307859e97
Source/Base Application/Inventory/Item/Picture/ItemFromPicture.Page.al	92	c1bc2e433af485c089193b6c46ac19b5f345d1a1f5d3de5319164709af3ad049
Source/Base Application/Inventory/Item/Picture/ItemFromPictureAttribPart.Page.al	61	1090c33c00f45ca72bc8b0a61905115298e23321f6879d596718c7fd5864ac21
Source/Base Application/Inventory/Item/Picture/ItemFromPictureBuffer.Table.al	6	1c1865def0ca80c138dc9de410831a885d5c1c1f9699a3ad43ba10dd1b37cd4f
Source/Base Application/Inventory/Item/Picture/ItemFromPictureWizard.Page.al	71	dd594a0d90eb57a4341f0dfddbc9ed19326da99864a6bbe3cc1c7cba5c4a545d
Source/Base Application/Inventory/Item/Picture/ItemPicture.Page.al	77	ac567e9d3249efcd2d23d85a8cda3533b07e6b872be948a7bf1b41c9a83632af
Source/Base Application/Inventory/Item/Picture/ItemPictureBuffer.Table.al	99	defda3695bc82a9fa85fd70df5fba03c103134015e6e1acae90914edcfc518a6
Source/Base Application/Inventory/Item/Picture/ItemVariantPicture.Page.al	76	3841a77a6261a75cbb23e9e114358a324bd82133d98f37bac4f41c495c069f6a
Source/Base Application/Inventory/Item/Substitution/ItemSubst.Codeunit.al	294	6ba184c9a9b3d637040a985e03043d35a508cab18c6e676437b470df86313c5c
Source/Base Application/Inventory/Item/Substitution/ItemSubstitution.Table.al	200	53554f9b0a879650584eceeea38a4c93194b6814eb0b7b4244b5a2beb39f56d7
Source/Base Application/Inventory/Journal/CalcInventoryValueCheck.Codeunit.al	127	8b6cab9a695af48ca7b6e4247af62832a2300e0721b14af05727189cea8127fc
Source/Base Application/Inventory/Journal/CalculateInventoryValue.Report.al	474	cdf8cd9f26b2f41cd3c1fe120e326ab1d56432520fdc278e64a437561b93f4fb
Source/Base Application/Inventory/Journal/CheckItemJnlLineBackgr.Codeunit.al	83	133a650935efba4337192caefcc21f5a3d70ce68049bdded445d77482612fe65
Source/Base Application/Inventory/Journal/ItemJnlCheckLine.Codeunit.al	361	ecb6b8f343b7f6762bac35243d6ab0dd88446782bf18dbf7a93ae679a4ae5d0f
Source/Base Application/Inventory/Journal/ItemJnlExplodeBOM.Codeunit.al	112	823c3f51b49ec1207b666148e92e87bf74db340fc05db36b400d1c4668cbef8b
Source/Base Application/Inventory/Journal/ItemJnlLineReserve.Codeunit.al	442	f0db5083aa553529a6dd361ed48136a4b4969a3f819b00419a9f445eaf9143d4
Source/Base Application/Inventory/Journal/ItemJnlManagement.Codeunit.al	183	3d96ccc93fb684bcdc21806fbccd8c4ed345be91e47da7e833541f5dce55a620
Source/Base Application/Inventory/Journal/ItemJournal.Page.al	323	cee066b3f8ac82bbcfd6003f906c2de70337f14c6b102827a5dee2ec2deb396a
Source/Base Application/Inventory/Journal/ItemJournalBatch.Table.al	82	7105b10532a75efe4927722b6494a2fa837c9add74bf376b1077aaf29b2cc62c
Source/Base Application/Inventory/Journal/ItemJournalBatches.Page.al	47	6a1230dbd2187153762f46c3f16116e088a6a7a6cc9ef58b291182b78440425a
Source/Base Application/Inventory/Journal/ItemJournalErrorsFactbox.Page.al	74	2dbd3842944fc3ceb8102511a9496c2b70cb81e4e5fc503921985a38526530c4
Source/Base Application/Inventory/Journal/ItemJournalErrorsMgt.Codeunit.al	67	0196d7fdd953e052c68521a2f98da53631a12123cb8e19acd77f8014d933722d
Source/Base Application/Inventory/Journal/ItemJournalLine.Table.al	2047	597ff5ea5e796a476104d3a8a2f313d75a4928883fbc3f64da8349d520e4229d
Source/Base Application/Inventory/Journal/ItemJournalLinePrice.Codeunit.al	113	8fefd47767e0721a3139a71693d86a71a87cd0843213cf74697a4919e2fd76a3
Source/Base Application/Inventory/Journal/ItemJournalLines.Page.al	41	8499fad2d56da93730ee586bdaeb86a40656db42d4ceaac87b3d22c57f8ab758
Source/Base Application/Inventory/Journal/ItemJournalTemplate.Table.al	68	983a0696a2a86a959ed233fa823c8dcb419701e5550bd24dc14112a34442aec1
Source/Base Application/Inventory/Journal/ItemReclassJournal.Page.al	223	ecf8b6d381f6c9235c025b756ebdd1f0b02b759af69d400c8bab0cfc60c0334f
Source/Base Application/Inventory/Journal/RecurringItemJnl.Page.al	159	a17344a20d58aeb1575114eeb68f35030e4d5fbc8fca1675fb449821bf4fa654
Source/Base Application/Inventory/Journal/RevaluationJournal.Page.al	133	22f3fdae315fae8fa620315043cf166d90d69353050d62ce5b5d543c8da27167
Source/Base Application/Inventory/Journal/SaveasStandardItemJournal.Report.al	86	69e37d5a6d9cbdcb9036e37336d2a907602bb0883ca74ebfd6ed53b5fee8f067
Source/Base Application/Inventory/Journal/StandardItemJournal.Page.al	4	e9024af82e9884764dc3cba60851752df3f0d06101c0a4df0bce4bc05f395bc5
Source/Base Application/Inventory/Journal/StandardItemJournal.Table.al	73	94a6c0517d09311d91599441323b34b233e46566be8563b47bfd4d347372aae3
Source/Base Application/Inventory/Journal/StandardItemJournalLine.Table.al	442	47b1eb1643baa87d877e18736555a6f8f8f288c9ddcafc2081b5ab38e6388657
Source/Base Application/Inventory/Journal/StandardItemJournals.Page.al	4	7d9650583809d1b19771ca27f1d74e6e0cb3cbaa3875a02019b12333937d2f68
Source/Base Application/Inventory/Journal/StandardItemJournalSubform.Page.al	50	50a201c7d9a60354d4dae66c47c338e69b2d6d29419d763564c145659cd10d8f
Source/Base Application/Inventory/Journal/StdItemJnlLinePrice.Codeunit.al	108	32ed7097283960cd5508537a84c20ba311ae02fdc8a2eea17678d7a8fa0a7271
Source/Base Application/Inventory/LeadTimeManagement.Codeunit.al	174	1c671d521d2b89bbf287d2a56b71bd0dadec5f4268d97ea799f99fe6b660b83e
Source/Base Application/Inventory/Ledger/ApplicationWorksheet.Page.al	138	8ef108f1d963ff79aec8042ed533c689f7c06f20ee273bc746ac9e7ab7ae71b3
Source/Base Application/Inventory/Ledger/AppliedItemEntries.Page.al	22	173e0cdf4f63a1563ac59ed2a79671e4c88f41b3bc55dde390252b0009362142
Source/Base Application/Inventory/Ledger/AvailableItemLedgEntries.Page.al	138	2973f5f8b6ba157993037ee6eb09d5092b78e279420aee92eb03d9bd1b969145
Source/Base Application/Inventory/Ledger/CalcRunningInvBalance.codeunit.al	44	6e85db476849e6bbd710f7cca1235cab291f0038e885aa7f19faec1195e2e6f7
Source/Base Application/Inventory/Ledger/DeleteEmptyItemRegisters.Report.al	41	d2c8c7905a19f79267dffb156d4d5c7466bccbcdafb795305b4b3b8628a928c4
Source/Base Application/Inventory/Ledger/GLItemLedgerRelation.Page.al	11	57dcc6462d0a156b072813bde1641aa2988a0487bd13d5a7875a0e29106faa11
Source/Base Application/Inventory/Ledger/InvtLedgerSourceMgt.Codeunit.al	10	c2e59b16a2e2c26ded03cb4c73fceaacb7242d4f074638cf8b9e9af096fb2f12
Source/Base Application/Inventory/Ledger/ItemApplicationEntries.Page.al	24	81118a5c555aa5bea497805c0e286001f95ac346afdaf6e080592503b2b04838
Source/Base Application/Inventory/Ledger/ItemApplicationEntry.Table.al	576	912630fcc6436f1b5720ede41944436428312436b9f4dd17e40cbaba7958903f
Source/Base Application/Inventory/Ledger/ItemApplicationEntryHistory.Table.al	7	f9fff91dbff4fc476b4fc9f28e65e34e82212b57ad1b944a094f1656fa0ef758
Source/Base Application/Inventory/Ledger/ItemApplicationFactBox.Page.al	15	28f2c16217b5ef8f78173da156614eb625c4e876e4baa668f0b75c0ce0cb4b5c
Source/Base Application/Inventory/Ledger/ItemLedgerEntries.Page.al	111	c2def66bc04567f796238b437253427f93f712f45c92d452a871797a38a7ac99
Source/Base Application/Inventory/Ledger/ItemLedgerEntriesPreview.Page.al	53	4e94a1828b89328c28b5809e51c9237f1a035b83df95f0ea8aab23f3c3c54e4c
Source/Base Application/Inventory/Ledger/ItemLedgerEntry.Table.al	350	dbb19b2c3d5714e3308d94ea4964a6b8b4f34cc258b04b5ab40cab8281f86728
Source/Base Application/Inventory/Ledger/ItemLedgerEntryReserve.Codeunit.al	93	8ce6c4a2780a0d6a2485a6c09c195c86e27fccb135d8efd2cf7beb98365ee1cc
Source/Base Application/Inventory/Ledger/ItemRegister.Table.al	10	3f80e6a55aaa44176108198afced46786577f0c8d9f7c3c23427fbd3e5700945
Source/Base Application/Inventory/Ledger/ItemRegisters.Page.al	2	e7d6b243c3b8c855f26fe8818c787cc75adaca2303a1a915157199f62fef1fa0
Source/Base Application/Inventory/Ledger/ItemRegShowInventoryLedg.Codeunit.al	5	e0edb0420c3d7d3ab47b35db00bcee935d77baf1874e078c71b97fa765fb54f8
Source/Base Application/Inventory/Ledger/ItemRegShowLedger.Codeunit.al	5	f3e1525651f4037686c5d80f1c965be8c0c42329358d59cb502553738200eccb
Source/Base Application/Inventory/Ledger/ItemRegShowValueEntries.Codeunit.al	5	ae001835c349718878cc556a557daf8ca3be3beecb279b1f181bab789457bf95
Source/Base Application/Inventory/Ledger/ShowAppliedEntries.Codeunit.al	47	00777bd734646d89c0acc8185ad1e46c4da58a8e0cc952ea8892d01a6f4179da
Source/Base Application/Inventory/Ledger/ValueEntries.Page.al	86	ea44d39dd554de0082959a8759cb22fc4b98a608fd19cdad6303f2dc38992713
Source/Base Application/Inventory/Ledger/ValueEntriesPreview.Page.al	14	b247f852efc01e310a40ecbe7aad788a2c4115b7b5516916418d22bfdee7e27d
Source/Base Application/Inventory/Ledger/ValueEntry.Table.al	204	35df81098d37ab574f6059525dd7d51d014d1ec19c6cb989ee6e74dca2c9f6e6
Source/Base Application/Inventory/Ledger/ViewAppliedEntries.Page.al	230	6fb6580591cbb1630a8eb3d2a508ec5f2115486aa4fc745b80916ad7023f19ba
Source/Base Application/Inventory/Location/CopyLocation.Codeunit.al	139	c503c1de279923b2ca614afe6eacaeb224d08e42a505d9e85cddbb2dd034667b
Source/Base Application/Inventory/Location/CopyLocation.Page.al	68	dde3ad89779301ac5726002bd4c3d192b8a995dda6f5543abbac0b91bd4ef918
Source/Base Application/Inventory/Location/CreateStockkeepingUnit.Report.al	111	2a9074f3aadad1f45fffed0db534862c2a1abf8eedda933e6e73785ea15137fa
Source/Base Application/Inventory/Location/Location.Table.al	584	27fe8198b81a7c3b6d9742fd1203cdf3b7eb1cbb2a30529c35a23cca550392d4
Source/Base Application/Inventory/Location/LocationCard.Page.al	209	21dcfb01870e54b3d98603631ffda551220e37856a201ad6986a1a36695f5395
Source/Base Application/Inventory/Location/LocationCardPart.Page.al	4	6fbb8c9a12d5235ddb4c3037869202ae3eda5784fc163231c91d984670732515
Source/Base Application/Inventory/Location/LocationList.Page.al	13	20e8d884b68932f3071f0ff01259a33cd43d0fe68f8f3a610d5ebd36293b55cb
Source/Base Application/Inventory/Location/ResponsibilityCenter.Table.al	46	f450d3e4dbec33cbc280c47b57d2b27fe98fe1367b54bef4d4d1ec04bcca7b71
Source/Base Application/Inventory/Location/ResponsibilityCenterList.Page.al	6	515236969a2381068a8eb0944f81268311420820bd6a45f2e9d90e2ec667e01f
Source/Base Application/Inventory/Location/StockkeepingUnit.Table.al	303	48a932001ae3fda53ba0750e56f2f6a0fdf3f68b34b77ef0b9f91af736741ca3
Source/Base Application/Inventory/Location/StockkeepingUnitCard.Page.al	125	9d4b305da3c09351d5106701eb36a319ddc6ac3c7be7ad4c2af00e01e3cb7223
Source/Base Application/Inventory/Location/StockkeepingUnitCommentLine.Table.al	9	9efce52e0627a09cfe19c66015ef0f9f875a78f1df5e20d772baae1ab7d22cf3
Source/Base Application/Inventory/Location/StockkeepingUnitCommentList.Page.al	2	38de0fe312988a3cac66ce0e38c2d1b2d4d970bd59fcc6d453e982e677c38a6a
Source/Base Application/Inventory/Location/StockkeepingUnitList.Page.al	27	03555abef0f48b7c5101d415cccdd54626696ea7dfa41e85d010afee1e4c62d3
Source/Base Application/Inventory/Location/StockUnitCommentSheet.Page.al	2	e7e5dd1f705a1d6e416c94dc588de3cf7afbf4bdcccb5615329eb53a0228ded2
Source/Base Application/Inventory/MarketingText/CopilotMarketingText.Page.al	120	1236af3fa51d6a76555f6b95617eaa39bbd9c40569d09d7d5e97412527b74cd5
Source/Base Application/Inventory/MarketingText/MarketingText.Codeunit.al	106	d91ac549db22739aeed6ca1afbdc20d3e47974d72fe24806ed6bc61e895d2029
Source/Base Application/Inventory/MarketingText/MarketingTextAttributesPart.Page.al	58	3025962c6a9a4157bb3aaaebbac331723f13d904fdbca7953c430ef7112068f1
Source/Base Application/Inventory/MarketingText/ModifyMarketingText.Page.al	32	df7bbbb9a7cff120812553488371b8eee80dd85109d256c2f572bb9ba3a29788
Source/Base Application/Inventory/Planning/AvailPlanningComponents.Page.al	87	b3118a33626295038c687d2bbbef05c2121b3f2e7ed47f198497fc208dd7106b
Source/Base Application/Inventory/Planning/CalcItemPlanPlanWksh.Codeunit.al	201	72779e84c913ec49a434e00721cb1fc835a40953707b6e934edf20c5abea4efc
Source/Base Application/Inventory/Planning/CalculatePlanPlanWksh.Report.al	171	f6836ff801beb8a32f60acb7c705d29115b3c30c894dc86348187b7aa754f1ac
Source/Base Application/Inventory/Planning/CheckPlanningComponent.Codeunit.al	18	18d0b8c4b73ca13c2568410702d91366831f6d3dd41a2b60b5fd25d3b1857fa1
Source/Base Application/Inventory/Planning/PlanningAssignment.Table.al	111	e89b427c488196c0812bdb362f9a1a0c85e0c2595d8fb7d06768d76309d250c9
Source/Base Application/Inventory/Planning/PlanningCompAvailMgt.Codeunit.al	31	f13f7ea943bbae69fcd253f09fe784499cf8fa362d806dc886c846bdbe8a7c53
Source/Base Application/Inventory/Planning/PlanningComponent.Table.al	433	f97a230472da9f7dd41a5aa7c9f27b43dfce89c42693261b170f272f8d0fe948
Source/Base Application/Inventory/Planning/PlanningComponentList.Page.al	2	0e7eea198183de530453a3002d11db539a5a39fd0f01705e9406b134395b50df
Source/Base Application/Inventory/Planning/PlanningComponents.Page.al	31	4e1f2f032ff36ae3f260bac4b7d745c861662b1e51b196dc045e2974c401042a
Source/Base Application/Inventory/Planning/PlanningErrorLog.Page.al	2	4b099b54549fbd752e42e4ee8e1354806599b20b5ccc42290a4800aebe1925e5
Source/Base Application/Inventory/Planning/PlanningErrorLog.Table.al	58	f0ee481fcee429b6d191a063c8f651313effd5e1b33147bc739e6bb0f8a93682
Source/Base Application/Inventory/Planning/PlanningGetParameters.Codeunit.al	330	94589287c67758d291dd1795a36cc82bdca98f32a321757b02610381657d5045
Source/Base Application/Inventory/Planning/PlanningLineManagement.Codeunit.al	396	95c22fa1bd918930d1f8f5e2e989ab8b36f6582e6b4302069fbf879c71751c3d
Source/Base Application/Inventory/Planning/PlanningTransparency.Codeunit.al	345	74299bee78a5ca2f8b2b793bd3d9c4af6395916a3c8e7f42f6339b334737342b
Source/Base Application/Inventory/Planning/PlngComponentInvtProfile.Codeunit.al	73	09e57b9f6eb8999e84d60cd77dd769bb66250978cdfee7a92929442e675f7b49
Source/Base Application/Inventory/Planning/PlngComponentReserve.Codeunit.al	339	eebb9e9f6cd9c17d76fe987b1dd4c3ca6e7486a63e45e57d103b4135ef847737
Source/Base Application/Inventory/Planning/UnplannedDemand.Table.al	29	ad7fbb11a7a670f46a9a9e7937b560bb437fc9d32064b201f62d1cd7e44476b1
Source/Base Application/Inventory/Planning/UntrackedPlanningElements.Page.al	10	4b3811889e4fdd02ce73b8ceba028b8536db729174a536503809c31b740c68aa
Source/Base Application/Inventory/Posting/InventoryPostingSetupCard.Page.al	2	c3b8a44fb002b94cb4bc328ac4f438f2171cef1361d3bd717f1be02b8648c72a
Source/Base Application/Inventory/Posting/ItemJnlBPost.Codeunit.al	47	502664366f4dc463170448254defbda4de202283fc9e47a319de0d92e148c92a
Source/Base Application/Inventory/Posting/ItemJnlBPostPrint.Codeunit.al	62	e1ea2566c45d9cbbe6b1bdaa53f0a2c73fe185589933c0ded9b32102301bd9d6
Source/Base Application/Inventory/Posting/ItemJnlPost.Codeunit.al	60	fbff90b94c27d26ee839d4bb08e1d45b9b762557509691e1260c9a099bb095d5
Source/Base Application/Inventory/Posting/ItemJnlPostBatch.Codeunit.al	754	51599f0dd6f968bc77aa5ea784fdb314c50e3a24cfc376f32651eb98b57c130b
Source/Base Application/Inventory/Posting/ItemJnlPostLine.Codeunit.al	5124	2383f3582ce9a74525a70e82154ba531d28e0d0bfa8911bd8a743e7ca13f1a94
Source/Base Application/Inventory/Posting/ItemJnlPostPrint.Codeunit.al	71	cf496eb1f856f5323943f7b9fb33985a1dc5253c369b94470526b435c90944f8
Source/Base Application/Inventory/Reconciliation/GetInventoryReport.Codeunit.al	1144	db783f12c81e4fc31717b957cbbff9ae7bb7ac763cd41aca31aebde949078dcc
Source/Base Application/Inventory/Reconciliation/InventoryGLReconciliation.Page.al	264	a118a502e42644dba163a66223f6bbb7b636db88733169011e764122714aaeef
Source/Base Application/Inventory/Reconciliation/InventoryGLReconMatrix.Page.al	790	b926532cac5ab9cacc78d4547dc0d803c420280d118118c1a61063887caa2c4c
Source/Base Application/Inventory/Reconciliation/InventoryReportEntry.Page.al	44	7fd5afd0fcf8f5484563df1b7f8c9444a858df35ab3aa31e124b5b45983a1df8
Source/Base Application/Inventory/Reports/BOMCostShareDistribution.Report.al	160	14350ef8f0ccbdf3ac9186d385d606f4f0c51a43061f312288606ec1047ac48c
Source/Base Application/Inventory/Reports/CalcInventoryValueTest.Report.al	79	1acfcfeb0c1cd962cccd6a3f16fe655308e16c445234f8f750fcfea8724bca95
Source/Base Application/Inventory/Reports/CatalogItemSales.Report.al	18	4f4cc3cc09ae3e191a9992ae71afa67df421963e310367bf61ab189619c859e5
Source/Base Application/Inventory/Reports/CertificateofSupply.Report.al	131	1a024eb5544c89f4f1e5e0fe30c0a83c3a60c7b7f385ee9baf1af93d1c7ff4b4
Source/Base Application/Inventory/Reports/CloseInventoryPeriodTest.Report.al	124	cec0d29a6558e53fb2659a0be48e6035db245abd21d84a31e812a0d3277aca8a
Source/Base Application/Inventory/Reports/InventoryAvailability.Report.al	69	149a2d48e37dc753c7e807d6ba6f3c183bf88b393f4d06eb38851531a2222440
Source/Base Application/Inventory/Reports/InventoryCostandPriceList.Report.al	29	6ebe863761ceefdf5f043771b1cd290d73b4297dd72d687ba6adac0857944dca
Source/Base Application/Inventory/Reports/InventoryCostVariance.Report.al	16	f34f69445f1cfcc7969625ebbfd1e8c7a166c6817f25b964a793632ade47bcee
Source/Base Application/Inventory/Reports/InventoryCustomerSales.Report.al	125	6dd5a4720e7819f1dfb8e7c308c7dd75d94ee431d01181a275a066b8fe77ef81
Source/Base Application/Inventory/Reports/InventoryList.Report.al	2	b835b7c88db9d9671710d2dd01d2506a499e01fa11db8ca7703137df3f1f24a0
Source/Base Application/Inventory/Reports/InventoryOrderDetails.Report.al	38	5f3a2603e24160b008b837b4c1ca4529c2d9c7376d0352dc35144796649f1c48
Source/Base Application/Inventory/Reports/InventoryPickingList.Report.al	13	640398ec489ca441686d70e324887693de9bc3870e9e582f0799baf32eda1823
Source/Base Application/Inventory/Reports/InventoryPostingTest.Report.al	340	478d3e1d23cc354c0bab96c84ec52c6c588cbdf508942624edb8d93c6df36f41
Source/Base Application/Inventory/Reports/InventoryPurchaseOrders.Report.al	38	71f08bc3fb6915fcd2952d39b77b71b1bbd8914b82cb00e556431f0273722152
Source/Base Application/Inventory/Reports/InventoryReorders.Report.al	82	a279506a7864b791495ff9384851b7a70d5b3119fb847a639ca4caea5976617e
Source/Base Application/Inventory/Reports/InventorySalesBackOrders.Report.al	34	b9c4ba3612f8c69ff9ed82e8021f9889ce3884a9a9d2e2ec3511ef49237f4951
Source/Base Application/Inventory/Reports/InventorySalesStatistics.Report.al	75	cb14416b9122269429f54cd255416671eebe3c4ac9567e835f6034e23f1e1857
Source/Base Application/Inventory/Reports/InventoryTop10List.Report.al	97	c0eafc060246ce60db7e574f00628342eb70a7f9c31f3e054efe44662853a197
Source/Base Application/Inventory/Reports/InventoryTransactionDetail.Report.al	49	3674184513f570a9b3bf9670b9fab7ec09c61d87da28dabf978910bb7609f057
Source/Base Application/Inventory/Reports/InventoryValuation.Report.al	201	710a9808ae69dcd5543825c0b1cca240d729babe05b92595ade133e92d5d19a9
Source/Base Application/Inventory/Reports/InventoryVendorPurchases.Report.al	53	4102bf2cd95cfbaf42a0e8da9ea7e0de67e71d0de159adac859840f428cb9136
Source/Base Application/Inventory/Reports/InvtValuationCostSpec.Report.al	151	f4471a843650d4927eccd7cb62201d546b767fbd0b0bfbd5f3527a566055f94e
Source/Base Application/Inventory/Reports/ItemAbletoMakeTimeline.Report.al	63	9aee3f2e749962131a79698397b33e32978e84b47462658937a9f9c47d1ca111
Source/Base Application/Inventory/Reports/ItemAgeCompositionValue.Report.al	134	2a54ca187589739fd812563709bea28d5e4732cd5e5575eeb18620700501f832
Source/Base Application/Inventory/Reports/ItemBudget.Report.al	37	98488e63717855aacef15f36e95b9f069d16db421760d74aac79d74a2a3e695f
Source/Base Application/Inventory/Reports/ItemChargesSpecification.Report.al	31	e93f1a72263514bcdd612196ead0646df679f2bcbc4277f3339ca515a7892b05
Source/Base Application/Inventory/Reports/ItemDimensionsDetail.Report.al	377	b4667ede874124715e6fea33e0db6ef0a9750b09df0500895f0eaf9da87354ae
Source/Base Application/Inventory/Reports/ItemDimensionsTotal.Report.al	534	a22dd6b20b87c0fac8cb9ff6da393a4e515bd03ffafc96c384da3a78a9cbd399
Source/Base Application/Inventory/Reports/ItemExpirationQuantity.Report.al	60	3f3572648f6c76d2ed1c25ce2897f918c8dc9e2d6e70ec6799ee779458c45475
Source/Base Application/Inventory/Reports/ItemRegisterQuantity.Report.al	13	7d488eaf95ecf4be70a166ad42e5bda19f0f6e23fea9c93aef5b06dea3ba42e6
Source/Base Application/Inventory/Reports/ItemRegisterValue.Report.al	46	f61c006667db82ce6ee90b816f1ff9a6cee51586c3e4bd361af782a87536cb21
Source/Base Application/Inventory/Reports/ItemSubstitutions.Report.al	10	94cc000d81c1a6bf406e6b58c22c85bea1484688e0a64e2cdae5e3c8e877546c
Source/Base Application/Inventory/Reports/ItemTracingSpecification.Report.al	95	55d98652187838ac4b350b65c67b83d148232f4dfe608e2bc8671810f2cc3852
Source/Base Application/Inventory/Reports/ItemTrackingAppendix.Report.al	191	2c78868392496fbee64ee15a1859de36a02b5efc041a25e89f945ad080c9e841
Source/Base Application/Inventory/Reports/ItemTrackingNavigate.Report.al	42	971cb66aaa2421bb433963277daa5909710279b8827c2957dcda11ebf8a4bf2e
Source/Base Application/Inventory/Reports/ItemVendorCatalog.Report.al	26	ce8164b60c58165b3b91c91cf2279e808a8bf8e2ee0a5de47cf49d8ec0694151
Source/Base Application/Inventory/Reports/PhysInventoryList.Report.al	171	9c439d4e8f5aac31354737f7722620ab3d3db220414ee9ee3f79a672ed8dda69
Source/Base Application/Inventory/Reports/PriceList.Report.al	285	24695e300bbdaa8867812613682c7ee4f9b3f473bae2dda1c43dae81eb81d005
Source/Base Application/Inventory/Reports/ReferenceNoLabel.Report.al	19	762784ac30ad837a52fd971b25fa49b879223f7787544efa9eaf6252d27a2418
Source/Base Application/Inventory/Reports/RevaluationPostingTest.Report.al	129	f41a7a385826a3814a145bc39962a0dfa948d3573883c4afb474b4a67b80ace8
Source/Base Application/Inventory/Reports/Status.Report.al	83	f13d4b1af921b9f9059961b3525f2daf5cd8f1cdc79617d93904222b8b636b62
Source/Base Application/Inventory/Reports/WhereUsedList.Report.al	2	3602b62e71dc6a69d78cd006104920ba7bf095a5bc00ad6d79b00a4a3b446e40
Source/Base Application/Inventory/Requisition/AvailableRequisitionLines.Page.al	94	01dc8dca7d79533a22dbdb0b9bf6f771f508801bc7acae759a706a1348370277
Source/Base Application/Inventory/Requisition/CalculatePlanReqWksh.Report.al	155	767d2538745ad55c84e8f24deb83c528684d326c47b7854171bc54c98f0af685
Source/Base Application/Inventory/Requisition/CarryOutAction.Codeunit.al	462	9e9509cef4da21ffdd5845e986cc11ef072546b5507e57fc6b245a26bc586af7
Source/Base Application/Inventory/Requisition/CarryOutActionMsgPlan.Report.al	289	c390681f75670853ea0ffc1b8a13d5b596b8d3485776b94e5087aca40b98f812
Source/Base Application/Inventory/Requisition/CarryOutActionMsgReq.Report.al	68	f5409a93274f986fcfe92b7e8a70bbb97ab43562451b88dcfb4567fbb991b06b
Source/Base Application/Inventory/Requisition/GetActionMessages.Report.al	254	def7e416f40968d9bbf9a08b6ba3cfe334a41b27ef000ebf3e13f2b28b40fb0e
Source/Base Application/Inventory/Requisition/GetUnplannedDemand.Codeunit.al	359	99df115ac758487148429a89c71226571ad62c51451ab069237ad05401c9712c
Source/Base Application/Inventory/Requisition/MakeSupplyOrders.Page.al	101	8fb135c0aabd81374d35a1c5ae5facc1ae23777a998cdfe1fc16214d5978b3af
Source/Base Application/Inventory/Requisition/MakeSupplyOrdersYesNo.Codeunit.al	45	d7376a2c08b56745bbd2c30ba44568ffad000065a38778a1fae1d71b12f60550
Source/Base Application/Inventory/Requisition/ManufacturingUserTemplate.Table.al	2	8bc71f93b86b41beda3108932ffd449e2f4b26685cf95aee5fc56312c149ddbb
Source/Base Application/Inventory/Requisition/OrderPlanning.Page.al	339	7a037c6bf84806b368b351c2a52ce785acdffe13955cd36b66529f6782510b05
Source/Base Application/Inventory/Requisition/OrderPlanningMgt.Codeunit.al	314	62279f8c95d3f0d3fac568c8466ae079e3eadbf38bc5779d980dae47eafed162
Source/Base Application/Inventory/Requisition/PlanningWkshManagement.Codeunit.al	17	fd13a27d77ef9aed4b4f8c9b564b70d4d0f4aceaba604d17ecfa0bce3e5cd636
Source/Base Application/Inventory/Requisition/PlanningWorksheet.Page.al	249	d7bfe5204fff1c3fa6362b065357b97f22594ceab4b3f686543ba1682070650b
Source/Base Application/Inventory/Requisition/PlanningWorksheetLineList.Page.al	2	6ba18071abba8a97a63c78c2e77077636f9c974c1b92fee5601fff139d96558e
Source/Base Application/Inventory/Requisition/RecurringReqWorksheet.Page.al	116	8e26e6c63792faea8cccd4d48f6726a7f112e5ceb6ec78f2b6a474f38930cb10
Source/Base Application/Inventory/Requisition/RefreshPlanningDemand.Report.al	23	ede21a2ab7e6e17b984464c9d3ef2c545b2971245f5fd43f9ed26f0941ef2a28
Source/Base Application/Inventory/Requisition/ReqJnlManagement.Codeunit.al	181	cf84c07beb9ca369dc9dff0ac35e667b3ec88c3cd615b2b8d07322064ef5fab4
Source/Base Application/Inventory/Requisition/ReqLineAvailabilityMgt.Codeunit.al	105	bb9cbf7e73707ea522874bd3ec9a1216fd778705acc93235f80b43a97c55cb82
Source/Base Application/Inventory/Requisition/ReqLineReserve.Codeunit.al	507	79193e43fbc7b3a89b8bc47250a9117b9a671d9d28a5ad28827fb18795c19c73
Source/Base Application/Inventory/Requisition/RequisitionLine.Table.al	1808	1e3bfbd9cc8c88bbfbd06014b2897746f2969b2ef734d451ac2a3ab1f7c790cc
Source/Base Application/Inventory/Requisition/RequisitionLinePrice.Codeunit.al	139	197d6112a63047b4f48e31f648d34ecff2a75954c94043c39912add4c45f9bed
Source/Base Application/Inventory/Requisition/RequisitionLines.Page.al	22	173e37834a5afe8722e97bb128c4ae967964a93201423e2f7969acb416aef09b
Source/Base Application/Inventory/Requisition/RequisitionWkshName.Table.al	40	a73fd86c895a69a8f65fc4571e1d9a6306bc4a5c1f467fe1d8710fe49555b7d6
Source/Base Application/Inventory/Requisition/ReqWkshMakeOrder.Codeunit.al	1092	6678119d5ab4d063b99c2410b176f29c889ae48607bcd1bb8e758f92955a4d97
Source/Base Application/Inventory/Requisition/ReqWkshNames.Page.al	12	8ee8c0881fd39dbab4c4d94726fc29abc7334e13ad465d5a9465bf83c1c94640
Source/Base Application/Inventory/Requisition/ReqWkshShowCard.Codeunit.al	11	18cdb0f27d114f5fd5a5a8ab59b15db7b82103ac8787d37415e3e9e081b170e5
Source/Base Application/Inventory/Requisition/ReqWkshTemplate.Table.al	17	e80375840041478a3ced2c10748e6e13c4167aabb41e271fae15093acd861ff2
Source/Base Application/Inventory/Requisition/ReqWorksheet.Page.al	215	3fa6b19e39096b98aca7039167173a65c2a8f34e9b1baeab1d93acbf413aeb71
Source/Base Application/Inventory/RoleCenters/MyItem.Table.al	8	090083fd8f4ecacfe2aea2a5c9f692cda5b08e5015123e1e9464a8bf357b67fe
Source/Base Application/Inventory/RoleCenters/MyItems.Page.al	18	371385e826db9cfcdca7e00674189df60dc346bbcbfd16cfd4d6f2303829a4e1
Source/Base Application/Inventory/Setup/CloseInventoryPeriod.Codeunit.al	103	2bb29315d07927df4c145f28a1e0d914ab798b2e57d98b78dc411adb97dcb2b2
Source/Base Application/Inventory/Setup/InventoryDataClassification.Codeunit.al	551	11e951f32a0e3ac3e635ac05416ecc5ebf9b3ba2288ef974c6ff2dfc1a6dd9d0
Source/Base Application/Inventory/Setup/InventoryPeriod.Table.al	50	f882d5465c98b2dcc56dcc6f1ef13e9b3e39f1f5c991b14bb61fe88cff5a3cc4
Source/Base Application/Inventory/Setup/InventoryPeriodEntries.Page.al	2	82f933ef768da2fe373bc7f90209c9d1712372516fdc80f7482ca33a41498ffb
Source/Base Application/Inventory/Setup/InventoryPeriodEntry.Table.al	18	cf059e67f42c1d96617f0f3cb9285ade1894fc23211028207a7467c95ea960b4
Source/Base Application/Inventory/Setup/InventoryPeriods.Page.al	10	05889f6a6090f778d9ca9d6d19856d01bc462bfcbf0c8ec7b921e216bbea6912
Source/Base Application/Inventory/Setup/InventorySetup.Codeunit.al	19	364fd9d7054a6da80674e10f81cc277765d35cabc339eca5c749e9ef14534dfd
Source/Base Application/Inventory/Setup/InventorySetup.Page.al	23	846ecb8b00b8769015cbd9ac80ced0f1dff6f71b3def03379503ecb761a80da0
Source/Base Application/Inventory/Setup/InventorySetup.Table.al	91	1780b59a0f6876aec75933522eadb7a2a53b89ff61fac0a791c32f70d2636347
Source/Base Application/Inventory/Setup/ReportSelectionInventory.Page.al	71	65ab268e3bf722f7ae3842a39537e6041e6287b17d0c72096f196d17849954f5
Source/Base Application/Inventory/Setup/SetupItemCostingMethod.Codeunit.al	6	559d24dd590c81324531681e7d2b015268f0712e3f6f721e56f6be3b3eb0cd96
Source/Base Application/Inventory/Tracking/ActionMessageEntry.Table.al	117	5c763a389d4316523f88f0e051f6fce842265777b26b300b23234c184650d792
Source/Base Application/Inventory/Tracking/AllocateReservBasic.Codeunit.al	45	cb6e075d0f30e91de9f7959182f73dc5a8cb7d926e54764c6588af1235d6a079
Source/Base Application/Inventory/Tracking/AllocateReservCustPriority.Codeunit.al	50	f59cec61fe9cfb2e0bf4694aa2a2912a41c7e5517bffd22cfc30a9cfaec63429
Source/Base Application/Inventory/Tracking/AllocateReservEqually.Codeunit.al	77	dc55c156ed9be2766f12c5e95f68d36407142079039f8d9948e9a8596c39e87d
Source/Base Application/Inventory/Tracking/AllocationPolicies.Page.al	30	87fc4bee9a8b3d06042e9df95b3894250d7705016e03a54edfbff8d3fbd61398
Source/Base Application/Inventory/Tracking/AllocationPolicy.Table.al	10	5827db25b7c0b6e3b2110d4791c6cbe7ed72237e492984dcdeadeca83029aa95
Source/Base Application/Inventory/Tracking/AvailItemTrackingLines.Page.al	39	0315ea12829d8289d82ed01ab7df162065e2ea6023a8b693220f98c697b7c7f1
Source/Base Application/Inventory/Tracking/CarryOutReservation.Report.al	30	60376ea3ee2b5fce3241393812f82b0f7fb53bcd0d506b949f992d856f0a2ac8
Source/Base Application/Inventory/Tracking/ContinuousItemTracking.Page.al	25	4bdceec7d42fae78ac1a231b467e715a0b4b52d53279d748cce9db0dd3b01f26
Source/Base Application/Inventory/Tracking/ContinuousScanningLine.page.al	12	95447c8cd20b5a3c293822017a5d30ec1650cdd08684a6df6584c9512a99dd49
Source/Base Application/Inventory/Tracking/CreateReservEntry.Codeunit.al	808	6e4824c5a7c1439733aaff5b4efb53f6c9c3521d78e08fe08c501111c0e64776
Source/Base Application/Inventory/Tracking/DetailedMatchedOrderLine.Table.al	12	d5c09b5b33d57e311068337f8317eac2bdbb06b08da86574ffeece4ccef03d7c
Source/Base Application/Inventory/Tracking/EnterCustomizedSN.Page.al	38	959d852407e362f1ef0f8f67bcce49676ca816e1370fa7a782b31ae7bbc87e74
Source/Base Application/Inventory/Tracking/EnterQuantitytoCreate.Page.al	36	be0cc33f341bf811f31c6ecd5cc21b8012d39471986d3401d1bb30dfda07cc27
Source/Base Application/Inventory/Tracking/EntrySummary.Table.al	100	63b6266314aae4b5e224ca4eccd4678e2c8a7f9da3f7b4ec225e42b96d212561
Source/Base Application/Inventory/Tracking/GetDemandToReserve.Report.al	185	4967dec279cc05f6c72bd0f9f8421efda38c7a5b2db98830218e8d5eed0b4b4a
Source/Base Application/Inventory/Tracking/InventoryProfile.Table.al	369	835d666a3c7845a4b4a5e6912a602cb16d1bfcf2e19465cc90917e41411f7c43
Source/Base Application/Inventory/Tracking/InventoryProfileOffsetting.Codeunit.al	3888	63e4443ae2edf1e0c0a0d043849893e9547a288468abcd0e5d32aebe8517292a
Source/Base Application/Inventory/Tracking/ItemBinContentInquiry.Page.al	44	ac8a541c323c5320916f6a97469de7132fa46221fa973d708f45a7bb6db074df
Source/Base Application/Inventory/Tracking/ItemInquiry.Page.al	29	d6dad9bf02db390589c0fb33a9533a1363a8444df99a39eecbe5808e53a471b3
Source/Base Application/Inventory/Tracking/ItemTracing.Page.al	208	3e74acdc5dab4bb0b7bdf705a277ad84ffe2abcce3cd7b437a337cb8fc55f32a
Source/Base Application/Inventory/Tracking/ItemTracingBuffer.Table.al	15	be8311ee1c0fab004e8cd8ff133b9174d4389f57de348b53c61f4e2c1a9356f7
Source/Base Application/Inventory/Tracking/ItemTracingMgt.Codeunit.al	732	c97b080df5efceab59b44b7ee0b66b20a3312d882f0647ec77be353483ff1329
Source/Base Application/Inventory/Tracking/ItemTrackingCaptionClassMgt.Codeunit.al	23	0ab94fd737824a546a00b30c3587be2104374229e8c9cc39e57e891f1500ff1c
Source/Base Application/Inventory/Tracking/ItemTrackingCode.Table.al	301	017dd3a70668bc6ca8a8c770c2d82760d6aa3ecb6e13be26a2ce28d5b997f9cf
Source/Base Application/Inventory/Tracking/ItemTrackingCodeCard.Page.al	8	b503c497bf404e0fdb664f7c86891238b48dafd23deb9b68398e89d6f8a40362
Source/Base Application/Inventory/Tracking/ItemTrackingComment.Table.al	18	1dafe4a7688861cf8f63b2b4df5a2a772f0a269cda40eddd1004ece34d652970
Source/Base Application/Inventory/Tracking/ItemTrackingDataCollection.Codeunit.al	1100	08bd82feab41b1c914aab2dbace504082f99369babca4eeb76cb06e0f1e6da26
Source/Base Application/Inventory/Tracking/ItemTrackingDocManagement.Codeunit.al	526	5e5ed57a51e855f54aa1bdc25b7f1cf86ecdd33c978e53ee2579063b6345121f
Source/Base Application/Inventory/Tracking/ItemTrackingEntries.Page.al	27	7a07820732f3ae1ac29b28dcdfc84846766742c6878eed9cb7babcfec402a8e9
Source/Base Application/Inventory/Tracking/ItemTrackingLines.Page.al	2339	dc27e0e38a8f47698b12b04f8188a8ef9ff682134f49c9cf87bf265e77dcba44
Source/Base Application/Inventory/Tracking/ItemTrackingManagement.Codeunit.al	2689	f65181b4db1043d040f678870213a4a655d4c175bf8d6b5f1d9f19319582d259
Source/Base Application/Inventory/Tracking/ItemTrackingNavigateMgt.Codeunit.al	642	c2651cdb687ce94c9699341f41b56ea7e1f7b23c7702eb123af18e0af2a043e5
Source/Base Application/Inventory/Tracking/ItemTrackingSetup.Table.al	129	8f664e5c8d35eb30f074085e176486d411934bc99474b8fa359e77c30d39fe46
Source/Base Application/Inventory/Tracking/ItemTrackingSummary.Page.al	156	42365eb667f8312a82366ad97fa90d83a7f56955c56f329183870c32844e4375
Source/Base Application/Inventory/Tracking/LateBindingManagement.Codeunit.al	498	ebf0d29323e90a926424ef2788fe87965249ca572f6f65ece345f24c1f2f634a
Source/Base Application/Inventory/Tracking/LotNoInformation.Table.al	24	b6940e48065f8beb9b70bf3fbee0e106e009cd652fbd5e3922fa5390873967b6
Source/Base Application/Inventory/Tracking/LotNoInformationCard.Page.al	47	2c86834ca2fb3af1b23221810043ffa95d361ee6a287416aabe208d4e201f429
Source/Base Application/Inventory/Tracking/LotNoInformationList.Page.al	27	3c6325d60e643a8a54226136efeb14c9c8887d268952c8b90503a8d491d225f3
Source/Base Application/Inventory/Tracking/LotNoLabel.Report.al	16	17975bad933b70925d17bc18d71c653e118a7d645747750ca2cc747b42703c9b
Source/Base Application/Inventory/Tracking/MatchedOrderLineMgmt.Codeunit.al	755	49aa42c653b8416931622c83719805a71878ee6d78c1707abbf27b8625c8c9da
Source/Base Application/Inventory/Tracking/MatchedOrderLines.Page.al	43	3eb703bc2142b808012eaf7c5a76ce15e7a08fd9c4ec11e130e8eacbc89e08ca
Source/Base Application/Inventory/Tracking/PackageInfoManagement.Codeunit.al	202	043047a144f3b550c1481c34fc4db97e87b234e39dc658fedc25a9205267dba7
Source/Base Application/Inventory/Tracking/PackageManagement.Codeunit.al	1002	d579f6d76f00aade64e2631fc562c553cbbeb863b614bc766fcdd3bcc8bdc11e
Source/Base Application/Inventory/Tracking/PackageNoInformation.Table.al	26	9c7caeba5a5f608eff8d0dea3b83de68823e8136a2f0e4408fac4b0c1fdf5e97
Source/Base Application/Inventory/Tracking/PackageNoInformationCard.Page.al	47	e868f514b753c1327f9b297cc77c353e9b74228816172746e30d1058e175c347
Source/Base Application/Inventory/Tracking/PackageNoInformationList.Page.al	28	0c95c31ae5824dd629ebf77a9ceadcdff7237a3fc631b05c089f3a1120f9cac1
Source/Base Application/Inventory/Tracking/PostedItemTrackingLines.Page.al	7	c892219d3419c9ecd5f97627841d5f9e3d291ab259cfad9fd419b88d561f2470
Source/Base Application/Inventory/Tracking/Reservation.Page.al	239	5cde67474de4f6dd8a17c2738d53e5af2fc5ffd0e62c33693074aa2c93bc7398
Source/Base Application/Inventory/Tracking/ReservationCheckDateConfl.Codeunit.al	267	a818bf4b2f7a1417bdee7a1024e25512359aa030b6d326ea1e90423d69d4ee2b
Source/Base Application/Inventory/Tracking/ReservationEngineMgt.Codeunit.al	889	8c6c434ae8eb7a04503f4eee193269b5628796c36602aae43bceaf15bec187a3
Source/Base Application/Inventory/Tracking/ReservationEntries.Page.al	53	87013f5829b342c2410646ec39a69d659966dede70e1be5850e40405d708ee9f
Source/Base Application/Inventory/Tracking/ReservationEntry.Table.al	587	bb1c80564d0692d3e72ea5c57db4225d3608dbf2efb334f4a0cb47a2cb2941fc
Source/Base Application/Inventory/Tracking/ReservationManagement.Codeunit.al	1701	9b0b6528c605ca4654e721653f8a2d06c95e7b41e07d21cc59dac3c1b753ef22
Source/Base Application/Inventory/Tracking/ReservationWkshBatch.Table.al	54	802497bf549cce5bbba4cf69053e207426aef201c5463754044140e112677229
Source/Base Application/Inventory/Tracking/ReservationWkshBatchCard.Page.al	61	e4cecc72d0c873b7ac3fdebb3956c1723d2a9a790f22c09c80450360fdcdc5b9
Source/Base Application/Inventory/Tracking/ReservationWkshFactbox.Page.al	15	66091f27c6f049017386fd0881dc8b29daa82c51a8c4379c4758e141f1f25f41
Source/Base Application/Inventory/Tracking/ReservationWkshLine.Table.al	89	d02e265b0a277fa9138b12298140e4b6dd1c14d4b4dba008c339f5d674078d0d
Source/Base Application/Inventory/Tracking/ReservationWkshLogFactbox.Page.al	5	28dd46e5638b8458682026ee4735c11839c844fc86241f30f7ecf1220d1d507f
Source/Base Application/Inventory/Tracking/ReservationWorksheet.Page.al	88	17e54b68043471ac02fbb9de029285245004f57cc4b16194a4f8f74e70af18bf
Source/Base Application/Inventory/Tracking/ReservationWorksheetLog.Table.al	10	a26585b40092efeabf0ffcec23489baa45bcde7c2ffc9b75acd25117181eb6fc
Source/Base Application/Inventory/Tracking/ReservationWorksheetMgt.Codeunit.al	251	b54b2fe1c7b48b934b334d6498de5f947edff89d1d055f1511ad02da39b88870
Source/Base Application/Inventory/Tracking/SerialNoInformation.Table.al	22	2e65440dbab17566bf49517264f0bcf2959bd2c7f4685f8b387b6d5d64b58383
Source/Base Application/Inventory/Tracking/SerialNoInformationCard.Page.al	46	9ce38ccd4a6f8df3ce7a352a15bc263eeb623533eae2bef22101bb7775cf65a4
Source/Base Application/Inventory/Tracking/SerialNoInformationList.Page.al	27	004688ee0ca93b4ba845bc42f3f4d2cbdf1c70fc826a5eba3e68eb0897453ce2
Source/Base Application/Inventory/Tracking/SNLabel.Report.al	16	a9e235af25f9e54c4aa76ff396ec5dd3dae5fc71a57cc54ac0d8cfe091752293
Source/Base Application/Inventory/Tracking/TrackingSpecification.Table.al	661	58f903838886a53d55066d0d07e226a1e4ff1eb54616bf1a2103793293575d69
Source/Base Application/Inventory/Transfer/AvailableTransferLines.Page.al	106	a8f808d6cef259d94f4c5da665ca225a65dedd367974254f702d01df54c12be1
Source/Base Application/Inventory/Transfer/BatchPostTransferOrders.Report.al	20	6bc7fa86f2ac2405411ee8e6beed540b9b99d7eb8b3e725673b1334bd5e6cee8
Source/Base Application/Inventory/Transfer/CheckTransferDocument.Codeunit.al	18	64aaa8c98eaa1c15538c7cf4dd1f14a132d5bd099f5aa1af408cb31bb09dc1ac
Source/Base Application/Inventory/Transfer/DirectTransferStatistics.Page.al	20	d25bb334df07e2aedfa5b1dbbf1fefcae5dc2462f8c7be75be25ca1bd989e453
Source/Base Application/Inventory/Transfer/DirectTransHeader.Table.al	40	bcb0e004269b78267c51b69542707150faae20bce76c9da549280e39e3fc590f
Source/Base Application/Inventory/Transfer/DirectTransLine.Table.al	36	bb599e5cbaedc22acbdaa1b6e8dd0920cc897dc69fab61784a117bfe96b68581
Source/Base Application/Inventory/Transfer/InventoryInboundTransfer.Report.al	3	396a7e08bd8ee6f3585a635ff974e43cb6b708a40716c01abec367268192ddee
Source/Base Application/Inventory/Transfer/PostedDirectTransfer.Page.al	9	c2e109d273ca170cabdc7ab60bcc5b55be50c472556db9a0be33c06460cd4921
Source/Base Application/Inventory/Transfer/PostedDirectTransfers.Page.al	9	1fd7bfbfd9d2953e3d68deab41c48c01a1455326761eba34a0dbe9e2366d2334
Source/Base Application/Inventory/Transfer/PostedDirectTransferSubform.Page.al	4	c3fa1d156da3aee8a21304e3191ca1809cc1644f5efff06204e22aa3b1562439
Source/Base Application/Inventory/Transfer/PostedTransferRcptSubform.Page.al	28	58195b388ba84311f8ae1d0cfd8e24c29dd63dd45966a8c794fe4c00891d6717
Source/Base Application/Inventory/Transfer/PostedTransferReceipt.Page.al	11	fc135007dd3e07358b3c4aebee0e276b14a67a0058f6415bd9ea9aed5d8c9f02
Source/Base Application/Inventory/Transfer/PostedTransferReceiptLines.Page.al	47	9fdb76996892f6796b2afee88999f96384944d08e24ca710a371295e8951ea27
Source/Base Application/Inventory/Transfer/PostedTransferReceipts.Page.al	8	55f575c0b718240477efb85deb8a717bc0ddcb215a82239e2c47c185e6a6e98c
Source/Base Application/Inventory/Transfer/PostedTransferShipment.Page.al	11	3ef5bd35eb76cdf60de4c38aa28e29690c3846fbe7f5e94390db7256ce1aa6cc
Source/Base Application/Inventory/Transfer/PostedTransferShipmentLines.Page.al	29	b930b3a79f3c07e58b274cb11ce3c3e289eb2113db305c6b519953020dd7c0d8
Source/Base Application/Inventory/Transfer/PostedTransferShipments.Page.al	8	95ea304bfab50e8332615d7712299c2544168b25f457bd28b27dbbe8e8e9ebc5
Source/Base Application/Inventory/Transfer/PostedTransferShptSubform.Page.al	34	d365e8b443e723fb8ab8b409bcac436b7c05749832de4d954d97849ba2472633
Source/Base Application/Inventory/Transfer/ReleaseTransferDocument.Codeunit.al	75	97faa9943013ba59a1d496737bf36c6ea6a4f2ea7e1da8f295b62e8ccad8648f
Source/Base Application/Inventory/Transfer/TransferAvailabilityMgt.Codeunit.al	187	8454a9fe6a98efd14133da6846004715d75e4cafbad0699044b47c71a1955cb7
Source/Base Application/Inventory/Transfer/TransferExplodeBOM.Codeunit.al	119	29edb64e884b432cfe5c8fb0a8398d66066a282562379f9a36a44e40b63934fb
Source/Base Application/Inventory/Transfer/TransferHeader.Table.al	815	1218f493a6c23a498c971ce695dcb26bd597681cfe341dd50ebf6143ce760810
Source/Base Application/Inventory/Transfer/TransferLine.Table.al	1072	95215061e7292c508fccc480c6f2111a316e2a83818eb44834e3948a904e63ae
Source/Base Application/Inventory/Transfer/TransferLineReserve.Codeunit.al	648	5378ee8b2dc6a6088689827e5bf6440205151c2c16651f4219a7728db308ff40
Source/Base Application/Inventory/Transfer/TransferLines.Page.al	3	82d5ecd4a2e159d3b618979a335bd7e0e6492fe335908c55301d9f5fad45459e
Source/Base Application/Inventory/Transfer/TransferOrder.Page.al	139	c7f01e6d2203721576e4f44ecd95be822a886cc98c9c06e0f4c5f4a5992e5b8c
Source/Base Application/Inventory/Transfer/TransferOrder.Report.al	71	5b9cf42fc9900467ab49f96993438ad13445eeecafeb8adec8fb932fc1c30a04
Source/Base Application/Inventory/Transfer/TransferOrderPostPrint.Codeunit.al	82	e56c5ee53179be33b83f717a382ee088f1241d29c48b42747455cc3851dbd9dc
Source/Base Application/Inventory/Transfer/TransferOrderPostReceipt.Codeunit.al	567	855eec2640a5fa8ad7605862e52dbf3226de45db71a6a799935dfaeaf52bcbe3
Source/Base Application/Inventory/Transfer/TransferOrderPostShipment.Codeunit.al	586	4f03cfadd161bf4f08ed56286151e07a04e7935fb337165c3d94a2c01cdfa957
Source/Base Application/Inventory/Transfer/TransferOrderPostTransfer.Codeunit.al	419	73e832aa17a73eb14837dabb0abd1284ed4bfd977b3d709b7357e482383bc0da
Source/Base Application/Inventory/Transfer/TransferOrderPostYesNo.Codeunit.al	124	7b5aefe24aadbd55b76a8675890cc2453a94bbd268b4c624ad42b84ead31e5ca
Source/Base Application/Inventory/Transfer/TransferOrders.Page.al	45	3c704a4be71f62c3543debe8506cbdc258abe87a45b6a511f8192e8e9b2c9cb4
Source/Base Application/Inventory/Transfer/TransferOrderSubform.Page.al	104	6235a82b07891c809504269f7f47e4b1c6d600847f75307497d89327b3684132
Source/Base Application/Inventory/Transfer/TransferReceipt.Report.al	86	cf856ed483bc8a118d07f0ecfec7e944d311268e7991fcc455b19ad1a66a57c6
Source/Base Application/Inventory/Transfer/TransferReceiptHeader.Table.al	70	bc082a434ffaf2688a9ab21cf0df87799c21f465c2d645551d03a6709783d65d
Source/Base Application/Inventory/Transfer/TransferReceiptLine.Table.al	41	b30ff5041978aee01441a14e8858cc7f8a08373f863c40d5df57b26a1af8f655
Source/Base Application/Inventory/Transfer/TransferReceiptStatistics.Page.al	20	7d9b24741fc14e8d5e8e1831b5ae686fcae1df6db705e60f7bf2a629a26fa662
Source/Base Application/Inventory/Transfer/TransferRoute.Table.al	190	534a2a1dade3a838b97488cd0b0d1c3ebe9de75d35777eb7fa14d59477c6fc0c
Source/Base Application/Inventory/Transfer/TransferRoutes.Page.al	47	0b005e8a2823aa50e904acd4e76b0cb28cc31ae4eecf177b500e8f5e1f24873d
Source/Base Application/Inventory/Transfer/TransferRoutesMatrix.Page.al	241	e97ffcae99b090d6290f2a13fce479855e6aa67f628bc8a61dd2d08ea4255e38
Source/Base Application/Inventory/Transfer/TransferRouteSpecification.Page.al	18	ba7fb6e9dff019a8066cba9d88141fdaccb9fdebb8a61778f6074d31a8996181
Source/Base Application/Inventory/Transfer/TransferShipment.Report.al	88	b21c9ac35114f6d262deec62372e5972fce88b8724432ca013983f780b4f4b72
Source/Base Application/Inventory/Transfer/TransferShipmentHeader.Table.al	69	1edf26b19f5659a98ce4fa4b86a4959e4f783861dce02e925a5d877905997174
Source/Base Application/Inventory/Transfer/TransferShipmentLine.Table.al	40	277e3e089dd3a4c5544dc5c89c82b8482751f246094b3fbf1bdd468e795c40cd
Source/Base Application/Inventory/Transfer/TransferShipmentStatistics.Page.al	20	4fbb14b529ff84c75ef1e1b2ba72ee1f48133ecdd4f488cdf4a67dd35c3f7571
Source/Base Application/Inventory/Transfer/TransferStatistics.Page.al	21	467ceb0adbe76351086a2dc1ffb6bfe36abfafa98c960a7f9e15065203691b9f
Source/Base Application/Inventory/Transfer/TransferWarehouseMgt.Codeunit.al	204	bee5f44a2c7a832e2dc6fb2d23165c61d9c975f18981976a6fdbea41a8cf3c7b
Source/Base Application/Inventory/Transfer/TransferWhsePostShipment.Codeunit.al	263	2a27be777aac104d461f65191185560fa91ac18bf266e347431b2afcbd05414f
Source/Base Application/Inventory/Transfer/TransGetDemandToReserve.Codeunit.al	105	69b626fb48ef33ed328a1d9ebb40262ecdd670635623c13705fab1e64be94175
Source/Base Application/Inventory/Transfer/UndoTransferShipment.Codeunit.al	216	2a0d179b111e791b8380811d467e286c2aae2f39bbfc2676e27e3ca1a587f0f4
Source/Base Application/Inventory/Transfer/WhseTransferRelease.Codeunit.al	108	368d130dee91bc8150a36c7cb5d180e11fd626d503e0e792994fa4a50a8cf862
Source/Base Application/Inventory/UndoPostingManagement.Codeunit.al	828	793bb5340db13c70991687f5282e5cbf7b7d38ec8f283e5fd548da008d73e618
Source/Base Application/Invoicing/O365Activities.Page.al	239	111a88e5e721a86336a48ff6508c1488df5cdf48611c1c368b4c39721663d69d
Source/Base Application/Invoicing/O365ActivitiesDictionary.Codeunit.al	28	a824dfeea48fa91b179244639d4a8d665647e92010bb64ee3d1e7a68d3ad9d5e
Source/Base Application/Invoicing/O365BrandColor.Table.al	84	9aedd3c734bb53d8b4650ee670175fc5d1c298db46b1470ef1bb50d3c2b0b11b
Source/Base Application/Invoicing/O365BrandColors.Page.al	5	331fd2ae78313239ebf65292e520e792e8a76e860ac64d22bcc7ce5ea21e974d
Source/Base Application/Invoicing/O365DeveloperWelcome.Page.al	20	1f25a5c119a96dcb0a6b00a42591be33894524e603366c15c79903469d6b4366
Source/Base Application/Invoicing/O365DeviceSetup.Page.al	2	8dc3e1720d160d951720326a7758cbcfe6f26a9e2dc26371cefb99d211a4a87f
Source/Base Application/Invoicing/O365DeviceSetupInstructions.Table.al	7	a3df9235fe2973cefbf49efa60990ffd9f75139a391949b446cb9006af3efa13
Source/Base Application/Invoicing/O365GettingStarted.Page.al	66	5df350833204a644cfd3da6042ad7993383db1f066c11faee8cc85e9f7454a16
Source/Base Application/Invoicing/O365GettingStarted.Table.al	7	139bf38060003fe29bd9d42f329ab9ec6146f9968ac8dee26268484765e9ad55
Source/Base Application/Invoicing/O365GettingStartedDevice.Page.al	20	eed46e1d2ad8f59e72a9cc0ce5c4a57af6427a61e0a79ce53d55127dbd9a7dc8
Source/Base Application/Invoicing/O365GettingStartedPageData.Table.al	25	d9f36ac49f4b433ffc0f3198fc57a03d24d85ec2a94767606ad70fa36aa4ea5e
Source/Base Application/Invoicing/O365HTMLTemplMgt.Codeunit.al	240	26c7e60ce8a8b95741fe12300d5fabe192c86dc356c82d86f8ac03d017afb978
Source/Base Application/Invoicing/O365PaymentServiceLogo.Table.al	4	c9f98e2669d1ee837a7293fbba5259370fe1b107520cd4e961dad712c2dcaf95
Source/Base Application/Invoicing/O365SalesCancelInvoice.Codeunit.al	47	fc655414560adffacf5fc014b0b0ae2c82f0a052d7178f45f032312cfe4fee92
Source/Base Application/Invoicing/O365SalesInvoicePayment.Codeunit.al	14	0f530927690975cae3d873d5c9a264a6e1ab873eba8f9ac24aa9b7ad2a85b0a0
Source/Base Application/Invoicing/O365SetupEmail.Codeunit.al	8	1fd2a03a0e8cf99dfc635172fedfbf0473a23b8c5038cb52b2d6bcb5fdb9e33e
Source/Base Application/Invoicing/O365TourComplete.Page.al	49	6542d9389ecc2de62fd9e44a3822f15532c2fd6355605de62e0fb1c392b51730
Source/Base Application/ItemApprovalWFSetupWizard.Page.al	157	a6c8d0991ea2ba3193bbd06639c28819a46d4487b2a86afe790916ec80dc2551
Source/Base Application/JSONManagement.Codeunit.al	401	302271a00546488d64e81c938460027926633918db06dd61f91d8e0029f532fb
Source/Base Application/LatestError.Page.al	4	cac8935c5a67b19da411f7b0eb4fa94ec1be51d0f98582ea747428bd2c57d4c5
Source/Base Application/LicenseAgreement.Table.al	28	4973988dbf4a55ea8d261a70289fbde84493027923b57c8ef77e549fe0728c9e
Source/Base Application/LicenseAgreementManagement.Codeunit.al	11	6a9685b4e90093b938fdeb402f0c3d21f17f9f10afcf451acbce02d46b52df61
Source/Base Application/LogInManagement.Codeunit.al	154	a79792677f2124c77e2e4b0dedb470ec6bf0b83c150fb5002a393319e07c3533
Source/Base Application/Manufacturing/Capacity/CalendarAbsenceEntry.Table.al	60	a364dbfeb52dbe6893e1df7bb84663198e419d71d5f60ee7240589b82a1f36f3
Source/Base Application/Manufacturing/Capacity/CalendarAbsenceManagement.Codeunit.al	102	de71f38aa8f1d8f5f4e7148632482f59dc92a81ed28b932abb36927e2e84205d
Source/Base Application/Manufacturing/Capacity/CalendarEntries.Page.al	40	a0d4cc17d1eee90d112c32ce78c354aee9ec833151a818cea4cdaf58e34244ec
Source/Base Application/Manufacturing/Capacity/CalendarEntry.Table.al	138	3f221ebe1caac484de8ef8eff670c59c44ab97b51b42a65ea1e743cade0eae14
Source/Base Application/Manufacturing/Capacity/CapacityAbsence.Page.al	6	e3f17dab07cfec0755fad3ed4dbc2cf879276c24d01a7adff7b620383e8ecf81
Source/Base Application/Manufacturing/Capacity/CapacityConstrainedResource.Table.al	40	2be8fe5046fdbd398d27a9a47232344ec81fa93ead33d35827ef55b465998eef
Source/Base Application/Manufacturing/Capacity/CapacityJournal.Page.al	137	9f95b4b846b2cc33fc962448879a4336be8a7954e75ea9370692ed69a8d7d4ca
Source/Base Application/Manufacturing/Capacity/ImplementRegisteredAbsence.Report.al	20	241f760108e38da390342c3f8b612c980edbce879a4f6eb08399edabf8198a21
Source/Base Application/Manufacturing/Capacity/MfgCapacityLedgerEntries.PageExt.al	36	09121ca7e6fa3027bd9137d632d16bc97bcbfe74dddfca5114b66151533f47fd
Source/Base Application/Manufacturing/Capacity/MfgCapacityLedgerEntry.TableExt.al	6	114c3d02949feea06ae832ed2b846b5ec9a81b5f8ec1b2f3f5ab0280e4d33868
Source/Base Application/Manufacturing/Capacity/RecalculateCalendar.Report.al	27	d4f5a2f8f12871069524574a6548222b5844cd9eaf7de61e65171e65f537c575
Source/Base Application/Manufacturing/Capacity/RegisteredAbsence.Table.al	41	8120d6b1afc59b1de2777d63edb4e6d74b02a16f3a822cf3f5396b0e7d2440b0
Source/Base Application/Manufacturing/Capacity/ShopCalendar.Table.al	5	9d80f2544e245ac10dc9e824ef34c61bcc6d83a81423b4a025f0751474af4813
Source/Base Application/Manufacturing/Capacity/ShopCalendarHoliday.Table.al	27	35b839d690f9fed8f5ad6d97ccfbd8b203e436bbd8f1e770c4ec381f76c5c363
Source/Base Application/Manufacturing/Capacity/ShopCalendarManagement.Codeunit.al	123	60e006de20eb9899e5a8526c35f4af3f3a60a854c23ab1afd2c3c3daed089894
Source/Base Application/Manufacturing/Capacity/ShopCalendarWorkingDays.Table.al	50	e0eada97b749e9bfefef5059abd0be776f1ef27f4a337cab86cbccccc7481c60
Source/Base Application/Manufacturing/Comment/ManufacturingCommentLine.Table.al	8	55338525c1fd246a8e0c58f09d68869b75cde720dfb6927a7c331d23d6ead037
Source/Base Application/Manufacturing/Comment/ManufacturingCommentSheet.Page.al	2	c53b71b7851081ded4c58be6e68bc631478cffd8fa917d67c30958e250161db8
Source/Base Application/Manufacturing/Document/AvailableProdOrderComp.Page.al	86	42f4e9297b4cc8e2cbbd99fad304b88c70ca105379b111cef337b21f206d2487
Source/Base Application/Manufacturing/Document/AvailableProdOrderLines.Page.al	84	84913cdc851a1aaa3c457a7648e7dc84b7392192634fcc0ddb5cd95910d1a996
Source/Base Application/Manufacturing/Document/CalcConsumption.Report.al	166	d140a89b89e02011164602368364ab014c3fdd72ed3f3b754b4ff8b69c917e37
Source/Base Application/Manufacturing/Document/CalculateProdOrder.Codeunit.al	704	461fa68edaa43ca34e3fda2fb3aea275e39d2f7a852e32d612c662e75236d751
Source/Base Application/Manufacturing/Document/ChangeProductionOrderStatus.Page.al	95	8fad316476a18bf0472d07245d4a1e7c3b796ac3f71e91014caa7d9e6f865e6c
Source/Base Application/Manufacturing/Document/ChangeStatusonProdOrder.Page.al	56	dabe9bb9904f1d1b8c9c65bf9cb0ac0b2d14643fdc882e0b47784497e2c01a94
Source/Base Application/Manufacturing/Document/CheckProdOrderDocument.Codeunit.al	64	55e7f64481c200b6aaa6600b33f0169567d3d16c8d2a8a5aae8a2b507dde665e
Source/Base Application/Manufacturing/Document/CheckProdOrderStatus.Codeunit.al	21	ba929f01668e2c2f7ac22441d77a5a87a5f009ea3d55325e0c9a5a9b59a94935
Source/Base Application/Manufacturing/Document/CheckProdOrderStatus.Page.al	44	303362eb8e270f941fd5357249d9b95b992be9ebd0badb0a519658ea4d462878
Source/Base Application/Manufacturing/Document/CopyProductionOrderDocument.Report.al	141	bf5c19f69b54d2c8ef42386623a5d0171cf6148a47189febcca82274aac36d02
Source/Base Application/Manufacturing/Document/CreateOrderFromSales.Page.al	10	aa584380ba2bb5210e05888d0f6e9b59c27c7a068bd211c715d806cf4c004567
Source/Base Application/Manufacturing/Document/CreateProdOrderfromSale.Codeunit.al	103	9b7f2723aff3ed2c5fb90b5a640668c55bce10afcb78b62a212c1babeea6a7e6
Source/Base Application/Manufacturing/Document/CreateProdOrderLines.Codeunit.al	531	f3dce135ff3271877b8e9172890c16a516ef66d588e3b3084b4a53e1b3bb71be
Source/Base Application/Manufacturing/Document/FinishedProdOrderLines.Page.al	31	9dc2bd28bb2a6c1ac02d55066601d43cbca7b47917dece9df6e38459dd625662
Source/Base Application/Manufacturing/Document/FinishedProductionOrder.Page.al	14	3b858cbbe2d6769366688adf2f66ed163fbfb885ef5e0098512eb81d278f3779
Source/Base Application/Manufacturing/Document/FinishedProductionOrders.Page.al	17	2c8099782074ef7e81d2a2e3b62274d30b774fb383828bbe275c99904e3ecb0e
Source/Base Application/Manufacturing/Document/FirmPlannedProdOrder.Page.al	69	883dece0a18aadbac7fee444b630df45a456706a930fa9462780f3be9ab4e32a
Source/Base Application/Manufacturing/Document/FirmPlannedProdOrderLines.Page.al	115	1bfcea0eae6f5d63c932c7db4ce54eca68c7671e0e22bce39fd88eafd358c905
Source/Base Application/Manufacturing/Document/FirmPlannedProdOrders.Page.al	23	065cfcd7d89afcf3e21c5baab144cc5cb3a0c52ff6adadef97e4081215609658
Source/Base Application/Manufacturing/Document/OutputItemLabel.Report.al	19	b1dd9819f269c473244512a92b633d4f0476a92526be52d92ee6730ff9b8ba82
Source/Base Application/Manufacturing/Document/PlannedProdOrderLines.Page.al	123	b0cab1563299436ebe3d1bc9fd366057fe4816520f87d10ef051c5a873e505ac
Source/Base Application/Manufacturing/Document/PlannedProductionOrder.Page.al	86	f5bf274b693b685f0773f0fb8cce5458a3e1b06fa34d00301999a27b25af7bbe
Source/Base Application/Manufacturing/Document/PlannedProductionOrders.Page.al	11	6575e90ff5702de89c36eaf670786f86a707fb29242f2a703600efdbb069e830
Source/Base Application/Manufacturing/Document/ProdDocumentAttachmentMgt.Codeunit.al	233	1fe85a602bd556aac6d88ac0b7f7762a56b7f6829c1fadf240aea6309870f1ed
Source/Base Application/Manufacturing/Document/ProdOrderAvailabilityMgt.Codeunit.al	445	e52dc0d0d96d287aee765fbae7cb87f7ba1ffba10e632a93b432a805057b6430
Source/Base Application/Manufacturing/Document/ProdOrderBOMCmtSheet.Page.al	2	74f9fec4604e1dd2c91fb12b3385dc361c7e8102f9a55d61cdcdee3e74c116d5
Source/Base Application/Manufacturing/Document/ProdOrderCapacityNeed.Page.al	30	0884fad326cedfe2290e223532771675e366e3f30f1a415cde0c95ce1b623f72
Source/Base Application/Manufacturing/Document/ProdOrderCapacityNeed.Table.al	28	e000a341760ec7bc66c8a3d5a4d789694a86496bb965634380c256c65bda0591
Source/Base Application/Manufacturing/Document/ProdOrderChangeStatusBulk.Codeunit.al	8	3121107d7437b25d964b08046738f7c0ab6b2d5a7738e5696cc793909c913f30
Source/Base Application/Manufacturing/Document/ProdOrderCommentLine.Table.al	21	ae0b5445d690e55226ab61e500bcb36a855fb3fbe98a74c4351449ee8529ada7
Source/Base Application/Manufacturing/Document/ProdOrderCommentSheet.Page.al	2	6bca3cf609ecf03f9987cd863e74c1deeb161d205844e5b043db02cb3090aa2b
Source/Base Application/Manufacturing/Document/ProdOrderCompCmtLine.Table.al	30	21b1b6c2c6174c53b2cbb2efa8b12e1a48a6b5724c99a548f3ba2daea54ac4af
Source/Base Application/Manufacturing/Document/ProdOrderCompCmtSheet.Page.al	2	3b817d0dc721cb5fb99b8a7be2f6448c9653218539606617b287aed16d76c176
Source/Base Application/Manufacturing/Document/ProdOrderCompInvtProfile.Codeunit.al	104	3693fc6b58d5a7a1fa5ba3e10b50a51b1a40ea2ec45c2319e72d8531a66e1875
Source/Base Application/Manufacturing/Document/ProdOrderCompItemFactbox.Page.al	120	cc41e584841c4e59215c02d286ea6a4dc0f13c39e01350293af0d396bed3a34a
Source/Base Application/Manufacturing/Document/ProdOrderCompLineList.Page.al	6	5a3e2f7d287d27b219d38e725cd19b2281a6fa81dcaf15edb7ea58fb0d839da0
Source/Base Application/Manufacturing/Document/ProdOrderComponent.Table.al	1085	0bbc9e9f486ac6f204db16f29456a8faa109f2e51d65f70567fcc9dd8b3445f1
Source/Base Application/Manufacturing/Document/ProdOrderComponents.Page.al	148	b1d1ea4c47fa884dbcc99172c0c7a4d8a40c53f090d6575f5804d5fdc49b80ae
Source/Base Application/Manufacturing/Document/ProdOrderCompReserve.Codeunit.al	625	aa966ad665d649fc013c3c105068b2ae4a13779b4aa42d76359317262f73a779
Source/Base Application/Manufacturing/Document/ProdOrderJobCard.Report.al	12	77554a5f184f33915a06679b847b88f0515176f5f7725afe315f312af0e0c8d4
Source/Base Application/Manufacturing/Document/ProdOrderLine.Table.al	892	2758fa82137ca691467faa29070da569ba6b59851ec7e14656b62beb93da10c8
Source/Base Application/Manufacturing/Document/ProdOrderLineList.Page.al	23	4c04dbce840fcfea3687e8e85b4f27169c0b5b66590203d5dc6b49739a7a8dea
Source/Base Application/Manufacturing/Document/ProdOrderLinePlanning.Codeunit.al	108	066421185f361fe80661501632cd28313dc391f2cceeb93854dcdcd01e2f4ed1
Source/Base Application/Manufacturing/Document/ProdOrderLineReserve.Codeunit.al	643	99f675f3513fd89a92351deae49abe0a595806ac7ac10697d3818ec5da61395e
Source/Base Application/Manufacturing/Document/ProdOrderList.Report.al	4	2985ab9970c33fe0d2772f1767f05715c7b6015fd84bcf64c24bb6edb5401eff
Source/Base Application/Manufacturing/Document/ProdOrderMatRequisition.Report.al	25	da737b74403119381372a53b3cccbe57d1f24f74b020a67e362631517b3451bb
Source/Base Application/Manufacturing/Document/ProdOrderRouteManagement.Codeunit.al	375	e3b44e9356c0b2e9ac1e7601714bc8522a0de133b85f1ef57c56289d307e0cf4
Source/Base Application/Manufacturing/Document/ProdOrderRouting.Page.al	92	a68dac30918a564e6fc0d512de81c834b9bfa7455c4ac80f9dc5dc60c77bdfad
Source/Base Application/Manufacturing/Document/ProdOrderRoutingLine.Table.al	991	f561cc5dd170db50b9c481928bab60e10e88bf8361ad2a171b6f0ad3827e741d
Source/Base Application/Manufacturing/Document/ProdOrderRoutingLines.Page.al	31	816c64119a1fa1786b8080a35bbe67420469bcf6bfaae6b302e90ae439b32654
Source/Base Application/Manufacturing/Document/ProdOrderRoutingPersonnel.Table.al	13	f91b9587bddb82ac37b47680f34264e94f50708efd1eb8d97499ff47056cc0b3
Source/Base Application/Manufacturing/Document/ProdOrderRoutingTool.Table.al	13	5741fe7f4e3cfa67763b5d0830c32e4a42e040c8e180fac389b436205c4eae79
Source/Base Application/Manufacturing/Document/ProdOrderRtngCmtSh.Page.al	2	0dffb3f4870dff6c12d1a8b35bef38d07e4b1106a26feebdb89020ca7d40d8c9
Source/Base Application/Manufacturing/Document/ProdOrderRtngCommentLine.Table.al	24	1e9a968bb1262a7fbe21f89b76901f1562b24c86c67c6bc9cacffaf84813f740
Source/Base Application/Manufacturing/Document/ProdOrderRtngQltyMeas.Table.al	18	2cfb58338bc8c59ea6f7c18dde216bf82d22892edfb564c818ff699f55a06ee7
Source/Base Application/Manufacturing/Document/ProdOrderStatusManagement.Codeunit.al	1220	8efca42911b6d6f3642e9ab42cf00f5acab87c07f22e897108f5cac8f6e2ee1d
Source/Base Application/Manufacturing/Document/ProdOrderWarehouseMgt.Codeunit.al	789	0653b9657e268c60f14fe70474f16135c1633883a16c4d59dfb22e68d0e97e12
Source/Base Application/Manufacturing/Document/ProductionOrder.Table.al	802	fd617404c5d722a935def408e4523b3fae8b0e99fa838fc8ea1c97ab3c090694
Source/Base Application/Manufacturing/Document/ProductionOrderList.Page.al	11	97550335c4b6347b6324b78bbf02271701fa02d891bae34c1d0bd47bed886128
Source/Base Application/Manufacturing/Document/ProductionOrderStatistics.Page.al	76	6a5c52dabcd11e6c296bed4f03fc84748a14f19c92753ea2c12ea7b97eccdcaa
Source/Base Application/Manufacturing/Document/RefreshProductionOrder.Report.al	252	b2863b1c93d60c52bda8ff868b8dd1c5f70e2e6753dc878416c457a314e61a2e
Source/Base Application/Manufacturing/Document/ReleasedProdOrderLines.Page.al	141	6e6af8376a8a68a64f24f3f22e27a2c0caf412072729d5cdd2510e17893548ba
Source/Base Application/Manufacturing/Document/ReleasedProductionOrder.Page.al	119	ed18b578768caeec1bff6e98d9b72a01e2aa37e48e0e4e3ac36d18476e5dc9f5
Source/Base Application/Manufacturing/Document/ReleasedProductionOrders.Page.al	37	0d8c8dd782e03f66aeaa198cd9764936807d9d31ed6decab4102b35786c93739
Source/Base Application/Manufacturing/Document/ReplanProductionOrder.Report.al	236	5dd3366b83d6c62bce177fcb4fdf2b5a4c900da19d7d0c1778b64226df7cf841
Source/Base Application/Manufacturing/Document/SimulatedProdOrderLines.Page.al	109	99eb2d06392e95c23c4af9c3757bbcd8e4696930015e97cd0f0ebd29e2d59749
Source/Base Application/Manufacturing/Document/SimulatedProductionOrder.Page.al	56	babb18feb2db96cc3a504f3cf4b22b3946b2df3e1c7111d9451ddc283f741829
Source/Base Application/Manufacturing/Document/SimulatedProductionOrders.Page.al	12	6c5e40580b5cd8d40c71b7ee8ea7c922ee8bb5408847b4994406e3d8e05565fd
Source/Base Application/Manufacturing/Document/UpdateProdOrderCost.Codeunit.al	97	11e6e35058cd168c661a84fa10c51aa2d54c1753ad7aaf0dc9e48d1d1c01d946
Source/Base Application/Manufacturing/Document/UpdateUnitCost.Report.al	13	411e280d3803c3c428a34f5574b704c1f288ebc1d41565d060a9e9b5b5abe2a7
Source/Base Application/Manufacturing/Document/WhseOutputProdRelease.Codeunit.al	123	ba67777528cd69d1ed9bbfd9b09fa18a876de85b0f469dbb36e93e53e1e1649c
Source/Base Application/Manufacturing/Document/WhseProductionRelease.Codeunit.al	234	fea5d724b85bf53d1ffdd452d737935118eccb08701ad88709537d0caa230ddd
Source/Base Application/Manufacturing/Family/Family.Table.al	7	9db1edaaede416cc4fc9fddebe6a1f09806c2936c6d61b04b3f0baa76315881c
Source/Base Application/Manufacturing/Family/FamilyLine.Table.al	10	df1f0cd4aa5d33c8fc56a12c52e15adc0a6a05d2866333b9830f98eb2d0c3bd7
Source/Base Application/Manufacturing/Finance/Dimension/MfgDimensionManagement.Codeunit.al	20	699d47684ea19e8a978355fc92bf4351e100623afbf0bcfdfb6cf06a05d3eef1
Source/Base Application/Manufacturing/Finance/Preview/MfgPostingPreviewBinding.Codeunit.al	9	b9c3c315a33c302be8d2eb4ce5c2b05220613fc7dc20b3563a7df50fb4fb3832
Source/Base Application/Manufacturing/Finance/Preview/MfgPostingPreviewHandler.Codeunit.al	14	b36cbc083b299a8eed684e52cfe81618a08b43430aca394bb0d5744ea3c9e466
Source/Base Application/Manufacturing/Finance/Preview/MfgPostingPreviewSubscr.Codeunit.al	11	5b38d4328146f48747afdfc43dfe77fcf4d72be46b398f4d563c73197d100b02
Source/Base Application/Manufacturing/Finance/VAT/MfgVATRateChangeMgt.Codeunit.al	14	5d78b652e99150f56c4a355f59a3a9436f48a42ecf54bf188f480ea2226eee31
Source/Base Application/Manufacturing/Foundation/MfgPageManagement.Codeunit.al	14	8d80e7420eaaa5bc9e8d73a2d7ae4e0b5dbe5f15c70156c4e7842172eef4b59d
Source/Base Application/Manufacturing/Foundation/Navigate/MfgNavigateMgt.Codeunit.al	21	cd16d120a6a019a866e5a9edd7639843d1a7a5c8087560196031b2e60cf8d084
Source/Base Application/Manufacturing/Foundation/Reporting/MfgDocumentPrint.Codeunit.al	36	84936b624ad8b431fba81e5011454762108b1fc8c193578548783d59227a18e8
Source/Base Application/Manufacturing/Inventory/Availability/MfgItemAvailabilityLines.PageExt.al	4	45daae27b13b587d5009ab721b0e92344480aaca6f78c12fbc6538e657795b17
Source/Base Application/Manufacturing/Inventory/Availability/MfgItemAvailByLocationLines.PageExt.al	6	844a30a4fc2c38aebc1a803300fa2cd98c9a366ddeb17796de53f2b9418da68c
Source/Base Application/Manufacturing/Inventory/Availability/MfgItemAvailByUOMLines.PageExt.al	4	55fa77b4c338c614e1152b8f49c45a8dd97b60f1cd79f304695b22f21bdc3236
Source/Base Application/Manufacturing/Inventory/Availability/MfgItemAvailByVariantLines.PageExt.al	4	7a78dd291700f923d58a9b3ac538134574521acdff73e0612e8544be3cca5291
Source/Base Application/Manufacturing/Inventory/BOM/MfgBOMBuffer.Codeunit.al	117	75967bc877a562b9121de08ce971804404b9286c2bbcd97cdc1ba940071065d9
Source/Base Application/Manufacturing/Inventory/BOM/MfgBOMBuffer.TableExt.al	198	06f91ff18c599890b0e5f875ac40c5464649360b821ed2c8c9dd553618e92627
Source/Base Application/Manufacturing/Inventory/BOM/MfgCalculateBOMTree.Codeunit.al	195	d1e3f14a9b28b70111ce86baf5cb2d7682e24e7ef805a33f86b2233c7bb744bc
Source/Base Application/Manufacturing/Inventory/Costing/InvPostToGLSubscribers.Codeunit.al	18	c271b7c03e93fa2141ebfde8d584a185527ce006512339d481f92f031f991abf
Source/Base Application/Manufacturing/Inventory/Costing/MfgCostAdjustmentOverview.PageExt.al	13	0eca0d92448112f87cf669b0a2a3d69423657acf202a4bc208ee4b2cc313b9ed
Source/Base Application/Manufacturing/Inventory/Costing/MfgCostCalculationMgt.Codeunit.al	552	dfbaa4ab90f12536d98c56ef7ef429dd1dfffbf57a53c8ad8c8289464b6ba084
Source/Base Application/Manufacturing/Inventory/Costing/MfgDeleteItemData.Codeunit.al	6	1deb0d30b61ab53088175cb4827e43994ccac185cde21f3e55746ccda2041440
Source/Base Application/Manufacturing/Inventory/Costing/MfgInventoryAdjmtEntry.TableExt.al	21	43691ae12b3c3cfec21323b68b6324003ef4ee0286afc4fdbd4d140de5b29ac0
Source/Base Application/Manufacturing/Inventory/Costing/MfgInventoryAdjmtEntryOrder.Codeunit.al	114	5be82d273aa17e6ded651581d742566705734e0a4816c718f6292a0e23b1e972
Source/Base Application/Manufacturing/Inventory/Costing/MfgStandardCostWorksheet.PageExt.al	21	3d175b1d39d9b1302843e0e9db7518c0bd0d3da684ee6fb363a635ccbb099d18
Source/Base Application/Manufacturing/Inventory/Costing/MfgStandardCostWorksheet.TableExt.al	16	077c87ffffd7968669836f825b2f1784690832c25ad97390a51e1f0b4fa6f810
Source/Base Application/Manufacturing/Inventory/Item/MfgItem.TableExt.al	96	6aaf5fc5719eb66a63203e47f395ddc0331b4bf081cf72b8283a4ea87aa36396
Source/Base Application/Manufacturing/Inventory/Item/MfgItemCard.PageExt.al	14	14785b2a01c10c525f081f959258a01f1e7b3007cc65f1400a450f97ae10f332
Source/Base Application/Manufacturing/Inventory/Item/MfgItemIntegration.Codeunit.al	269	48264ee162c96ce79fd6a08a4b90aadf4b659a5a43701f9a2e0b906118664602
Source/Base Application/Manufacturing/Inventory/Item/MfgItemList.PageExt.al	11	a7ec7a37d7340d4cad8149350cf53ec71f7b3a73c6583dac4b855838e0f4a81e
Source/Base Application/Manufacturing/Inventory/Item/MfgItemReplenishmentFactBox.PageExt.al	10	25b702addfef588e64d6cf9b31c44e97d4795296e892c8cb6f1931cfc62a9224
Source/Base Application/Manufacturing/Inventory/Item/MfgItemSubstitution.Codeunit.al	59	4f8280a0f2b98d8f64d4a526d1bf1a2796bd0e872983b72f9956cc48afcd1a5d
Source/Base Application/Manufacturing/Inventory/Item/MfgItemTempl.TableExt.al	10	043001cf98a0938e3278299675403f4e2025be6c12175c27f37d8a076e564c28
Source/Base Application/Manufacturing/Inventory/Journal/MfgItemJnlCheckLine.Codeunit.al	173	2ebb8c2d9fe7bb31d506375ada071aef634aa6b4f78243e7423d89415fb7f6cf
Source/Base Application/Manufacturing/Inventory/Journal/MfgItemJournalErrorsMgt.Codeunit.al	18	ed89c355ace185863a7ce4da47c340f34f570d6a19815efcccc90d02ea3bb8fa
Source/Base Application/Manufacturing/Inventory/Journal/MfgItemJournalLine.TableExt.al	480	f2feac14965c3d7c30e26300d20a17e3167ef9da4cda31c4405da08bc06b2d1a
Source/Base Application/Manufacturing/Inventory/Journal/MfgItemJournalMgt.Codeunit.al	454	47c49ebb506bb25e22790b38d8b10260f3cb35ba95d81aea423f4f69c4e85da7
Source/Base Application/Manufacturing/Inventory/Ledger/MfgItemLedgerEntries.PageExt.al	19	eefffc5d3c36d53056757363e391a152c1f22130fb1b2d416f47d37a629ee4af
Source/Base Application/Manufacturing/Inventory/Ledger/MfgItemLedgerEntry.TableExt.al	10	3dfaa83882ad1f6aef02c78a02a4eab90caa2a1d51b4c55edeae23875fdf43f7
Source/Base Application/Manufacturing/Inventory/Ledger/MfgValueEntries.PageExt.al	16	6734516755adda32f46d832b9faa7524fa81275cb5ce3c18cc2a094368a893cc
Source/Base Application/Manufacturing/Inventory/Location/MfgLocation.TableExt.al	33	279798acbf787196057bc18fc72374ea18e64f18771581c031d08ad491a60c8b
Source/Base Application/Manufacturing/Inventory/Location/MfgStockkeepingUnit.TableExt.al	51	4ed7daa95ddf28a4c2e5ca40d153c0a91b9546c2e8fc063c9d07a93e57d2240a
Source/Base Application/Manufacturing/Inventory/Location/MfgStockkeepingUnitCard.PageExt.al	6	62fd60921b453f594a88757c7773d025b3c04726d0b4838d62e5550bda887f01
Source/Base Application/Manufacturing/Inventory/Location/MfgStockkeepingUnitList.PageExt.al	4	0e5a9b78954934664c7270ec0f63f8356238fe9f35e74178717c6b79c3f057c5
Source/Base Application/Manufacturing/Inventory/Planning/MfgCalcItemPlanPlanWksh.Codeunit.al	24	cdc0bdc834d709b58e4a4b8bcce3142f6f3ece2c233336cb17615585e208f99c
Source/Base Application/Manufacturing/Inventory/Planning/MfgPlanningAssignment.TableExt.al	102	820afaae5ae594af14c48d164c2cb38591b9cf757202dcaded0d40c66d8dae9b
Source/Base Application/Manufacturing/Inventory/Planning/MfgPlanningComponent.TableExt.al	146	cb354b9647a9f959ec9663a96278a6713935dcbf859401346acc3818cb812b91
Source/Base Application/Manufacturing/Inventory/Planning/MfgPlanningIntegration.Codeunit.al	64	84bb641cc33f983b896a68841a73214df0ce8791db4341f8a8508c618f46ce0f
Source/Base Application/Manufacturing/Inventory/Planning/MfgPlanningLineManagement.Codeunit.al	301	4b2c8e0e63b19266d33a9b69f7d2149a757ad0d4dd08049e8157b4e317ee65a1
Source/Base Application/Manufacturing/Inventory/Posting/MfgItemJnlPostBatch.Codeunit.al	35	90fe7889fc528864bdb1f9b2bfa0249d0e42713e6131af541c3169874bb7f01a
Source/Base Application/Manufacturing/Inventory/Posting/MfgItemJnlPostLine.Codeunit.al	800	34b32b73d0aa8e92a3d33449d418019019413b5ee9b823203c9e6c3eeec9b803
Source/Base Application/Manufacturing/Inventory/Requisition/MfgCarryOutAction.Codeunit.al	511	02973b30909e7e7b9ed9d656006191331e0c9dfc78c62f63f2c2231d12714a73
Source/Base Application/Manufacturing/Inventory/Requisition/MfgCarryOutActionPrint.Codeunit.al	29	f8d3e7c8441500c40b58bb7745213a1e9e89cd8205a9e60063ce11313c75a812
Source/Base Application/Manufacturing/Inventory/Requisition/MfgOrderPlanningMgt.Codeunit.al	36	3e7b6c79e78cca4fad0098ab0f62daa7f26b4e4865dca7fa6d16ccc5e0b10374
Source/Base Application/Manufacturing/Inventory/Requisition/MfgPlanningWorksheet.PageExt.al	2	0f639cdac2e0920983672656ae8655d6658a423f2ee5008befc37835dede8cca
Source/Base Application/Manufacturing/Inventory/Requisition/MfgRequisitionLine.Codeunit.al	167	7676f96cd777bb19f8e50f4c34e5624f95cef332e88f1d2f5250c60ba6bcdfe2
Source/Base Application/Manufacturing/Inventory/Requisition/MfgRequisitionLine.TableExt.al	282	a3673992750aa73d4700fcb516e3d8938fa0f7b197bb9fb92e203c4363912e20
Source/Base Application/Manufacturing/Inventory/Tracking/MfgGetDemandToReserve.Codeunit.al	108	9bfe8a86bd36665eb685198f874a9c6e8384641d9119fa5cced3f11fef588d1d
Source/Base Application/Manufacturing/Inventory/Tracking/MfgInvtProfileOffsetting.Codeunit.al	179	0f01704e69ee98c8b7c967f8cd51d3355827651cac5ee0124626b0ee12f1daff
Source/Base Application/Manufacturing/Inventory/Tracking/MfgItemTrackingCode.TableExt.al	18	bf7d51233b13c7f4395d5b2e284c93e147c7cd33288ca0ba9a1afc6b2efa487c
Source/Base Application/Manufacturing/Inventory/Tracking/MfgItemTrackingMgt.Codeunit.al	454	1377192f4a7375b9d38e7aed6fd4cbb919474d75f6fa971e21b0baf1ad61653a
Source/Base Application/Manufacturing/Inventory/Tracking/MfgItemTrackingNavigateMgt.Codeunit.al	44	25742dd57eed9efcd0d5d5786c1ab2de0a7202f524cd2b5ac5ca899b0b13353a
Source/Base Application/Manufacturing/Inventory/Tracking/MfgReservCheckDateConfl.Codeunit.al	54	fa474efd777b94c2c44e54fe2423cd6f9642d1a4e5873c3decfb0780b1734b99
Source/Base Application/Manufacturing/Inventory/Tracking/ProdOrdLineTrackingBuff.Table.al	9	0a5fdb0fb0467c8e19ca3229e13fab9196b46524d7e523ccaee1a81453b5e5bc
Source/Base Application/Manufacturing/Journal/ConsumptionJournal.Page.al	229	73aff305035fa5151b5ed026241b0e6549c3128a53037dd841c1815aa41e267b
Source/Base Application/Manufacturing/Journal/OutputJnlExplRoute.Codeunit.al	172	461c801af348d011549067b59b363b13738c6fcb291da80092cdf072d15ac223
Source/Base Application/Manufacturing/Journal/OutputJournal.Page.al	231	8546c6f6aa7b26ada39c7667701fba432b9d4c7803841ba1215915a9fbe759b0
Source/Base Application/Manufacturing/Journal/ProductionJournal.Page.al	413	7c68e23fb848f14ac22fb786c12e4013b49439099dd23077aac7a989bd9f3909
Source/Base Application/Manufacturing/Journal/ProductionJournalMgt.Codeunit.al	504	3c02af792c002e7ae264e62ac54ebf362cb6f1c07c9004acab9a4633ac16cabf
Source/Base Application/Manufacturing/Journal/RecurringCapacityJournal.Page.al	121	4b3139707682442ce6544761119dd8ec99427514a617a37b4bd87c47f2d63aa2
Source/Base Application/Manufacturing/Journal/RecurringConsumptionJournal.Page.al	120	41a7e618f32576ad9efa523c7ff247160f8db1938203c4b18774c628553c3daa
Source/Base Application/Manufacturing/Journal/RecurringOutputJournal.Page.al	118	a4911bc2290d477adf1f8c1f6b8f99b34d00118a2796ce15428b39fb3b15ccda
Source/Base Application/Manufacturing/Journal/SubcontractingWorksheet.Page.al	84	4173b877e3b2b0241f3cc0532e9e440b61e43936df90eb5231c8adb558711892
Source/Base Application/Manufacturing/Journal/UndoProdPostingMgmt.Codeunit.al	371	d554cf7f3090fbc36cee3b8f1c44d2cd7a90709b12c362df1591d86c1f5c2e19
Source/Base Application/Manufacturing/MachineCenter/CalcMachineCenterCalendar.Report.al	31	b7e218e88eb09719a03a0641d228fce455b83e914aaf67824fa353531ddf2476
Source/Base Application/Manufacturing/MachineCenter/MachineCenter.Table.al	257	57d8d1b1f1669fbe53089e23813cef15b0168af6233547977968fdfdc5d131ff
Source/Base Application/Manufacturing/MachineCenter/MachineCenterCalendar.Page.al	19	50c350a2fe0c9d9469c80d4ff3da4e83a4ae9fbb5f8cb9587b15143a111644ec
Source/Base Application/Manufacturing/MachineCenter/MachineCenterCalendarMatrix.Page.al	98	e48724b6044170500d1fc9d942ca499c8bd90f90142562195997a4a1cf55b184
Source/Base Application/Manufacturing/MachineCenter/MachineCenterCard.Page.al	31	a89e33032d052d993490fa262ce50e98b19b650f01705de11d9cba53632a690f
Source/Base Application/Manufacturing/MachineCenter/MachineCenterLoad.Page.al	58	d8d0042aea0135e725ef222474fbc072c7748ae3cd7b25bc511d858f384660b5
Source/Base Application/Manufacturing/MachineCenter/MachineCenterLoadLines.Page.al	49	7b8dd4c61b08465ee201e793126dee0c0ad8a0bbc4c3b440b3674b69941134ae
Source/Base Application/Manufacturing/MachineCenter/MachineCenterStatistics.Page.al	52	fbc9bb9535d23ff274db82e0aae0d003f1a15aa9545adeaddda121d55d6025dd
Source/Base Application/Manufacturing/MachineCenter/MachineCenterTaskList.Page.al	15	5b145c9cc73aef098dcc090a76cadb7aa63c167a8178e9e441b3b66314e5d623
Source/Base Application/Manufacturing/MachineCenter/RegAbsfromMachineCtr.Report.al	50	232be9212d3e039b1cb921b31df3e57de3b0a97bc72ccc46dacd6ae8aabf5471
Source/Base Application/Manufacturing/MfgCreateInventoryPutaway.Codeunit.al	183	97d30d25dd91ae6eef21aa328628a046d11ab290d413d3107b5760ec8670cc59
Source/Base Application/Manufacturing/MfgExperienceTier.Codeunit.al	105	26bd97594e628561df243a74523f09324260d3d398ba380de14871f62d163091
Source/Base Application/Manufacturing/Planning/CalculatePlanningRouteLine.Codeunit.al	1230	a9c42ce3b1e3e9119d02539854162264024abc364e1ff1767c864842845d72a2
Source/Base Application/Manufacturing/Planning/CalculateSubcontracts.Report.al	225	881b446c796a52f12983a0e1fda8e93a27cf26cff1d531eebea5f2ec3a28c33e
Source/Base Application/Manufacturing/Posting/MfgPurchPost.Codeunit.al	38	f6ce851b51760bc25ebf25c2b0c0c59a79215534b9625c90fcca235e21970e21
Source/Base Application/Manufacturing/ProductionBOM/BOMMatrixManagement.Codeunit.al	126	f3e50995d802792a1572271939715445fef0882dda5826b91cc462131ad673a2
Source/Base Application/Manufacturing/ProductionBOM/CalculateLowLevelCode.Codeunit.al	173	150b624648443e193a7405440e00946940d9d197be286e1124838bc8ac916c06
Source/Base Application/Manufacturing/ProductionBOM/CalculateLowLevelCode.Report.al	2	dca6a7a77423b8cceb4386db8eab6f536be7594f833413fb0d4f45b85955443c
Source/Base Application/Manufacturing/ProductionBOM/DeleteExpiredComponents.Report.al	11	e3b696b08625f849ee8f35eab97b1ab41c692882fb17aad554a39d1e4a592346
Source/Base Application/Manufacturing/ProductionBOM/ExchangeProductionBOMItem.Report.al	338	8a1f6bbb26cf7dfd7a8730bf6cf3c2fb506d155b4cad609ffb7d1fd00e3f2fa1
Source/Base Application/Manufacturing/ProductionBOM/LowLevelCodeCalculator.Codeunit.al	182	eff2e5a80a163d0c6ad6f901a999003e92de79164ed77f3ab313eeae8a10f3f1
Source/Base Application/Manufacturing/ProductionBOM/ProdBOMMatperVerMatrix.Page.al	169	7e42968d6ba23f616ae0052223ac433e4c9f4e95d96b6161f34e6d27bd640303
Source/Base Application/Manufacturing/ProductionBOM/ProdBOMMatrixperVersion.Page.al	44	2a1cd7744e426bb683098fe5f0ffb35d6a2972fbc9fdb09f6dac618fd03047d0
Source/Base Application/Manufacturing/ProductionBOM/ProdBOMVersionComparison.Page.al	199	0997e7c2b4564d09fdd68d0cde53e870d98763951f5620222e9a9fe85caebc9f
Source/Base Application/Manufacturing/ProductionBOM/ProdBOMVersionList.Page.al	4	d9e6576164d15e8b9e28c21715accc746b9a7a7879a3a770e59b35d592f03d22
Source/Base Application/Manufacturing/ProductionBOM/ProdBOMWhereUsed.Page.al	44	a9a3e0fe60e1264052c03e2447f078a3d106b548179eed214665845bca256e1e
Source/Base Application/Manufacturing/ProductionBOM/ProductionBOM.Page.al	60	e372d912cf8b94823bd65b98cfe86ecd8a50cda49ad7b0cf2d713d6537eab1e5
Source/Base Application/Manufacturing/ProductionBOM/ProductionBOMCheck.Codeunit.al	143	75aad2f5c2ead3493253c45f180b48b9a90ae0b30c624c63fd20642642f7c2ec
Source/Base Application/Manufacturing/ProductionBOM/ProductionBOMCommentLine.Table.al	13	4871c952dda5bc7a428f07c3b5e94b31fbe75c0efa452d069421c2ed07ecfc30
Source/Base Application/Manufacturing/ProductionBOM/ProductionBOMCopy.Codeunit.al	67	b8c784909d0b070b4ba42693ca3aa49db3c866b8ec2adbdcb228e3eb865dc536
Source/Base Application/Manufacturing/ProductionBOM/ProductionBOMHeader.Table.al	104	32092a85e821e50a50eb76966c926c4aea1229b5bde6a1d6c9d394dcb4acd7d5
Source/Base Application/Manufacturing/ProductionBOM/ProductionBOMLine.Table.al	207	6ba6e28c7720590667482fd915e2f37c31f41cc76b8b867076e0037603a313a4
Source/Base Application/Manufacturing/ProductionBOM/ProductionBOMLines.Page.al	53	ec6e6d93b4624b2d6fbec27740d06cad25bbec60fa0238190145c1f91a919643
Source/Base Application/Manufacturing/ProductionBOM/ProductionBOMList.Page.al	10	93bb97eb99281f421a5390979b91bcc2f06cd81b69fb8d9617b778fefec869a5
Source/Base Application/Manufacturing/ProductionBOM/ProductionBOMVersion.Page.al	30	77d5153f2e6fd7aed0a8124e1081b61c8896c54efede47be8abef2b30d14ef18
Source/Base Application/Manufacturing/ProductionBOM/ProductionBOMVersion.Table.al	74	e32bb6a03028b3e03e7a621caa7a6b4fcdca48edbef72ccfd48aef60f8faea34
Source/Base Application/Manufacturing/ProductionBOM/ProductionBOMVersionLines.Page.al	28	3e23865a325ef266daabef38ad6f6b43ae42001287fc5412b24a248f6fb578b3
Source/Base Application/Manufacturing/ProductionBOM/VersionManagement.Codeunit.al	51	6d45de157b3aff2075e25831b280036405070f734608c0a15b8a1e47d60b92d2
Source/Base Application/Manufacturing/ProductionBOM/WhereUsedManagement.Codeunit.al	111	8b78aa2e754d921597aea40eee2b2afc548133a49efaf1a780cede899922a615
Source/Base Application/Manufacturing/Purchases/Document/MfgPurchaseDocumentMgt.Codeunit.al	77	22338ab2ba7575f67f3ed14861e3d55063abde74d5c7cfe950c15cbeaee66bcd
Source/Base Application/Manufacturing/Purchases/Document/MfgPurchaseLine.TableExt.al	94	edbf3d7e52d225a3576b2df49bb8a3a7b045a8c15f0f7a784b67a71be7b82015
Source/Base Application/Manufacturing/Purchases/History/MfgUndoPurchRcptLine.Codeunit.al	116	9064dc7d91769889992a21964dabf40f8a95be98186b2d67e25b7f761f6feb02
Source/Base Application/Manufacturing/Reports/CapacityTaskList.Report.al	36	dad3337174a41058a6a0843e283c357d7b902d9e10887270db2e1b6da89893e5
Source/Base Application/Manufacturing/Reports/CompareProductionCostShares.Report.al	57	a69e2a864fc62dbefb7d16fd4d34a9552db094488e73cf1f40f98ac5b74be068
Source/Base Application/Manufacturing/Reports/CostSharesBreakdown.Report.al	523	c3f0ba77dbd2d15cf4dab23ba64ef7e89ae5e4221cd8d69e9382929e2988b491
Source/Base Application/Manufacturing/Reports/DetailedCalculation.Report.al	107	b826e002b2740792bbe1532a852ea46fccf75e52fc39af9ef71e9afc3cc0ac7a
Source/Base Application/Manufacturing/Reports/InventoryValuationWIP.Report.al	307	43da6e0564e7878b614a0bc682396b77084e9ec39c9a94bbf9aeda22c47ece63
Source/Base Application/Manufacturing/Reports/ProdOrderCompandRouting.Report.al	3	34409477dba1adb9966c12228ef803197278ce93da6f81d78c6f72b80b8ff06e
Source/Base Application/Manufacturing/Reports/ProdOrderDetailedCalc.Report.al	2	8d4288b9a469747ed74add94b176f5eff76ca04758fa6f31dea73a9515b2bc6f
Source/Base Application/Manufacturing/Reports/ProdOrderPickingList.Report.al	10	2d43ea9f9c2b0aa5f25d5c4218ab48cc91c6d8f88593d22595e03dac7b3aeb7e
Source/Base Application/Manufacturing/Reports/ProdOrderPrecalcTime.Report.al	13	7131c50b8f30bba1d687220dc76217591d63fc4cef19e5a26406d7dbc80b5e17
Source/Base Application/Manufacturing/Reports/ProdOrderRoutingList.Report.al	2	eff21b38698f7708d50cfd68159e65fb842c66883de5562262d9b3326a8cc23c
Source/Base Application/Manufacturing/Reports/ProdOrderShortageList.Report.al	103	f2d19759285164cda8c4bbb3b50eb0b6beb74e387f532c98b59a471f60186005
Source/Base Application/Manufacturing/Reports/ProductionOrderStatistics.Report.al	44	87bef5e7580b4bea8c46abac36afb14612a43950a6e21a84742bbd5a441d68cd
Source/Base Application/Manufacturing/Reports/QuantityExplosionofBOM.Report.al	93	1527926a4687e5d5f8362e259d45e93985288a4658f47f17d138a32280f59999
Source/Base Application/Manufacturing/Reports/RolledupCostShares.Report.al	126	74fb26cff237a71f61f02436f6a5a1827d5b479348f697e23d1b9bd3b1bab9e7
Source/Base Application/Manufacturing/Reports/RoutingSheet.Report.al	60	ffd68dfcea478842680071bae76e2f3c77216ab962d645fb1cc1ad4561f139a4
Source/Base Application/Manufacturing/Reports/SinglelevelCostShares.Report.al	2	c84cb8cac72b866cdacecefa68426ac2e14a6af374cb5f19872cd78ec0900f0c
Source/Base Application/Manufacturing/Reports/SubcontractorDispatchList.Report.al	29	cc6e9263a6d9f43617b5f2d8bf27c789608e10b89166d498b7369555609c8c54
Source/Base Application/Manufacturing/Reports/WhereUsedTopLevel.Report.al	23	469b92d0103aa4a69fb1a1eed716077066afc3e0a3567ce69df5f56549505cd0
Source/Base Application/Manufacturing/Reports/WorkMachineCenterLoad.Report.al	104	2db83ca79b9f659b70de3c2db762ef1c69f2cd5eb6d406b8dcbb67922cadfde5
Source/Base Application/Manufacturing/RoleCenters/MachineOperatorActivities.Page.al	8	56426e6badd7905d75f7f5f3ff519f985c61c75f9d1a337d215b6a54e191eea0
Source/Base Application/Manufacturing/RoleCenters/ProductionPlannerActivities.Page.al	12	78e5230fda9302626996909cc36ed018deefb391f56a8891804e2df4cc0ece21
Source/Base Application/Manufacturing/RoleCenters/ShopSuperbasicActivities.Page.al	7	761bfaf71b5a4651404c048895f124f558503b60658043ac5110edaf60bc6161
Source/Base Application/Manufacturing/RoleCenters/ShopSupervisorActivities.Page.al	7	f530216abaa09a77a42a288382632e64a335e1e0c9433b698e4bb97d33610516
Source/Base Application/Manufacturing/Routing/CalculateRoutingLine.Codeunit.al	1769	0dee7d4dbbf266d2ce94a3a01e7b78a225b6f7515a98e883e374c8811ec760fa
Source/Base Application/Manufacturing/Routing/CheckRoutingLines.Codeunit.al	335	d46eda8561d9c80bc8ac5c82d6d9a2501b360b0a5e40ce32d01e1f5f3744f235
Source/Base Application/Manufacturing/Routing/PlanningRouting.Page.al	23	40d5f8af34c05565800b008df3c05b8875b6f76fc291b55b92ce8cfcbd1d8056
Source/Base Application/Manufacturing/Routing/PlanningRoutingLine.Table.al	439	818f4240b063908bb8aa2226469b2c8cc355cf781ce3fa6461f9529f833ea1ab
Source/Base Application/Manufacturing/Routing/PlanningRoutingManagement.Codeunit.al	375	6f89fb9944b1f239f2023a858c458c3744c688c5c3887f6310c30c896c5cc8bf
Source/Base Application/Manufacturing/Routing/Routing.Page.al	56	a08184d5bc556c8dfb59df5afb2d2ef1d35b6d1b874acfd3afc1a041ee95aa34
Source/Base Application/Manufacturing/Routing/RoutingCommentLine.Table.al	15	b458a6e446194aefe5d7174436968785a034d4263b704cc6b17a4e71402c1b82
Source/Base Application/Manufacturing/Routing/RoutingCommentSheet.Page.al	2	5a6976e8880948499bed9c4a3a611fcc31076b607d5e55c594898d1e5b36df70
Source/Base Application/Manufacturing/Routing/RoutingHeader.Table.al	62	55b2b4b6225f71efcaadade0c2794be0b9a046adfe9dcfcc408c9964f7754c04
Source/Base Application/Manufacturing/Routing/RoutingLine.Table.al	230	60c3a95e3700a2633a8709b8271126c6cc9d7bb8041ff5df8a4cb1a52c39219e
Source/Base Application/Manufacturing/Routing/RoutingLineCopyLines.Codeunit.al	76	0822afae824f8c9af05dfb7e434f3cc32489f1dfdff1baf560658600bf402cd6
Source/Base Application/Manufacturing/Routing/RoutingLines.Page.al	41	a869899d99254c7fb316e594fdb5c0f46c75acd122c3dd882bc7d5b9005ae92f
Source/Base Application/Manufacturing/Routing/RoutingPersonnel.Table.al	6	e47f64900a3169ea9837b93315d42a43072464bd4e96834638f4ff830350cbdd
Source/Base Application/Manufacturing/Routing/RoutingQualityMeasure.Table.al	11	8ffe0c73e53e1c6ac5e781c698e81ea75cca76747c8abf3c556d5e6075649229
Source/Base Application/Manufacturing/Routing/RoutingTool.Table.al	6	d3ba75ad18f70836f5f6cd57db645f5ffd04167f0223d6014a058e40037310b4
Source/Base Application/Manufacturing/Routing/RoutingVersion.Page.al	23	1c873fe007c733160945fc288f7b0818ef9e39bdbf622b8762ebc8dd141e9799
Source/Base Application/Manufacturing/Routing/RoutingVersion.Table.al	66	fac7243c798999fe6f8c4c4996055e7009f66775c6cd29f61eb1a0d22cee4b04
Source/Base Application/Manufacturing/Routing/RoutingVersionLines.Page.al	32	19b32ddd279ad7883a66063ea5780666aa51401dd90e306fe8d3e6d069020378
Source/Base Application/Manufacturing/Routing/StandardTask.Table.al	9	ada97115ce858d73ee67ed802097c75a548adf9ece707c35ac5030418b72522c
Source/Base Application/Manufacturing/Routing/StandardTaskQualityMeasure.Table.al	5	c4eb062bd5bdf1a0c485574cbd4a68cead0ffe8188127a0ea61b11ca0989f351
Source/Base Application/Manufacturing/Routing/StandardTasks.Page.al	3	444af392af10db7b719eb1feb8434a0b44721f4de31a5ac6bc090601f1995cbf
Source/Base Application/Manufacturing/Sales/Document/MfgSalesOrderPlanning.Codeunit.al	9	33898be9f4bbe3305a4991025960b9aa9e6cd0f46014cf7e58bd5e7590793748
Source/Base Application/Manufacturing/Sales/Document/MfgSalesOrderPlanning.PageExt.al	66	d8a6effe54b5e385a6234784720a074cf26763c4d27bf4aac98be3adff52f38f
Source/Base Application/Manufacturing/Setup/ManufacturingSetup.Page.al	7	40a0eae67529e3a3abe74c1f64e69c938fa935fa11fc47a2ab12da8ce31a150e
Source/Base Application/Manufacturing/Setup/ManufacturingSetup.Table.al	38	25f090fdcfb32d09b9e790a89a33f496bfff20d3811254146810143d3ba75877
Source/Base Application/Manufacturing/Setup/ManufacturingSetupNotif.Codeunit.al	15	3087830822dee69e541d7d08f8bd7af9e122d387de05b6bd02c852200798738b
Source/Base Application/Manufacturing/Setup/ManufDataClassification.Codeunit.al	116	5b088fe97a10da315d381187dbefa282b0c3835285912c3ab8b660c2322c7cc5
Source/Base Application/Manufacturing/Setup/ManuPrintReport.Codeunit.al	10	0b4ce7e9aae4025d58c8c1a28fb3349f72dc6fccd04baf1557fe31bb67bbcb26
Source/Base Application/Manufacturing/Setup/MfgCompanyInitialize.Codeunit.al	10	56cedf6d81a71d2b71e174fc7ab1af3bcc7776017e3edf3cfaa82f088a401060
Source/Base Application/Manufacturing/Setup/QualityMeasure.Table.al	7	f9554c4c3d46113834ff239fd3859b9f0512bfc3da9ab0853422f56bf5f0b78d
Source/Base Application/Manufacturing/Setup/ReportSelectionProdOrder.Page.al	41	bafa363e638866c31b125492e2f87c3e0b500ff02c6d6f81b73d17904f240024
Source/Base Application/Manufacturing/StandardCost/CalculateStandardCost.Codeunit.al	932	48a64531781c9187eb154f21cf5f33923fe50e51064c082e249b539c4c0474ae
Source/Base Application/Manufacturing/StandardCost/CopyStandardCostWorksheet.Report.al	39	7a9b7e2a960f27e2efdd1ed76fb1d317087226a202669321d86ea11277ac1a8d
Source/Base Application/Manufacturing/StandardCost/ImplementStandardCostChange.Report.al	268	fe6474ec53b58542bf2bceb288d34a04a858ab6ffec008f7cf31e5f799a88dd8
Source/Base Application/Manufacturing/StandardCost/RollUpStandardCost.Report.al	66	22c8a81264c01fe390acf72bbe23d81112df9395c3d82d35be6c334f895b8601
Source/Base Application/Manufacturing/StandardCost/SuggestCapacityStandardCost.Report.al	103	f973ea2a78f20a4a95639249a2b44eb64e419e60b71378b28f9b166eae7fd0e9
Source/Base Application/Manufacturing/StandardCost/SuggestItemStandardCost.Report.al	77	56e3b7ca67183702cd02a5ff3021514e4fb05d4f7913b0055e552695e0623ff8
Source/Base Application/Manufacturing/System/RapidStart/MfgConfigManagement.Codeunit.al	17	e3f232b1515070cc4f13a2b720be68ae3a495d0e8fd69682730b6d2b3b1be244
Source/Base Application/Manufacturing/Upgrade/MfgUpgradeBaseApp.Codeunit.al	4	189036256741ca9e43270beb9d1350542db53663ab84f520781d4e4374b30603
Source/Base Application/Manufacturing/Upgrade/UpgDefaultCalcBasedOn.Codeunit.al	9	d0751564914e2bbc88c67b15ce93926f249b3be12425c3f62528d059f85ff475
Source/Base Application/Manufacturing/Warehouse/Activity/MfgCreateInvtPickMovement.Codeunit.al	98	9875eff9d256a0de2182653ded8829af63072b4b7e2acb22f28e97b3b29ccaba
Source/Base Application/Manufacturing/Warehouse/Activity/MfgCreatePick.Codeunit.al	54	fcf34f30521044c8f490dce30ce18c1c6627a672563964ceedf2754867d5be43
Source/Base Application/Manufacturing/Warehouse/Activity/MfgCreatePutaway.Codeunit.al	839	5ed2fd420b556e7d35267c6c4f3ddb3e4ccaaf838652c04e93ac15aafa2dad56
Source/Base Application/Manufacturing/Warehouse/Activity/MfgPutAwayHelper.Codeunit.al	47	bec7cfed650fe33abd644696a403a89bbc44762a99df0768114aa4b90994d970
Source/Base Application/Manufacturing/Warehouse/Activity/MfgWarehouseActivityLine.TableExt.al	5	79e95e1420252c95a35f04ac2bb99c51a97fcd44f6da4e28c0e12ee0124f4766
Source/Base Application/Manufacturing/Warehouse/Activity/MfgWhseActivityPost.Codeunit.al	150	62ed783303247853126772cda59d73158a38fcb472466c182abf63913d46150d
Source/Base Application/Manufacturing/Warehouse/Activity/MfgWhseActivityRegister.Codeunit.al	147	3e3e408796d7d652fa9b1ecb93c90c677939535842060bf9b22c0800839b3674
Source/Base Application/Manufacturing/Warehouse/Activity/MfgWhseWorksheetLine.Codeunit.al	10	c0ea534cfd508cd86d6b0107a3020936d820ee7a9f292201281b3c0d62ad7242
Source/Base Application/Manufacturing/Warehouse/Request/MfgWhseSourceCreateDocument.Codeunit.al	39	92edf27d4ffe018eaea686a7f12af6791a2b71a5c7f6cee0236f90a6d94f8d83
Source/Base Application/Manufacturing/Warehouse/Worksheet/CreateProdMovementWksht.Codeunit.al	117	b0563e43d176b2d65c6207a38505f80d1b619f7bc89f3ccf37190e15f698b70e
Source/Base Application/Manufacturing/Warehouse/Worksheet/MfgMovementWorksheet.PageExt.al	4	c8afe87c89b253f795617dcd9afb920c5f2e7a5f13b54895b3ba60228f99b222
Source/Base Application/Manufacturing/Warehouse/Worksheet/ReturnOverPickedQuantity.Page.al	33	e5c6ba6662c3326f5859d5f3d418f22ffe313891dfe4e2edf366999e6708f85a
Source/Base Application/Manufacturing/WorkCenter/CalculateWorkCenterCalendar.Report.al	94	91f78bbe0242b03f39393f53fc7d07a4cf08ae6045089e325526c6384f6841be
Source/Base Application/Manufacturing/WorkCenter/RegAbsfromWorkCenter.Report.al	50	459bd973907939263c917e3528275c348b2f38e1a4fe1b8043e6dc75a2c3bd75
Source/Base Application/Manufacturing/WorkCenter/WorkCenter.Table.al	299	13cbb09d3b2187f4932f21ce9619b96d3490eb5b3c8d7b3fef2067b91f317952
Source/Base Application/Manufacturing/WorkCenter/WorkCenterCalendar.Page.al	19	285378c9e7dcdfd48c0dd6e9d2eda3646d25fb8ab4a48c4850db88d2033a2279
Source/Base Application/Manufacturing/WorkCenter/WorkCenterCalendarMatrix.Page.al	98	13ab8f01a26fc58106c1b368c32157c0ef8ad60ab97c02f0be358733190ad522
Source/Base Application/Manufacturing/WorkCenter/WorkCenterCard.Page.al	25	b16e5e1b6db05a5734ba38c431c74eb65bf0e4051ba1be37bdc71003054ef562
Source/Base Application/Manufacturing/WorkCenter/WorkCenterGroupLoad.Page.al	60	deb1f95033afcd82d7a3588851844c9eb8cb9dad5335121fff72cdf5e1f759d8
Source/Base Application/Manufacturing/WorkCenter/WorkCenterGroupLoadLines.Page.al	68	7c1ae7846bb38f6501d94f0a4c3e58560b9532538d2ff64790027b6e70579cca
Source/Base Application/Manufacturing/WorkCenter/WorkCenterList.Page.al	7	4b17c78ca708b5f8b2d24d730ad1e7d192ee6836a12cdeb77f317f81261f1d6d
Source/Base Application/Manufacturing/WorkCenter/WorkCenterLoad.Page.al	58	da3237b661e6b86325d4701c08d87fc657062a71423fd03efb73e74cb604eca1
Source/Base Application/Manufacturing/WorkCenter/WorkCenterLoadLines.Page.al	53	e99f83fba5da85a435c0ab46dfff7b5555e66ec9a24121bd6b89dfc240b2eb21
Source/Base Application/Manufacturing/WorkCenter/WorkCenterStatistics.Page.al	34	969c65ebfda3b21ccdbb1267e1960c6ad9e58ddaa8318feffa366ffe12d5c59f
Source/Base Application/Manufacturing/WorkCenter/WorkCenterTaskList.Page.al	15	de0900025a895e2bf14fe68315d019b898b35fa1562e5c8915e803e782664b04
Source/Base Application/Manufacturing/WorkCenter/WorkCtrGroupCalendar.Page.al	22	b665530c73dc2d680ec62d5f457ef36ff83968cf4f6e425a1997a09b5c24a447
Source/Base Application/Manufacturing/WorkCenter/WorkCtrGrpCalendarMatrix.Page.al	112	f4c90b903b9446224232e6dd88f6c5427aae8331968b93662fe09e47ec68450d
Source/Base Application/Modules/Foundation/Comments/CommentLine.Table.al	18	d54ebc800f9bd1bab66e6794ff4ef31b60c5e6d76a69cd93fd634542defe6d8a
Source/Base Application/Modules/Foundation/Comments/CommentSheet.Page.al	2	242a2e9d37cdf1d6b32e897893cc557e433909128456fb72f806b6d27808e5c6
Source/Base Application/Modules/Foundation/UserTask/UserTask.Table.al	190	00affdadc94b9692974526078c462e83b0858e4dc4e1543855ace073d40e0baa
Source/Base Application/Modules/Foundation/UserTask/UserTaskCard.Page.al	111	b444263d8cedea801fc3967151bf0e9bc3f8095196c24acee3cd15f698be0af6
Source/Base Application/Modules/Foundation/UserTask/UserTaskGroup.Table.al	6	adb1241e98f0be1b5fa13be545ae977dcf775ec16f0fbd58f5c001e3bfeda941
Source/Base Application/Modules/Foundation/UserTask/UserTaskGroupMembers.Page.al	11	374a869483b0771440a70a55fe93f7f2eb41cc29bda8ebe870b7e01d182c8720
Source/Base Application/Modules/Foundation/UserTask/UserTaskList.Page.al	35	43a847db0a53ff27bae04f36b9dbbcf2d0446f0c98309194510d9eced1593bac
Source/Base Application/Modules/Foundation/UserTask/UserTaskListPart.Page.al	28	7916a0ee21f363addc395e16c741909b8eb07c8fa55afc2b63f112e26b1610ba
Source/Base Application/Modules/Foundation/UserTask/UserTaskManagement.Codeunit.al	86	b20f6dfb235d04cd9c0bc88d5d856420c22dd4b5f93c3a63b0666ed60b0bfb12
Source/Base Application/Modules/Foundation/UserTask/UserTaskRecurrence.Page.al	10	138a7662f2abcd2e261c6fd52091963230b242aa4c7754ea8ee1c7697519818e
Source/Base Application/Modules/Foundation/UserTask/UserTasksActivities.Page.al	3	55823f58b81714440f692b2a88322bc955ee3682b7fb93b10f5f551ffe112542
Source/Base Application/Modules/Foundation/UserTask/UserTaskUtility.Report.al	9	5a2737684fca07548603e99c06f793b51be73900058f2c3c1eff34ada79cb34f
Source/Base Application/Modules/System/ApplicationArea/ApplicationArea.Page.al	14	286716d85a5e21b5fc68852e2cc87c91078d103e488832f9b87e50cbee9f4430
Source/Base Application/Modules/System/ApplicationArea/ApplicationAreaBuffer.Table.al	16	819379a3f51fc4e05f07cc3a1995185845903d945b14e9aae6cf5e99bbe0a311
Source/Base Application/Modules/System/ApplicationArea/ApplicationAreaCache.Codeunit.al	74	18fa5a06f1a7e25daf5db53a75e9c71fe04a20f0a71602976f865485e076a7ea
Source/Base Application/Modules/System/ApplicationArea/ApplicationAreaMgmt.Codeunit.al	490	d2af6671b6869cfcdb14133bbb43cb18764116ca99e24723c79f03dd0096251b
Source/Base Application/Modules/System/ApplicationArea/ApplicationAreaMgmtFacade.Codeunit.al	124	af09ce9bfe95718b17c1116029554a980dd2d33e42387707c1f9e4f830af127b
Source/Base Application/Modules/System/ApplicationArea/ExperienceTiers.Page.al	3	d121c550dd4d4326fd6adb794171e406b47177f3f5cc2e8784c03386481dfafa
Source/Base Application/Modules/System/AzureADAuthentication/AzureADAccessDialog.Page.al	32	f9d0f4af3c3841ed0239bb0bbb2870a744e074ae1cce18ae6cac897475b0b878
Source/Base Application/Modules/System/AzureADAuthentication/AzureADAppSetup.Table.al	19	096d008850b4a62eae0b0df30935cf365fc67ecf00dc1b8e8457419d12ca6682
Source/Base Application/Modules/System/AzureADAuthentication/AzureADAppSetupPart.Page.al	30	e0464423fc64071c846963b985e53d3e37061b6ff547b904a09a3902e1de8483
Source/Base Application/Modules/System/AzureADAuthentication/AzureADAppSetupWizard.Page.al	83	66876a2fa1c95d46d279fa936a17da1a67a9d31e89ed01aee081a74fab82beef
Source/Base Application/Modules/System/AzureADAuthentication/AzureADAuthFlow.Codeunit.al	109	5c6068acb3f5e2528ed36ecf225793b7e6a8a85b250a7c26b472a07ca1740268
Source/Base Application/Modules/System/AzureADAuthentication/AzureADMgt.Codeunit.al	135	c344ef85b51a6f106f5179b61213d5616ab3afb0d11948096e73be6aeeba1974
Source/Base Application/Modules/System/AzureADAuthentication/AzureADMgtSetup.Table.al	10	162458d1f5dacea91baf0076805c607f0aef712f0cdd9186ce21b07a728622c3
Source/Base Application/Modules/System/DatabaseInformation/DatabaseLocks.Page.al	3	676649ac1a647089d240a6434421760de6dbc556b5cb4c7e8dfca2af3e1beeba
Source/Base Application/Modules/System/DatabaseInformation/EmitDatabaseWaitStatistics.codeunit.al	2	2c4d8ebc076a0ab8a5c4c4b68e2dbbbc92d4bc52a368afa2ae4910f7ca0bcc15
Source/Base Application/Modules/System/DateAndTime/DateLookup.Page.al	9	932d45df813c49b45fb2b4ad30ad1f5f9f7eb24fab7131be252730d967c4854c
Source/Base Application/Modules/System/DesignerDiagnostics/DesignerDiagnostic.Table.al	6	9c09cf616992d65b018ec674c66e31dbc88f98ca6f987d3a716d430da0ed8c7f
Source/Base Application/Modules/System/DesignerDiagnostics/DesignerDiagnosticsListPart.Page.al	12	ae36b391060540da7ff569fcd9c05ca0ef341a51ac1c6fa8a5aca25de611b491
Source/Base Application/Modules/System/DevTools/CodeCoverage/CodeCoverage.Page.al	99	522d6cf071603bb5a518968029676ad5b367fdf9fa12f81bf155ed2489f437fe
Source/Base Application/Modules/System/DevTools/CodeCoverage/CodeCoverageALObject.Page.al	3	6b11075406a734800b495ba734c93d3ff360447bcd0adf5b7bac0a88cf63d5d4
Source/Base Application/Modules/System/DevTools/CodeCoverage/CodeCoverageMgt.Codeunit.al	159	cfaefd0a40518037cf23a0a5e3e70d8ddae0b5bfac74b0dd7b82b7ec99cb036a
Source/Base Application/Modules/System/DevTools/CodeCoverage/CodeCoverageSetup.Page.al	34	39c0956ad38a3e1b04dc963fe11188bd4a72cdf727362dcbae2e2bc2a8711798
Source/Base Application/Modules/System/DotNetWrappers/DotNetArray.Codeunit.al	29	126e6fc27b45061b59879957d0c86f45037c47ef36407c8cc2e19659e86a1ccc
Source/Base Application/Modules/System/DotNetWrappers/DotNetAsymmetricAlgorithm.Codeunit.al	7	356814e095f255f39f89fcecef70e2e6dbb6cb71b4ce8b20f75296933576cab6
Source/Base Application/Modules/System/DotNetWrappers/DotNetBinaryReader.Codeunit.al	38	2b60f394ab2b8463cd7acda9fbde38349fee06692f85dfeb0cd2237c2b1e2f7a
Source/Base Application/Modules/System/DotNetWrappers/DotNetBinaryWriter.Codeunit.al	38	b639df97ff7886a2e3979bfe37fc3e87c557957ea0f8e9b1b1f831c61fded833
Source/Base Application/Modules/System/DotNetWrappers/DotNetBuffer.Codeunit.al	15	872769bd92420b5301cdb922ef69d0aa325d9c4af79b885dc29855bd68730233
Source/Base Application/Modules/System/DotNetWrappers/DotNetCultureInfo.Codeunit.al	20	9ddb8821f07b7481db6c23d71ca05f68918dbd7b434382dd58e13bd45b7b726a
Source/Base Application/Modules/System/DotNetWrappers/DotNetDateTime.Codeunit.al	53	f08849e59cf9d21bb8612943b449e86a8dcf3b1259c73aaf1fd71913eb144f54
Source/Base Application/Modules/System/DotNetWrappers/DotNetDateTimeFormatInfo.Codeunit.al	4	07759f91558b012aa744b555cfc6a49ee5d21b5ef8a1227257ea5bcb868f4cbf
Source/Base Application/Modules/System/DotNetWrappers/DotNetDateTimeOffset.Codeunit.al	12	4b8322733fa86a0f30c62401e79e6c190f845909e91ef0717c17c0a52edb5c0c
Source/Base Application/Modules/System/DotNetWrappers/DotNetDateTimeStyles.Codeunit.al	6	d1bf4f7f9bb641bb4868cad0ce44eedc7c9e17e04a10d2a41653ca5b571497f7
Source/Base Application/Modules/System/DotNetWrappers/DotNetEncoding.Codeunit.al	34	e29ff62c360076c6854b1fe455089d88bd63351a1da689aa4cc25824fe4c5101
Source/Base Application/Modules/System/DotNetWrappers/DotNetHybridDeployment.Codeunit.al	45	0ce14e4d7ea6a681b9baf4147eae7190c58c18a4862e515317530af4a8275619
Source/Base Application/Modules/System/DotNetWrappers/DotNetMemoryStream.Codeunit.al	21	d2dbb15f0c72cee92c1f7839318a88148c6f8717a2a47da58aa8226079fe2f17
Source/Base Application/Modules/System/DotNetWrappers/DotNetNormalizationForm.Codeunit.al	12	ca0b41bbed80eccf88e2d38128c639e2f97d161b5d57406b929893c1c7ced548
Source/Base Application/Modules/System/DotNetWrappers/DotNetSecureString.Codeunit.al	10	8a164a3d3ea02a496144272cab4a02133e42e3541943a3d0d9eb44b0757d1a97
Source/Base Application/Modules/System/DotNetWrappers/DotNetSeekOrigin.Codeunit.al	10	c50ad69c1dcede308059e52eafa6bcd90589db97b8edaff280b2bd948ec572b2
Source/Base Application/Modules/System/DotNetWrappers/DotNetStream.Codeunit.al	39	d8561209a4d40769d7755d9cabd22797a1b5058c2a0c01e32ad56f5659f6646f
Source/Base Application/Modules/System/DotNetWrappers/DotNetStreamReader.Codeunit.al	15	1c9d8b17e465e44cdbfc86a85ca195930dfaac7f7002e49199a14ae55ed506b8
Source/Base Application/Modules/System/DotNetWrappers/DotNetStreamWriter.Codeunit.al	15	a7eb78796cf868c0283dba7c861df04a3bbb8dd4eef07e6dd69e9247992d1782
Source/Base Application/Modules/System/DotNetWrappers/DotNetString.Codeunit.al	47	bbb3d5d289565f07d2f9c9286ce49eef446b3b39ce1c917175f92a2e72bbe1e4
Source/Base Application/Modules/System/DotNetWrappers/DotNetStringBuilder.Codeunit.al	13	74449b6906a57024e446ac59227e7d900be077f267a6cfebcaa3a3f451f08b3c
Source/Base Application/Modules/System/DotNetWrappers/DotNetStringComparison.Codeunit.al	6	92f2a5732d5f3ca3e1e43e5c5089d8b99d7eb9441241242586688ef773b9bee3
Source/Base Application/Modules/System/DotNetWrappers/DotNetX509Certificate2.Codeunit.al	36	3830b49af4bfff6e16c31a6e3c2f89f6f688dedda6171f51abc155143610742f
Source/Base Application/Modules/System/DotNetWrappers/DotNetX509ContentType.Codeunit.al	6	892c39864a8220f04f8022ab70053551aed752a7dcea61025323af9dcb4d4d03
Source/Base Application/Modules/System/DotNetWrappers/DotNetX509KeyStorageFlags.Codeunit.al	6	3c23b29266807e4720530e7f929d0f229edfef6cccc6639423a143a6975109d7
Source/Base Application/Modules/System/DotNetWrappers/DotNetXMLConvert.Codeunit.al	6	f049cdf68ba1b4815e3908ea30d7b347ec72456dbbfa4305d30a573e5cf256d1
Source/Base Application/Modules/System/DotNetWrappers/DotNetXmlDocument.Codeunit.al	11	d00458e80e4be990b984f3bd7cf30c93387042b76bedc9eb7458678562665201
Source/Base Application/Modules/System/DotNetWrappers/DotNetXslCompiledTransform.Codeunit.al	13	8c90f46049504e5aa5ef95076c4207c21d1c84ebc26e73b58e50b5af3b3a474f
Source/Base Application/Modules/System/DotNetWrappers/DotNetXsltArgumentList.Codeunit.al	4	dd849f1d76be23e6711393f7e64a67bdcd61a2f786bf41fa7173b589b193d624
Source/Base Application/Modules/System/Email/EmailItem.Table.al	112	21c1b161af3197aa103e950e57d5c7b99f08a6ef535a2655db401842763425fa
Source/Base Application/Modules/System/Email/MailManagement.Codeunit.al	246	a9e77e8d6ae9dc65c936a80b91bb94bb231a53b5c7148099300d0cc22f509e4c
Source/Base Application/Modules/System/ErrorMessage/ErrorContextElement.Codeunit.al	34	e895eb7d8da94005652b4f930a4b1ad945896196beea555aee018b062e5dab4d
Source/Base Application/Modules/System/ErrorMessage/ErrorMessage.Table.al	471	557b45f91f1b2d78c0ab10aa160198f42c64c743fbb92e549f8695672af352ac
Source/Base Application/Modules/System/ErrorMessage/ErrorMessageHandler.Codeunit.al	180	60727e8134d62111bbe73d0eb440bb96a02c6b6ecac387ce118c49b18bdc27b7
Source/Base Application/Modules/System/ErrorMessage/ErrorMessageManagement.Codeunit.al	405	01529cb10a15f28473a83e886396a5df444a4172e0a5dcdb2e8b2f46274cc14d
Source/Base Application/Modules/System/ErrorMessage/ErrorMessageRegister.Page.al	15	f94b28e45b6db9f5a74d03f6a8be7d82cabbebcea4da9f360297646b30def26a
Source/Base Application/Modules/System/ErrorMessage/ErrorMessageRegister.Table.al	11	5bbd711c53786b2dfc97c205afe8cd7b15e3f7784b6c3e5019d2bbbb019939dd
Source/Base Application/Modules/System/ErrorMessage/ErrorMessages.Page.al	24	0b1d0e9247898de8fa7613f46597933bd676376bf02b08c96bdca60b927a12ee
Source/Base Application/Modules/System/ErrorMessage/ErrorMessagesPart.Page.al	51	1fd5ffbb57d0088975c66c4cc5519dab239bff5ed8e3faa5a06d338de0916a1f
Source/Base Application/Modules/System/ErrorMessage/LastErrorContextElement.Codeunit.al	10	06310f82637de7930ea44ea905c12b92562f5cb761940f8bf0204098f5aaff6b
Source/Base Application/Modules/System/EventRecorder/EventRecorder.Page.al	39	f63d2c99b4702b7e7125b74e9c9ca0f9c03df946ce287da25e7e12bd106ee93a
Source/Base Application/Modules/System/EventRecorder/LogRecordedEvents.Codeunit.al	50	02e1aafcba7acf31e0b9b11efcb3f3af32bc69401983b173fbfbc5b9e6f07a7c
Source/Base Application/Modules/System/ExceptionHandling/DotNetExceptionHandler.Codeunit.al	36	b6280523a97c4f4979bc561e6df61709c0606154df9153a012d54f5ba0854161
Source/Base Application/Modules/System/ExtensionManagement/AutomationExtensionDepl.Page.al	13	9739c8f80c7f5b9ea091a344bc30bdb06a5fa839e8ae8829dd974320b39cd1a8
Source/Base Application/Modules/System/ExtensionManagement/DotNetAppSource.Codeunit.al	10	c67764843b8b31b8a43a38f72ef5e20a187a3e079151addf72f9e49743942d32
Source/Base Application/Modules/System/FileOperations/FileManagement.Codeunit.al	376	f3303275ee75bff18b1f9ea32ea8208197956c7396878fddbe49922e338f6404
Source/Base Application/Modules/System/ForwardLinks/ForwardLinkMgt.Codeunit.al	29	282d85c7facb5a8f151ae1d340eed587aaa42cbc504efa64c63395c4c25e7688
Source/Base Application/Modules/System/ForwardLinks/ForwardLinks.Page.al	2	b3d397146787ac4435a8a03865e3adad2ac68cf797f95e965590b4b2c111b41c
Source/Base Application/Modules/System/ForwardLinks/NamedForwardLink.Table.al	2	4f36b3504616e46dbd1161e60cb7e5ee1622612d72fe0ec9eff5f4962a82b16f
Source/Base Application/Modules/System/JobQueue/JobQueueActivateNext.codeunit.al	2	b04304a14444be31aa8c3a75ae20cf89652cb1ad61c0647de314a347340f9be7
Source/Base Application/Modules/System/JobQueue/JobQueueActivities.Codeunit.al	10	273d06195ecc9c3f576d31123d36baf608de4ef4e8cbb74ae392f0f5712690ed
Source/Base Application/Modules/System/JobQueue/JobQueueActivities.Page.al	22	49e92d0ea426c86744120167c52cb407bd0fada6533dcb6cde9fbf839ee91dea
Source/Base Application/Modules/System/JobQueue/JobQueueCategory.Table.al	5	bae0dd21c8b175bf63a4bb91a951fc6dda0b3ad043ce02f154fc2275af3dc854
Source/Base Application/Modules/System/JobQueue/JobQueueCategoryScheduler.codeunit.al	4	cef2febdbcb741af5936d489a3571f644eec29398c24aee75cb9ac3ac64d14d1
Source/Base Application/Modules/System/JobQueue/JobQueueCleanupTasks.Codeunit.al	9	16ea7ca5b9a1ebb4b51386c189bc9414141ed176f2ca2f241ab811c713330398
Source/Base Application/Modules/System/JobQueue/JobQueueDispatcher.Codeunit.al	415	1fda4e66bc75d38fdd204ab05e83f51579f97989c570ec8fb7aa71e09d508cd9
Source/Base Application/Modules/System/JobQueue/JobQueueEnqueue.Codeunit.al	67	1d4d760792797c7be5f3c17fa63ced022c0b2e565fa5c52c4a91369517134931
Source/Base Application/Modules/System/JobQueue/JobQueueEntries.Page.al	43	281e826659ae476b690aef21dab2d7ad4762e5a3552cfaff7623a9f826d79f5a
Source/Base Application/Modules/System/JobQueue/JobQueueEntry.Table.al	876	991a20f95b92f07625b2a0ba4c637dd7f2580e3bf8e5b10b0ecdc9f1475699e0
Source/Base Application/Modules/System/JobQueue/JobQueueEntryBuffer.Table.al	5	b2dcbe8a09875473feae5c31d16630719bbd2f419604d9b19c4f9d3435013c03
Source/Base Application/Modules/System/JobQueue/JobQueueEntryCard.Page.al	41	420f8f3e49b933b034f83bf2663e5905c14e043c8e22cbc13a664ea28c50245d
Source/Base Application/Modules/System/JobQueue/JobQueueErrorHandler.Codeunit.al	41	3c54ec06d0b6c453ab3db4ac2d9c33b919cd7a1318fa372080943da4e8b38357
Source/Base Application/Modules/System/JobQueue/JobQueueLogEntries.Page.al	16	d39f803dfdcf47a237637ea08c3f7aedfd51a237000c821cf2f73cb122109b1e
Source/Base Application/Modules/System/JobQueue/JobQueueLogEntry.Table.al	65	6455455f092ec4b78719c3043c691bcee0b13f631fbedbdc7959a0f3c8d7c4fa
Source/Base Application/Modules/System/JobQueue/JobQueueManagement.Codeunit.al	333	f35d4c10c4c18f5ce73894b9d3e6ddb2a511b916a3e512b9b98aa717d1facc6a
Source/Base Application/Modules/System/JobQueue/JobQueueNotificationSetup.Table.al	3	e23f6767b47740ec1d7eba8d2e52f0c66111e048fe00038d40205bd5929bc23c
Source/Base Application/Modules/System/JobQueue/JobQueueNotificationWizard.Page.al	104	35b7b76050a9887c41b2ec5d65f85b115cb644b901a9db86858f4e8f0144a211
Source/Base Application/Modules/System/JobQueue/JobQueueSendNotification.Codeunit.al	107	290afe2ef8533c352a899300d3f0f866880b3616286996faa3f35c71733ea29f
Source/Base Application/Modules/System/JobQueue/JobQueueStartCodeunit.Codeunit.al	29	94a150aa3cfc1a65443a3966e6e67c2767595a237f3cae70bdda18774ae94a5d
Source/Base Application/Modules/System/JobQueue/JobQueueStartReportBase.Codeunit.al	35	f29ffec9a448bfa1807b34fc80ac32573e21f6cc703d500e2e8e3512c935735f
Source/Base Application/Modules/System/JobQueue/JobQueueStartReportRunner.Codeunit.al	19	ebcf2785f5fd7fc49e57b301e0fdd2f903f91b32bd2c85181725f9e1f726ff71
Source/Base Application/Modules/System/JobQueue/JobQueueTasksActivities.Page.al	47	8f49bf86ace706c2e235cec03057cfc941f0fcead68f6825c8b412eccce9ce68
Source/Base Application/Modules/System/JobQueue/JobQueueTelemetry.Codeunit.al	115	688fc6f5e1dc2321beb0cc84126a88625f8ea45b4cfe5bdd03eab6e11ee5c027
Source/Base Application/Modules/System/JobQueue/JobQueueUserHandler.Codeunit.al	72	846a29b1cc9ff31f5370ce95a5aac41cd15306aed02aeef201e3002aec3e4305
Source/Base Application/Modules/System/JobQueue/MyJobQueue.Page.al	18	6f8cd83e0ab5fde050365ac54fbcee2ad90f3a04e1a04515d2329207e2bb4ded
Source/Base Application/Modules/System/JobQueue/ReportManagementHelper.Codeunit.al	32	4a70f39f0c01b9b1a2585425804ec9d0be9dfe70efcaf07bb6afc20fda86dfd4
Source/Base Application/Modules/System/JobQueue/ScheduleaJob.Page.al	15	0152f1d96f12d3975ce8613379701df916ebec21b9a28a66a3b70e36fdffb31f
Source/Base Application/Modules/System/JobQueue/ScheduleaReport.Page.al	67	4fe6f3766ff09beb04b57e488785603ba93f127fda8e022097a4252e4413eed5
Source/Base Application/Modules/System/JobQueue/ScheduledTaskJQFactbox.Page.al	5	61e5f57be32bcdfa076e2e67f0664acf53c46703cce44627036453d61796f0bd
Source/Base Application/Modules/System/JobQueue/ScheduledTasks.Codeunit.al	39	99ba3f985359d84a30709a81bed94beb10ea72e76c9050b2b351360445a1f225
Source/Base Application/Modules/System/JobQueue/ScheduledTasks.Page.al	14	4991aaef879e49478e6de6b90370d476e34c42a2f83d52f8a2cc95fde9db53f1
Source/Base Application/Modules/System/Logging/ActivityLog.Page.al	15	ad6f1abac8fa9b52f86a69c7163dfed3135775b08bfdda8014a5d4fd2f2d933b
Source/Base Application/Modules/System/Logging/ActivityLog.Table.al	61	eef4d42875393852ac8b177481c6f6c49959ce5197c08df7aef33b7b1e23e25e
Source/Base Application/Modules/System/Media/ImageHandlerManagement.Codeunit.al	31	ed923e33635b852713077c92431608b17db4b447fddd28e2965647eeb33e9533
Source/Base Application/Modules/System/Media/ImageHelpers.Codeunit.al	10	aea8eb2549eb0cfb553e8a553cc1ec0bea3dbb62eb5115ff8bb35d1e48d8f78b
Source/Base Application/Modules/System/Media/MediaRepository.Table.al	30	60b7d70010c2242558745651754d44642784618016ad8224b903472c1241051a
Source/Base Application/Modules/System/Media/MediaResourcesMgt.Codeunit.al	59	ff40d788330dc6d64dcacd83613d2db9fc903970af9ad76eebffb3d3e25da010
Source/Base Application/Modules/System/MemoryStorage/NameValueBuffer.Table.al	30	eae22bfece93bfcf3f51a1cfe30b28904134f2369fca72fb9a5f68161dedbe73
Source/Base Application/Modules/System/MemoryStorage/NameValueLookup.Page.al	11	50629e02d4a237ff54f3c62ded09d056fde0b449fb023f73a44aba83f450157a
Source/Base Application/Modules/System/Notifications/MyNotifications.Page.al	23	bd44e5948d4ce5d2ea33186fcbb32864f6217d61d80a50dc7e4dc28bb2afa3ed
Source/Base Application/Modules/System/Notifications/MyNotifications.Table.al	173	e231ded7e357804f36804dd65ead4c0bbdbebeae145c57f169b47073f457ddee
Source/Base Application/Modules/System/Notifications/NotificationContext.Table.al	4	2b09eb910d6f36f2a55f62f6605762dadefb100624d3f3abafdb8f27115e4aff
Source/Base Application/Modules/System/Notifications/NotificationLifecycleMgt.Codeunit.al	126	365da0c3c2e3f40bdf1606a7499d70f42ae96caaa2a93327630ae34a1c79b691
Source/Base Application/Modules/System/ObjectSelection/AllObjectswithCaption.Page.al	21	6df6cbb77ddb09cbbb149983028c33249117149badcc3d2c6ecf2085af5abf45
Source/Base Application/Modules/System/OnboardingSignal/CompanySignal.Codeunit.al	2	f4f0d2a0127bfc0781721faa8356b869233fb37e54c12411239f6f5d5fc54edf
Source/Base Application/Modules/System/OnboardingSignal/OnboardingSignal.Codeunit.al	72	fe3eb153ccdaf0afc065fbbd7019521f6e3368afa7d03e1d137521523b011424
Source/Base Application/Modules/System/PageDesigner/AddPageFields.Page.al	310	e28b28c5f5f4750b14e66c16b22f7eca3f2f4ba6e665f4e58384f732b74b9aff
Source/Base Application/Modules/System/PageDesigner/DesignerPageId.Codeunit.al	6	46b9fdd64765255cb3d01bac5a3cc6ae438e942a7cb590a4654e3734a65bb7ef
Source/Base Application/Modules/System/PageDesigner/PageFields.Page.al	6	0dc691ff0831e1bdf2fa2f3d685be16fd65cf85f1f20eaf22ea20aa6392b8231
Source/Base Application/Modules/System/PageDesigner/TableFieldTypesListPart.Page.al	5	e5c979ea41b80923dacd67f44550413b2a0d134d16bc6d00e21f833d2ac388a2
Source/Base Application/Modules/System/PageInspection/PageInspection.Page.al	186	9e980ce4fb9d64ad8df1cc9bcba05ee69a9ebd872bd742be813c9effbe1d09a2
Source/Base Application/Modules/System/PageInspection/PageInspectionExtensions.Page.al	76	7382c65ffaae3552fcaf125ce06c54c5ca14b5215721821e6d803e38d20bdc22
Source/Base Application/Modules/System/PageInspection/PageInspectionFields.Page.al	18	ffe2ef308d572b043705ef7971ab084c50411a8c47aa201d08d93861993c44d1
Source/Base Application/Modules/System/PageInspection/PageInspectionFilters.Page.al	9	f35f85f900a47099e9b59560b2f7de920a6b13a540354f24a7d7a5afbb3b02ac
Source/Base Application/Modules/System/PageInspection/PageInspectionVSCodeHelper.Codeunit.al	66	5014bf89a1f95f12c21c899b1fe5f318d6b52be48949acee9dbdcfecfa1c4bce
Source/Base Application/Modules/System/PermissionSets/PermissionBuffer.Table.al	12	56ab3a725afd0ff07617c1bb350aec62c88eeba83ac469c75559de869782ca0e
Source/Base Application/Modules/System/PermissionSets/PermissionManager.Codeunit.al	202	11f714611a4ff6aed262756652349aff6d339e94e4b73134f2211c4b5cf802c8
Source/Base Application/Modules/System/PermissionSets/PermissionSetAssignments.Page.al	36	329d96e1242a638ca964ef5488e0f0d124950493d4f676d67ef4026fa1df1548
Source/Base Application/Modules/System/PermissionSets/PermissionSetLink.Table.al	35	32cf20e027bce9e14df1f72185228422d947906ab91fdf927c71cc19ce02ef0b
Source/Base Application/Modules/System/PermissionSets/PermissionSetsFactBox.Page.al	13	e3210a42beeec8b8f2f58d023280ca877639c68623d3e06505470b0c91e32648
Source/Base Application/Modules/System/PermissionSets/PermSetAssignmentsPart.Page.al	17	acccb33f127cb0b40ec1fb5b1e9f8af17cea7f50e5fad1229bedbedbb7d6a8f4
Source/Base Application/Modules/System/PermissionSets/UserAccessUpdate.Codeunit.al	2	031b087dc92b36704cc202cec1af06a46f891c4cc782ce042664d59ad8af78a9
Source/Base Application/Modules/System/PermissionSets/UserPermissionSets.Page.al	6	776dc37c655c8b547c056f4aa75d9578055aa5649c4b8f3ea383f31ab8915dcf
Source/Base Application/Modules/System/PowerAutomate/FlowServiceConfiguration.Page.al	9	0459d90b9509483e31d8c93a1b281e4ddae0c65337e86ef13bb47e9bba8c9971
Source/Base Application/Modules/System/PowerAutomate/FlowServiceManagement.Codeunit.al	136	c1771205d10df8fc987b76fe8b678f80c857828b5519a0044f35b7376b8b03d7
Source/Base Application/Modules/System/PowerBI/APIs/PowerBIReportSynchronizer.Codeunit.al	285	cbf6947a073517da97ebd4fdcd59f2fe4f058a3af4c93a3b460866c1e7a95dde
Source/Base Application/Modules/System/PowerBI/APIs/PowerBIRestServiceProvider.Codeunit.al	38	681c84da9247b45b34025a78a617e4dc1ffbea35048a1fee5dddc4b7c510ce44
Source/Base Application/Modules/System/PowerBI/APIs/UploadPowerBIReport.Page.al	55	9eec1fac44e94ad0e393ae8eed4f3e06913a674cfdb458e882dd92e490c0a8e5
Source/Base Application/Modules/System/PowerBI/Embedding/PowerBIContextSettings.Table.al	21	3f027dab1ae53d484470930112397de2053745b1fa211d936c4e3bbac4b54481
Source/Base Application/Modules/System/PowerBI/Embedding/PowerBIDisplayedElement.Table.al	73	2f7c15675d96bb1608086ca2320e39aca98fc8047d4e898843aa5ad2bd0d6dfa
Source/Base Application/Modules/System/PowerBI/Embedding/PowerBIElementAddinHost.Page.al	90	3a43deec2c7db4cdd47a504ff16a7916cefb605e2fff7f4589e46da14391ef03
Source/Base Application/Modules/System/PowerBI/Embedding/PowerBIEmbeddedReportPart.Page.al	245	02e178ef98dfacd335f9dfd00cde7ca9832316b0a6f87215713ec64be3c26a38
Source/Base Application/Modules/System/PowerBI/Embedding/PowerBIEmbedSetupWizard.Page.al	115	12a90b3d13434c5d396e8cf0b4a7b376b5d635a97d0ac64f62522eff505aee09
Source/Base Application/Modules/System/PowerBI/Embedding/PowerBIFilter.Table.al	13	2864c2acfcd0a246a5252e0c5201780674ae84f389cc76170cbd0fdcfc2dd92f
Source/Base Application/Modules/System/PowerBI/Embedding/PowerBIFilterHelper.Codeunit.al	81	f5db0e55f2adca60e02875c94eb7e9c6687aed4364c27d9662e95d475d8b7f07
Source/Base Application/Modules/System/PowerBI/Embedding/PowerBIWorkspaceMgt.Codeunit.al	72	c12bf342eb60f16b87b21b925fe2799d46909686bca4cb1f3115574663e059f8
Source/Base Application/Modules/System/PowerBI/Embedding/PowerBIWSReportSelection.Page.al	107	3c4e0edf8534aea9b0d9a08a1a5d488596f6268df09f629a0f2f2555c73ee26f
Source/Base Application/Modules/System/PowerBI/PowerBIServiceMgt.Codeunit.al	124	448f6d20e2c0269fa94aa6abe4c8513b92dd187d3ca3e1016130fc320ac182f6
Source/Base Application/Modules/System/PowerBI/PowerBIUrlMgt.Codeunit.al	17	128eba7ba6bf221f39e1fe70c791c8828ee16e230d6a9d11e09c95e5e75dd0e5
Source/Base Application/Modules/System/PrinterManagement/InitServerPrinterTable.Codeunit.al	75	51e7a362111da913dd44ce04d0fc65a875f8c3fd6a92447f9ad23a806491ff4c
Source/Base Application/Modules/System/PrinterManagement/PrinterSelection.Table.al	2	c17b968b16274392101a89b91ee4591de330f3ea4b07fd49f7c91c4d834ace5d
Source/Base Application/Modules/System/PrinterManagement/PrinterSelections.Page.al	2	116b75443bfa2684dddadc398ab949c85826c3e0dc2d0f22f0c0acb466ffc977
Source/Base Application/Modules/System/PrinterManagement/ServerPrinters.Page.al	10	e2bf91d2d34151122c4ceca966444f0a7147e03bc70d2fae07bad0ebb167a9a8
Source/Base Application/Modules/System/Profile/ConfPersonalizationMgt.Codeunit.al	238	0d9ff1b88c4c018549683f6b24ee2a51fb4737e79b7b833ea68e46d6dc2a9ba5
Source/Base Application/Modules/System/Profile/CopyProfile.Page.al	23	5d1276598d9036860d5da646b83449f1b7acd91d62f4f04112c76d48a080ae35
Source/Base Application/Modules/System/Profile/PersonalizedPages.Page.al	140	368f259ddfa30784dcbdced69f18fd2cdfbf3145f99d4eb34d613e9d60e5a702
Source/Base Application/Modules/System/Profile/ProfileCard.Page.al	123	8d92c63da8edd6c961f87b510025284ba93480fc6c86a16d9a1445c6e43727b3
Source/Base Application/Modules/System/Profile/ProfileCustomizationList.Page.al	129	7b906a8a8896ebe3647ba6b16e88d24db7fafbfeb3ff72f2802023d07f74c071
Source/Base Application/Modules/System/Profile/ProfileDesignerDiagnostics.Page.al	41	b11ee7d77578b157d000bccf1ad4f2d2fa903a9a9efbdfc184d1e664bfd11c0e
Source/Base Application/Modules/System/Profile/ProfileHelper.Codeunit.al	80	f82321a67ca4bda9a638936464f01895583d5d8883955129e4bfee8ce4dfe984
Source/Base Application/Modules/System/Profile/ProfileImport.Table.al	3	f57c9197cf972a531d3fdb63cdc4151e4f631b2b99f97ede5395d9f3aff0260b
Source/Base Application/Modules/System/Profile/ProfileImportResultList.Page.al	2	99e23fcc43620c42d5863b425ee18996d1e805c4af2c92d065f4606628825873
Source/Base Application/Modules/System/Profile/ProfileImportWizard.Page.al	151	2a7634f351cf66f4a2dc9adac6739d67ff49f1c39d668770ef1109e575c6f861
Source/Base Application/Modules/System/Profile/ProfileList.Page.al	19	4f32a097fed1c650a25ea5e62245231e2051687a9de6832b61a012e9689fb99b
Source/Base Application/Modules/System/Profile/UserPersonalization.PageExt.al	8	500fb804d133dabbf988be9b8b35b39bee0d2c3fb2d0cfbd45b5941f290371bf
Source/Base Application/Modules/System/RecordConversion/DataTypeManagement.Codeunit.al	52	84fc717749477989a49008f273a75fa270919f5fce0a22571fa4b0a81a62c44b
Source/Base Application/Modules/System/RequestPage/DynamicRequestPageEntity.Table.al	19	5b538cff6456ebd796dfb23984f60ca35055ae6a4476f981a6c0099c9a19f74c
Source/Base Application/Modules/System/RequestPage/DynamicRequestPageField.Table.al	4	8389b5c0288f83b7901e6eb4e2334c8f80049eb67f041029ba1cb5944b095ab9
Source/Base Application/Modules/System/RequestPage/RequestPageParametersHelper.Codeunit.al	166	295dd8f27586b083c640d3c6557fef5d9a5bc686d52844598e054f7081bd7b01
Source/Base Application/Modules/System/Translation/ObjectTranslation.Table.al	5	bc120ab9914acc33e2d85086985e1ee1545c33a89a3ab1325d1427db5e6cfa76
Source/Base Application/Modules/System/Translation/TranslationHelper.Codeunit.al	39	992f1b8da4c7ee5aaaa7860dcbb89bdfac3a45f619559a914a442a74735813f6
Source/Base Application/Modules/System/User/IdentityManagement.Codeunit.al	69	956f9c7e8bec56f82e2fb1cfe60c472c954986798c20933fc5e79e4b3de3fe04
Source/Base Application/Modules/System/User/SetWebServiceAccessKey.Page.al	9	7c91418af8277766bfb1584c07af5e30eb80656c21f75e26a0812071031e8ba7
Source/Base Application/Modules/System/User/User.Codeunit.al	102	e56db3bde37012ea7b61328fe471e381bdfd39994618a2cf210c82ec2a659aa0
Source/Base Application/Modules/System/User/UserACSSetup.Page.al	18	20c767a9c08ba6c10ba0214cb3ee14d70a2d0c55225bafd06ef394b9811d7da9
Source/Base Application/Modules/System/User/UserCard.Page.al	325	ea416a40796a50abf2e5dfa5692404773dbabc75654e07df13e2d31d9f3d88fc
Source/Base Application/Modules/System/User/UserPreference.Table.al	24	550ed541f179b683159e376b537490525335981f3e1b950d692bcc803da4d16e
Source/Base Application/Modules/System/User/Users.Page.al	89	d8ed133f801790d784b8b5eaf272c096a5a5bbaca5e57c3d815153a4c7343e67
Source/Base Application/Modules/System/User/UsersCreateSuperUser.Codeunit.al	31	6f18a746b3dadc9181db92225e43d73bfa25b70f9c429f766e8132a1296e525b
Source/Base Application/Modules/System/WebRequest/UrlHelper.Codeunit.al	15	58c0b310481922dee988cab1e57eaa6aa7daea365bbc2cffeba56e86d5b1e0c5
Source/Base Application/Modules/System/WebRequest/UrlHelperImpl.Codeunit.al	90	f3f79fc4132644619ee83a76062ba582f33f67e663bbb63f63c18df56487f7a5
Source/Base Application/Modules/System/WebRequest/WebRequestHelper.Codeunit.al	88	43f999450f79ea8822fc656634f99a4ac7b49691ccab1701ef1ee546d62f3117
Source/Base Application/Modules/System/Xml/XMLDOMManagement.Codeunit.al	435	838af4aa084d0957c0053627953fd81e95bdff152e129d80a8dabc939c64ba33
Source/Base Application/MS365LicenseSetupWizard.Page.al	199	ac55eae00b6b58ae437313313d71f8556c3379d22aae153d6d727fb46e99fdf4
Source/Base Application/MySettings.Codeunit.al	15	8ad3616f9b5cd6027dbbdc8c537b0ca72cd792e76117a84b89e5bf4b39814677
Source/Base Application/NewPage.Page.al	33	b61e475a6a17fae6e421206a16fdfa94fd0a2a88a35454d79985a60cd4c7e6b5
Source/Base Application/O365GettingStartedMgt.Codeunit.al	146	a12295d52404a61a9f3716c19e0206ce5c8adb1362f66a9ce4bfb1bd0f1c1410
Source/Base Application/Office365Credentials.Page.al	23	7c250a3e52410ccc15305537b7f38f4aa7eb7cf768b51584fdadafcd0ed84338
Source/Base Application/OfficeAddInSampleEmails.Codeunit.al	4	d14598e7691b407455fc04ce0ba4bbb486863d2f6cfb17879c989bb99c0232e4
Source/Base Application/OfficeAttachments.Page.al	18	e53c0c6d419ed6bd2bc72ecefe3ab0e7077bdab04d1554aa08e441dd7dbf2521
Source/Base Application/OppBarChartDrillDown.Codeunit.al	14	04f8948c917604441b8d9fc7410bc3c5ee8ee95f82b7c398b2729459e354d760
Source/Base Application/OtherCapabilities/AccountantPortal/AccountantPortalActivityCues.Page.al	107	3cdf23343f8530232233fbf57236b080553afaf27e339bca64c21fac8981ffc6
Source/Base Application/OtherCapabilities/AccountantPortal/AccountantPortalFinanceCues.Page.al	122	12245cc949c7f1c0392317a82ab3b4c413880d21a9900eacfba7beecc13d7b2f
Source/Base Application/OtherCapabilities/AccountantPortal/AccountantPortalUserTasks.Page.al	9	951bfc5ff48af38ce299cc822860b0c56f961d65ed77372abc9a15209e44fd4e
Source/Base Application/OtherCapabilities/AccountantPortal/AccountingServicesActivities.Page.al	15	2e51d4ecafcd13b9d94b978600d7bda7e0e331475ff6bdc3800928fd6f4d29e9
Source/Base Application/OtherCapabilities/AccountantPortal/AcctWebServicesMgt.Codeunit.al	15	e0b603532d69d9c8d4f9a50dca818622272b56ae8e5cd3ef86b47354d9a94919
Source/Base Application/OtherCapabilities/AccountantPortal/InviteExternalAccountant.Codeunit.al	209	af9988b95f8910f461c39f47c9fbcea360d8329ce97c77bd70f91f15256e8cce
Source/Base Application/OtherCapabilities/AccountantPortal/InviteExternalAccountant.Page.al	196	0c5965c913a6cd67bb5ea5f2ae8a60bff25dcf4c8cd1b037b79f88038a5f5f70
Source/Base Application/OtherCapabilities/Approvals/ApprovalCommentLine.Table.al	11	54828df4ed34a3654380070d4d9537fb69b9317267bdb234b745f389bb228597
Source/Base Application/OtherCapabilities/Approvals/ApprovalComments.Page.al	6	3f8d3885dbbf7402d6b7056c712acdd1c08358d37e5222913d742c915d6d0485
Source/Base Application/OtherCapabilities/Approvals/ApprovalCommentsFactBox.Page.al	10	c59a7c3a95eaa53b7fd45b04c464e7f8baa3662babc9095e2273a472ed4ff9fa
Source/Base Application/OtherCapabilities/Approvals/ApprovalEntries.Page.al	54	ddd48fa2a041209f6e0b73281c93f384d1d85e113343b009e3304b6fab7ec9ce
Source/Base Application/OtherCapabilities/Approvals/ApprovalEntry.Table.al	120	c139aef115561552d7ac9c7ef8472738b7412398c36b2d15571f82b448496c3f
Source/Base Application/OtherCapabilities/Approvals/ApprovalFactBox.Page.al	29	96ea2a3c902a7aa6e04e011f4c2588d003730aafb456509a0d6e4c4aaa0858dd
Source/Base Application/OtherCapabilities/Approvals/ApprovalJobQueueEntries.PageExt.al	10	2d141770b8c957dc798887c7a5f681ac76a788171cf515cdcd086117ee8f941b
Source/Base Application/OtherCapabilities/Approvals/ApprovalJobQueueEntryCard.PageExt.al	21	24adc32ee3433c342139d1ac30750b0f1d0ecfca1edb267b47fad459dc8e0957
Source/Base Application/OtherCapabilities/Approvals/ApprovalRequestEntries.Page.al	46	0edb7b7bdc3bcd7e96e7274d7be248c00cb97ec9e78facbcf165d8fc6687a39e
Source/Base Application/OtherCapabilities/Approvals/Approvals.Page.al	21	61f8546308358d4eb3525d5d2cce1c415483d92f4fffc70d832a8aaad4806138
Source/Base Application/OtherCapabilities/Approvals/ApprovalsActivities.Page.al	7	23c46a5a82f91b01b2038e829cd90f5b0d7ec5a9c1095ef50f0bbdcf9e0ddd31
Source/Base Application/OtherCapabilities/Approvals/ApprovalsJournalLineRequest.Codeunit.al	5	1e3e78738bbce417eb772445f343bf9f5a18796cb6a4e11ae41780783c91523d
Source/Base Application/OtherCapabilities/Approvals/ApprovalsMgmt.Codeunit.al	1781	181d8277c63b6168db3edfad75e972dde3e8328f4cd30f0cb79c06308693a40b
Source/Base Application/OtherCapabilities/Approvals/ApprovalUserSetup.Page.al	4	00ac4cdcd15f4fca450b4b6e54d1160d3ec3aab21c45de5d2b1c3ac286158da7
Source/Base Application/OtherCapabilities/Approvals/ApprovalUserSetupTest.Report.al	318	b4b6f767da175c5e9e80ded095f2b84cee25143edc625cb53ca6ab8f8b1fead5
Source/Base Application/OtherCapabilities/Booking/BookingItem.Table.al	36	e67216fce09a65df6c8d67298fc89fc391cea6e3980334e02ed8ead41fbd9b83
Source/Base Application/OtherCapabilities/Booking/BookingMailbox.Table.al	10	db99bc4182fa8072060240b1577961900a621485b48caebbb3ca40d6a3e1d0ae
Source/Base Application/OtherCapabilities/Booking/BookingService.Table.al	10	1a4a7176106e8adf0386145e23d0d25a4aef7eca4e0d50ce6286da11d49edf02
Source/Base Application/OtherCapabilities/Booking/BookingServiceMapping.Table.al	9	10fef02c9af193def2d0c881897eff0ca3ca44bcb9a8dc5d39750ce8c235dfbc
Source/Base Application/OtherCapabilities/Booking/BookingSync.Table.al	26	9886a00758018c7c6de713a01a82dd021eba4bf851206d75525c4d89598ca6b5
Source/Base Application/OtherCapabilities/Email/EmailAddressLookup.PageExt.al	53	c18a582295347cfad0e659129793fcfc68e5a420f53a1125cf99eec86a9f3625
Source/Base Application/OtherCapabilities/Email/EmailAddressLookupSubs.Codeunit.al	245	87a7bee2eeebffb2d21ff7af574caab4cc3466b42b321cbf7a91f2e8ae6fc502
Source/Base Application/OtherCapabilities/Email/EmailFeature.Codeunit.al	6	e7ad184243076cb57ee27e1352aa240c1653030e832d363f73ed796cff704116
Source/Base Application/OtherCapabilities/Email/EmailParameter.Table.al	37	247b31953d4b8af7b0a001988328feb1d0d99e17a19f357bd25ffb96d13eea2d
Source/Base Application/OtherCapabilities/Email/EmailScenarioMapping.Codeunit.al	5	c3d5e66a5a85a6c9f5cebafb43c47c618df6e74cec35cf40db44d090ea662333
Source/Base Application/OtherCapabilities/Email/Mail.Codeunit.al	159	05141cb5897d97ac250fe859dff2653ac6bf851a4250a4b15ba32505324412d1
Source/Base Application/OtherCapabilities/Email/MapEmailSource.Codeunit.al	25	06b418f2546696297b9cbaebf21d0137f2c7e93fcafd72aa0af5a61483c6797f
Source/Base Application/OtherCapabilities/Headlines/HeadlineRCAccountant.Page.al	6	161a12bd9967e3983961a10be0a48d93c6dea414bef9c76785e58b7fde7dad8e
Source/Base Application/OtherCapabilities/Headlines/HeadlineRCAdministrator.Page.al	6	b6c8deff9368cdb5e6734b9eb2dbeac7319a2851e6deaeba18448fb38ca94829
Source/Base Application/OtherCapabilities/Headlines/HeadlineRCBusinessManager.Page.al	6	00d28ac5fbc0b9d9bde702bd58c057b69be691654241c16db6377bb52e603fb7
Source/Base Application/OtherCapabilities/Headlines/HeadlineRCOrderProcessor.Page.al	6	b987b3b96a48db20d247e8e31b7114fa7d8c010036a8c3991eb078e219715c30
Source/Base Application/OtherCapabilities/Headlines/HeadlineRCProdPlanner.Page.al	6	f894f9b318a14252655dd245f65212231d1e6ade52a9f334b14bdfb7ecc7c237
Source/Base Application/OtherCapabilities/Headlines/HeadlineRCProjectManager.Page.al	6	33bf49a024df8fa862b82cc8f632a6102e8d403433cc043621c083c356057592
Source/Base Application/OtherCapabilities/Headlines/HeadlineRCRelationshipMgt.Page.al	6	fa3bf794ef6e8da0d57990b19ffd7b1684c8cae0955219cf87552fa3157674f1
Source/Base Application/OtherCapabilities/Headlines/HeadlineRCSecurityAdmin.Page.al	6	6f112ac6f930c7a79c8aace7268d64448f21757f3765c2fc6dc8bf98df460ba2
Source/Base Application/OtherCapabilities/Headlines/HeadlineRCServDispatcher.Page.al	6	882441441b250f83be43f3d9c7e7405f31a3488e377b0bc925bfa86d6d913d63
Source/Base Application/OtherCapabilities/Headlines/HeadlineRCTeamMember.Page.al	6	1e8da2facd06a00882f45b41965fe79b9acb914c14d5646409317f732612e823
Source/Base Application/OtherCapabilities/Headlines/HeadlineRCWhseBasic.Page.al	6	bcca73a5aaf80e506059629dbba0b6f6d67f172b584712198daa2172fd9017b3
Source/Base Application/OtherCapabilities/Headlines/HeadlineRCWhseWMS.Page.al	6	dbf0c1833ff64cc2c8412be22207b41609a181bb11bd53023be0d09bd6e62132
Source/Base Application/OtherCapabilities/Headlines/HeadlineRCWhseWorkerWMS.Page.al	6	68124e8d8defa5a44e4a65580698b24a4c339b14ca5f9dd2899ec4a09da0aa18
Source/Base Application/OtherCapabilities/RetentionPolicy/RetenPolDocArchFltrng.Codeunit.al	198	57b5f7d7d8236c3b76924225d8b4dc7d6ead19a3f447d46ca45544fa310c6a00
Source/Base Application/OtherCapabilities/RetentionPolicy/RetenPolInstallBaseApp.Codeunit.al	244	59c5fb541a1d997313f4ff730a52a56bac1bc4228284c5ea98e4d12ceea17d2b
Source/Base Application/OtherCapabilities/RetentionPolicy/RetenPolSetupCardExt.PageExt.al	4	ae32df804dac09f3e715b4b6ef3d4bf3bed263c0abea129825de26f7f4b253bb
Source/Base Application/OtherCapabilities/RetentionPolicy/RetenPolSetupLinesExt.PageExt.al	9	67286697af37fcc8307ff479f00668198669b8833172a30170f8525a4e8b813b
Source/Base Application/OtherCapabilities/RetentionPolicy/RetenPolUpgradeBaseApp.Codeunit.al	3	41524837b752edfa333195a5fcb622365c3a876cd78a697ee7e1181a35f54706
Source/Base Application/OtherCapabilities/Telemetry/TelemetrySubscribers.Codeunit.al	208	2a7e88d9440103ad5ac7b7ff4cda08ab1e7a6100a3e01fc291ab9a85bfef22dc
Source/Base Application/OtherCapabilities/Upgrade/UpdateNameInLedgerEntries.Codeunit.al	170	f7ff0e33964d38e2d25e49fc2f9d470dbc5b03073afafb189e8083006e2a14dd
Source/Base Application/OtherCapabilities/Upgrade/UpdateVATDateField.Codeunit.al	202	405ae66ea2a4bbba78cb98c25c69d4bda7d56f45089b3e426369cb9b783b3eba
Source/Base Application/OtherCapabilities/Upgrade/UpgLoadNamedForwardLinks.Codeunit.al	7	3a4f53ebf321f75e2583156395959dab12285022c9e76946177d6594b0acfffd
Source/Base Application/OtherCapabilities/Upgrade/UpgradeAppIDPermissions.Codeunit.al	56	b42ba11b30392405f3e2a6455e500626b457ac52d661e95bcfc1f41684be4bd0
Source/Base Application/OtherCapabilities/Upgrade/UpgradeBaseApp.Codeunit.al	2478	c11b650db4ca6c61225291ac7e30f4ecb542157a889f4fc054364a66fcbe7684
Source/Base Application/OtherCapabilities/Upgrade/UpgradeCustomReportImpl.Codeunit.al	62	f0bc19f24cfef7054581a0d6421a6f63fc3f0486488b4ae0fa75f89ccbfac10a
Source/Base Application/OtherCapabilities/Upgrade/UpgradeCustomReportLayouts.Codeunit.al	2	aab015f67596a28136bac148041394b0132a812eee43e2f0727d792d1ae77cc0
Source/Base Application/OtherCapabilities/Upgrade/UpgradeErrorMessage.Codeunit.al	15	e5d45ee3c06811c9c062b37f70379b7d437cc6d74c3180d9393fc7df61ef338c
Source/Base Application/OtherCapabilities/Upgrade/UpgradeMonitoredField.Codeunit.al	11	aac4c6caba97e08f5e4cfbae055afaa4ff329cf3c96352a627e86d536f83f8ee
Source/Base Application/OtherCapabilities/Upgrade/UpgradePermissionSets.Codeunit.al	45	4a8eeb8af12a19509443dadcf810e8a09f3e431cc2194fa039d4431750d52cc0
Source/Base Application/OtherCapabilities/Upgrade/UpgradePlanPermissions.Codeunit.al	420	706762999a76bd81b6787b1391ad0b0a84633020ed7c756fdb30ee6b64abce5c
Source/Base Application/OtherCapabilities/Upgrade/UpgradePrivacyNotices.Codeunit.al	6	cfdb009939dca3cd9c43c8147648f0252e71e187ea8a5cbd7e47bcc52796b1dc
Source/Base Application/OtherCapabilities/Upgrade/UpgradeProfiles.Codeunit.al	18	bb74754df6b509996d516f570adf50e4ba3aee9e2546e14b8a3a149c2915cfec
Source/Base Application/OtherCapabilities/Upgrade/UpgradeProfilesV2.Codeunit.al	180	48648f0dfafd9ca2610dfb41d52afee7586785afad64ed39c466682d610a834e
Source/Base Application/OtherCapabilities/Upgrade/UpgradeRefsToRemTables.Codeunit.al	11	9e33b8b37b4cd6e5ab184189657860396293af80c75d80627f79ac98ab5bb982
Source/Base Application/OtherCapabilities/Upgrade/UpgradeTagDefinitions.Codeunit.al	394	5ec211d099f0e97a057005ac017f02e0ebd9af40717b66212c91b13b43076610
Source/Base Application/OtherCapabilities/Upgrade/UpgradeUserSetup.Codeunit.al	19	36129dc9dd22be575c46ddf6a902dfa3efbce8710cc7c70c6fc78005acc64256
Source/Base Application/OtherCapabilities/Upgrade/UpgradeWordReportRendering.Codeunit.al	10	f6e99fe92f749198b307b75f06f6f09f5edd0ee3939b175c2a272dd2e6f781a3
Source/Base Application/OtherCapabilities/Upgrade/UpgradeWorkflow.Codeunit.al	11	040dda4e81dbcfcb4365506acee98cc726e81871be9f41496d2a9e846b235385
Source/Base Application/OtherCapabilities/Upgrade/UpgSetCountryAppAreas.Codeunit.al	13	06c9268e97f3fabf4a0712667b80b068667ee4dea94aa29d30c97bf5d6571094
Source/Base Application/ParallelSessionManagement.Codeunit.al	161	b7e86892918169b6ebc851535b242450ba2c692ff910ed0dd781bc6467d3b8ea
Source/Base Application/Pricing/Asset/PriceAsset.Table.al	108	e0a01d7808fe3c2877430e3b2cc653694edb02133e5f112feb25d01c187ccc3c
Source/Base Application/Pricing/Asset/PriceAssetAll.Codeunit.al	24	d10171bea150b8ecc8a08185a0709411e2b09e60719e672455d5d50748f2baff
Source/Base Application/Pricing/Asset/PriceAssetGLAccount.Codeunit.al	64	d1333589e970bdbe2e334e9ef7ae3656747599a018047a2f937adcd1bd1aa8e8
Source/Base Application/Pricing/Asset/PriceAssetItem.Codeunit.al	155	6b5dd9fde00abc7db7c6e69c286afbcf96e9a29439636dfc3b08cf4f7b5650c8
Source/Base Application/Pricing/Asset/PriceAssetItemDiscGroup.Codeunit.al	68	55f3e4957578af53177797dfb3834a4ea3008d17607eb056c94f4bbd222c8cd3
Source/Base Application/Pricing/Asset/PriceAssetList.Codeunit.al	126	a36a6125e8b842c86034f95a3eb6686e786ab84c24eb886c8684f6bac2cfe3b0
Source/Base Application/Pricing/Asset/PriceAssetResource.Codeunit.al	101	55568887557bfc27c11f6fbdf57d1776a0897e1959d65dc09b898398e6d21330
Source/Base Application/Pricing/Asset/PriceAssetResourceGroup.Codeunit.al	71	a65c16121af37c8384c1d80f21b3f641346f997104b96728e5b2b86a949f04af
Source/Base Application/Pricing/Calculation/DtldPriceCalculationSetup.Page.al	23	ca2cdb02926b52ee500830e93d66eaefc19368ca5f9e55fa5c32000925de58a2
Source/Base Application/Pricing/Calculation/DtldPriceCalculationSetup.Table.al	81	d47921180367cb593f338c52f6141ea6000a098f84c08573d62860ad5c907aea
Source/Base Application/Pricing/Calculation/FeaturePriceCalculation.Codeunit.al	174	7f2cf7e63a656397537514849b2c1c33c4c6fa8c52c645cd4d8a6a668d908950
Source/Base Application/Pricing/Calculation/PriceCalcImplementations.Page.al	3	acc5e14db3600ef1ce0078a377c1476641c7baf323a94fc47f7bcc4cff210e37
Source/Base Application/Pricing/Calculation/PriceCalculationBufferMgt.Codeunit.al	169	c129147e1442233fc30cdb3803c1484bd18289b7aa77ff75786199925f87a8d5
Source/Base Application/Pricing/Calculation/PriceCalculationDtldSetup.Codeunit.al	57	6a8de42be1947177e6ae5e4d0f096b7341f17619b41f9fb84aec46fb44015b71
Source/Base Application/Pricing/Calculation/PriceCalculationMethodCard.Page.al	31	afc79dc0e2ce4220c9361093a3bc87f7dddbcfb0e3f9fd66bb1a9a136d9ebf2e
Source/Base Application/Pricing/Calculation/PriceCalculationMethods.Page.al	12	e7e619d558708a69c02355d8b14b83bc82e1169b1db2877e6c6eb348534f1a81
Source/Base Application/Pricing/Calculation/PriceCalculationMgt.Codeunit.al	95	653535f45f79c39e5052f2555a41c63b2a55cf31aff04c81e6d28b97d86d8eb9
Source/Base Application/Pricing/Calculation/PriceCalculationSetup.Page.al	4	2241cfb1d9dcc83994aa94973190bb4f512dfdc60e72b292c0c8ed29da986d90
Source/Base Application/Pricing/Calculation/PriceCalculationSetup.Table.al	79	0bde1594e1a30a4db9484dbdd37ff05f9f615a589ea86ad2ef449c545aebf893
Source/Base Application/Pricing/Calculation/PriceCalculationSetupLines.Page.al	11	1874298fe7455786eed684054d74efc64becc19694778ebb6a38ec9572dc1960
Source/Base Application/Pricing/Calculation/PriceCalculationUndefined.Codeunit.al	34	56b67c2fbdca21975c4c40398ab8233a76dc67670d77357aa8046bc31e34be3a
Source/Base Application/Pricing/Calculation/PriceCalculationV15.Codeunit.al	245	8c7688658ac5d7544566f577a0b3148f01c5a4dee7b65e71eb4b0fb2bd8dbbad
Source/Base Application/Pricing/Calculation/PriceCalculationV16.Codeunit.al	256	6a5fcf7952f931e53d8a5560f251e4038e2b251d45a7fa015203c2c1c751a9ec
Source/Base Application/Pricing/Calculation/PriceCalcUpdateParameters.Pageext.al	14	707f75ec42827cc04d8635d0e5648ba841d6c383fe72c44f85a225a060bdc8cf
Source/Base Application/Pricing/PriceList/CopyFromToPriceListLine.Codeunit.al	998	fc24f17f16ccf446348f9af3b0ba00d900b9e4f0a3e27fdaedb4098b2f86d5df
Source/Base Application/Pricing/PriceList/DuplicatePriceLine.Table.al	31	9d944e59345feeb0a70845fa78b52dc5d5a8c8bb2a66bba9e5554e70a2f52dce
Source/Base Application/Pricing/PriceList/DuplicatePriceLines.Page.al	19	134070c62efff879734333f9605476a4a6022737ed52705cb1b83239a703ff27
Source/Base Application/Pricing/PriceList/GetPriceLine.Page.al	31	71b2c26d0bad2b011188bd7d45fb30dce19418122f048a04e1a56b09803a190d
Source/Base Application/Pricing/PriceList/PriceHelperV15.Codeunit.al	237	23571a5b0f06e48ea56c3a60291dd62691a1dbcfd5131e9ab99132f9323c7cb7
Source/Base Application/Pricing/PriceList/PriceHelperV16.Codeunit.al	398	457f92715a350adf451452eaac6de5c5a96c936f36dd50d6b0c713c0148ba416
Source/Base Application/Pricing/PriceList/PriceLineFilters.Table.al	86	5554d30d14c78111633596adb90a0acf231fc7c887828d646df108225d6d4a1a
Source/Base Application/Pricing/PriceList/PriceListFilters.Page.al	32	c11e52d70425d8fc6ddec412f1f0db4ec8b03be4ef93eaeb009bba9624b312d7
Source/Base Application/Pricing/PriceList/PriceListHeader.Table.al	400	aa4d50a498e68b33432375f16e4b30668739380a98bdcd13a2a19042f0f74290
Source/Base Application/Pricing/PriceList/PriceListLine.Table.al	582	f20345cc1e528ec16d2f26433f0f0b7405887e517defe9ea0ea176a8bc12051f
Source/Base Application/Pricing/PriceList/PriceListLinePrice.Codeunit.al	87	44ba44ff02da8d0f6b5c7a0cc085f23a956b2a4ea0a05402d86c8edb4ccbe320
Source/Base Application/Pricing/PriceList/PriceListLineReview.Page.al	202	713bff73f562f601d69adf859db2fb0d9dd1c7b0ba4e1d7ba56ee8732e28fe4c
Source/Base Application/Pricing/PriceList/PriceListLines.Page.al	139	327299fc82ec3dc19eb7868fc73ae0c672791140d5366d64a6c5cde035af742c
Source/Base Application/Pricing/PriceList/PriceListLineSync.Codeunit.al	45	867f06ff5f86acabb94c70b4254c2e696d2eabb094e3a22bf745804f5241ebfa
Source/Base Application/Pricing/PriceList/PriceListManagement.Codeunit.al	708	cba29a96cc9013dddefb54e829bca07c50bc6dffbe03a43e8f23a556f64657f8
Source/Base Application/Pricing/PriceList/PricesOverview.Page.al	319	da24b5b5f716223f1c25002c4bb0cf48a53db1712b5aba60d32395e03b4a0474
Source/Base Application/Pricing/PriceList/PriceUXManagement.Codeunit.al	366	e0eb53feb5e669f572b2d9b5c8aa1b68b428801f1a1a7d50fed3c2d660e8bc6b
Source/Base Application/Pricing/PriceList/SetPriceLineSourceGroup.Codeunit.al	57	26bc427d0c6f2a4490d75943946d2607ae35d4cf17b4f57a0e1381f3c3efe691
Source/Base Application/Pricing/PriceList/SuggestPriceLines.Page.al	112	33a2abceec1071b6bd253765f6512063c4a85ee336795f0d3fba05b5f83539f0
Source/Base Application/Pricing/Reports/ItemPriceList.Report.al	285	560ba9c1475bbe4b32c72ed5b82cdea575f5a69735ca21db102e4a8b3bdab11b
Source/Base Application/Pricing/Reports/ResPriceList.Report.al	189	a069c151d0b951eacffea4f46d6bb8706a2802f2216205d9cd1c63d80f5bf9ac
Source/Base Application/Pricing/Source/PriceSource.Table.al	139	39e9a45a8475b2bb943edc89485e3281c1b269c4a28aafe87823a3a27b44a9fa
Source/Base Application/Pricing/Source/PriceSourceAll.Codeunit.al	15	a0bb3c6919107f9d53db2dc96c11c32525fbdefe9796f01aa4d538b32dce9b48
Source/Base Application/Pricing/Source/PriceSourceCampaign.Codeunit.al	36	8f119d4f3c3fcde243cb9ebf7cc63cdee1d4e917e72889092108dd3bd3d0aa0c
Source/Base Application/Pricing/Source/PriceSourceContact.Codeunit.al	59	fbd70f9b83c5bd22d466a8ded43963aa6e10670ca7c26a348c22f58b32fe6c6c
Source/Base Application/Pricing/Source/PriceSourceCustDiscGr.Codeunit.al	34	a7edcfc6d2d8783615bf0e8db54a5304f303da4e397acf5e7b0fa3681df296dd
Source/Base Application/Pricing/Source/PriceSourceCustomer.Codeunit.al	59	fda8b6b62bac3026a501f0c2a12746de09a0c7e012059a471618e52cc1b5f0a6
Source/Base Application/Pricing/Source/PriceSourceCustPriceGr.Codeunit.al	39	7b0070f2dcb6befeea0436be9fd07ae4490faef4470430d12090d486a30b9d29
Source/Base Application/Pricing/Source/PriceSourceGroupAll.Codeunit.al	4	45dcb000b08dcdd50fb086eb1ca2b66ede4e4e0531c27630d855a658379c061c
Source/Base Application/Pricing/Source/PriceSourceGroupCustomer.Codeunit.al	4	3cd034c492658fe0e5cd4cb65bd8c2782609442bd1fe6ede5f853ade0d047cbe
Source/Base Application/Pricing/Source/PriceSourceGroupJob.Codeunit.al	4	60f9faf7d8c0426c1a2eb35815975a80ed816ef8b7f3e21d2b9e4b6574bdb894
Source/Base Application/Pricing/Source/PriceSourceGroupVendor.Codeunit.al	4	fd65bc05610a2077f539ab945edf76092567b21372149396b5db95500a65a45a
Source/Base Application/Pricing/Source/PriceSourceJob.Codeunit.al	50	1c1efc6ccc5ffb08ca920d8e000cc9c4316fd47e27043b0b07ed0a87d43bd038
Source/Base Application/Pricing/Source/PriceSourceJobTask.Codeunit.al	67	c48ba4ec5965a1098bd7154f2c2b54de2e41aeeb42db0481295f456d9807dd24
Source/Base Application/Pricing/Source/PriceSourceList.Codeunit.al	191	4553edb1a8bfa5faf255a1be13ca9e3c9c7c4d4e5e416cfbb3624beb66606780
Source/Base Application/Pricing/Source/PriceSourceVendor.Codeunit.al	39	a34e2eb55fa770e10bb9c94e6453758c17643cec6031346f7dc20796feb9415d
Source/Base Application/Pricing/Worksheet/PriceWorksheet.Page.al	301	6dea54a1ed9ea8504af51f4be5a56ec38b8f02b7e4bc654a3cf29073e7f09f45
Source/Base Application/Pricing/Worksheet/PriceWorksheetLine.Table.al	490	218105844a4b1b1ee2c0c6e63fcf69dded091fee0422e3e0448da99c62ea1176
Source/Base Application/PrinterSelectionsFactBox.Page.al	2	72d5df308f8e1306e254b03289601f4ed1f0a34726ac44f19b4d22be7018c548
Source/Base Application/PrivacyNoticeRegistrations.Codeunit.al	11	74cb4526cf69eccab2df76f14e34f49ed45c03cdd402f852a9c5e8671cd0c6ef
Source/Base Application/PrivacySubscribers.Codeunit.al	46	ac05c6a803bf714b1926d4e60ec8d199e1a572b554a728dd4dc8ac4f0ccb618f
Source/Base Application/Projects/Project/Analysis/JobActtoBudCostChart.Page.al	26	960a54f28a45abcc426aa86ce53ffe60c7927cf4268a5f748524334946a182d8
Source/Base Application/Projects/Project/Analysis/JobActtoBudPriceChart.Page.al	26	3026a1f8242cc653a7755feef9f1e19d227f110f2bc53aa1a672c5620497fced
Source/Base Application/Projects/Project/Analysis/JobChartMgt.Codeunit.al	108	787c740c2af74d307c1a9c04221543508dc602b13d4f31bd29fd20d94f0eb9cf
Source/Base Application/Projects/Project/Analysis/JobProfitabilityChart.Page.al	26	9efdc084b58f8dcb9c2641c92bee0a9c77b7a987be094881bc72487ca7d75cfa
Source/Base Application/Projects/Project/Analysis/ResGrAllocatedperJob.Page.al	35	ad26e9c737541fb104cfdb1938634680e512644ed50d469944b8efe464e51827
Source/Base Application/Projects/Project/Analysis/ResGrpAllocperJobMatrix.Page.al	270	a37ca20ada6de4dd03837afdef547c4df0e85e107252b0a6f6d4e21e5f53c620
Source/Base Application/Projects/Project/Analysis/ResourceAllocatedperJob.Page.al	34	7282e725be5ea7baca972d52b2b48d35ecf18001153745d93eba29b82e0adc86
Source/Base Application/Projects/Project/Analysis/ResourceAllocperJobMatrix.Page.al	272	5479b3748443a4e42e5952ff0ce93cbd7e64c2d9789bd7e7fd401f8dd3902c27
Source/Base Application/Projects/Project/Archive/JobArchive.Table.al	62	9296f7b864449af6e38dcf341c008f5146f26d9ca6e80886b61f2ce56989cc3a
Source/Base Application/Projects/Project/Archive/JobArchiveCard.Page.al	70	43403e8e6c88a277a3f79d90d1dd17e22a4f3d90aba124e0cc972183f830513a
Source/Base Application/Projects/Project/Archive/JobArchiveList.Page.al	2	605217b9a0dfd42a2317b2625e822ebcfdd65e9a402ba2e4fbbcce3941f29986
Source/Base Application/Projects/Project/Archive/JobArchiveManagement.Codeunit.al	246	c585fa8a23554428c382b90eab7f5aac2f00690bfaedfa9307da1a34fbec82df
Source/Base Application/Projects/Project/Archive/JobPlanningArchiveLines.Page.al	2	cb0b942ac78383d5ddbe65033821ca1894198e6174b3cfb7de2bc945ff7228d3
Source/Base Application/Projects/Project/Archive/JobTaskArchive.Table.al	6	c1f8e47ba3f88680b0d90d6159dbdbe833f35ca3a9772468722451b86a574f36
Source/Base Application/Projects/Project/Archive/JobTaskArchiveLines.Page.al	13	613ade42c676c979fc971b739c6e56b3ac2c4f7470c444b3870e34d3abad06d3
Source/Base Application/Projects/Project/Archive/JobTaskArchiveLinesSubform.Page.al	21	a1034a1852782de7513057313cc82c00e0f0cde7780f72e84789a1b306e7aa12
Source/Base Application/Projects/Project/Job/ChangeJobDates.Report.al	70	6ae6476ff124cf1d2488fcea7a128e49839e8b8c69942a93d2954af960a3770c
Source/Base Application/Projects/Project/Job/CopyJob.Codeunit.al	391	2766390860415348de324a73b9c3052380880421b04273fbc8cc570218877e43
Source/Base Application/Projects/Project/Job/CopyJob.Page.al	109	561ae9bd94db7de534ed43e69b9e8492bc5e5ad290551226e41329b6d2d038e0
Source/Base Application/Projects/Project/Job/CopyJobTasks.Page.al	102	01b796eecac6858f7d97adacb6b94c10850f9fda7f830cf5f3ac1682204aab6b
Source/Base Application/Projects/Project/Job/Job.Table.al	1723	287b96f94342bc46e6994a0070f66a1623dcd8a961662419af1279e5d22e81e9
Source/Base Application/Projects/Project/Job/JobCalculateStatistics.Codeunit.al	230	b09ea1f0fac42d0292f056e390e38a88fd5890ff6dc5e9f35e7f05c3520de74f
Source/Base Application/Projects/Project/Job/JobCard.Page.al	310	d6dcef6c9f3d7a147fc584fc964dbe76b9e5cbe97d5b0a690fd669a22cbc0938
Source/Base Application/Projects/Project/Job/JobCostFactbox.Page.al	90	89223e2df905f6271f4addd40b5beabe9d97ed7a7e4a4577c10a2b903799a5fb
Source/Base Application/Projects/Project/Job/JobCreationWizard.Page.al	94	0f301793c8f87687b24086ad8e82d20c4ae3ece094f74ff77abf0a043a02d4ba
Source/Base Application/Projects/Project/Job/JobLinkUsage.Codeunit.al	201	3c43660b8dcd8d69212a460653870e4a999d9b45b6583cfa0e9548e384c85c49
Source/Base Application/Projects/Project/Job/JobList.Page.al	85	b5c3c9db549a7237ed7b7a8b261af291d0804a7a08cc29264db5b696d483058d
Source/Base Application/Projects/Project/Job/JobNoofPricesFactBox.Page.al	71	60c45fb847a630ab5f063ceb41687945057d3b52c434e8c6a8639637a4a2efae
Source/Base Application/Projects/Project/Job/JobPostingGroup.Table.al	65	3b2094c94ae32e572d35216840a4ebecbc25e291ef89a0149008970967f3301c
Source/Base Application/Projects/Project/Job/JobsSend.Codeunit.al	45	dc28048dbcbb04fa8f2077ac62b04dbe7f25aa4d0e779e2610060d0a74ac93cb
Source/Base Application/Projects/Project/Job/JobStatistics.Page.al	296	fbc2c936cd311d5ab3e0ede4bf2adde9b0a49a68d0d56510f0c718626aeec949
Source/Base Application/Projects/Project/Job/JobTask.Table.al	934	862e860a8037d5f763e121013d3e076f56184c803d6a266917190d2d5090bf50
Source/Base Application/Projects/Project/Job/JobTaskCard.Page.al	174	d4571bb8e159433b1010ece8415146684db79ed0691485d86c2ff882a3831c02
Source/Base Application/Projects/Project/Job/JobTaskDimension.Table.al	35	5dab844180adc59c0121f9833574c05d3aeda91d1b3524cda6ef32acd3030169
Source/Base Application/Projects/Project/Job/JobTaskDimensionsMultiple.Page.al	147	3ff3c7d389d2f9427a17ad1483c100a92fc5d2e4ba7c812c887c765fd5e6779f
Source/Base Application/Projects/Project/Job/JobTaskIndent.Codeunit.al	51	0860ec2289449ea345b9d5283d0c10a7dc6a7a59ffcf5f6b4eaf51930e22ee0e
Source/Base Application/Projects/Project/Job/JobTaskLines.Page.al	93	14f1cd9277831382dda7909dbbbefa58f02785c571608cacae42fa43968a33bb
Source/Base Application/Projects/Project/Job/JobTaskLinesSubform.Page.al	121	fd08ef66352eb124cee6c78813dc4067312f63aa480cc79f421df60b79203091
Source/Base Application/Projects/Project/Job/JobTaskList.Page.al	17	affba2a187197b034706a3822351b60841781f4ab4a1fcf03d85460633ea11f9
Source/Base Application/Projects/Project/Job/JobTasksSend.Codeunit.al	46	4ac1e5a198b2a9b018234d10573653472306898fa7e27cd30ce3fe48b64b4ec8
Source/Base Application/Projects/Project/Job/JobTaskStatistics.Page.al	297	fadb25c2f3c778c8bf35fa33c959080ceb2980c2ff3aa0f0041939e4d20250ce
Source/Base Application/Projects/Project/Job/JobUsageLink.Table.al	12	221469f8769bbd966b996765a5844b9842aedd3368c657b4fccd68a41a00081b
Source/Base Application/Projects/Project/Job/JobWarehouseMgt.Codeunit.al	75	f9c6982c3c67073bf1b88a4a2692f6051ceac82e96e959755db0e2de31eb569c
Source/Base Application/Projects/Project/Job/MyJobs.Page.al	15	78faceda1498c894d0432d70cbe54d22c672bc0cc4072fe219199bec50897283
Source/Base Application/Projects/Project/Job/PurchaseDocFromJob.Codeunit.al	68	28eba9725d4eda2095e0fd933474d7d4d6de1b4662067c8e122b86255cf27758
Source/Base Application/Projects/Project/Job/UpdateJobItemCost.Report.al	155	63ab07f42e4cbe51832c7cab99fd451f14b73451f52150180b9090eb3502596b
Source/Base Application/Projects/Project/Journal/CheckJobJnlLineBackgr.Codeunit.al	83	4722180cd75fa00830c4c17ffdc3f45aa117f26c0bcb807d36c0f1a1dcc16254
Source/Base Application/Projects/Project/Journal/JobBuffer.Table.al	170	28df46e40fba83efd9607e67ea1ec304d51095c195b0fb5436a81fa9e2bfc2db
Source/Base Application/Projects/Project/Journal/JobCalcRemainingUsage.Report.al	48	472d67d972ea1c4254e0fe2c912df3b2c23cbe5b6b5fee7990d66a62d42d6928
Source/Base Application/Projects/Project/Journal/JobCalculateBatches.Codeunit.al	378	4700632c1f91f741ac1527cf6bd6536184bf7f1f9c30a9fcb38ef46197326e17
Source/Base Application/Projects/Project/Journal/JobGLJournal.Page.al	201	fcab80f4c2bcf554feee60d25253be0a332796117d001d97c489a80d17850fee
Source/Base Application/Projects/Project/Journal/JobJnlLineReserve.Codeunit.al	182	8e8dfd8e138c7fb39ad80b528eb3dea1d126260aeaca13764bd25b04ec47423f
Source/Base Application/Projects/Project/Journal/JobJnlManagement.Codeunit.al	211	bfe71e49c3a95744ae3584f3fadc9675a42cffe41df63f4b0bd4a3dc4793a253
Source/Base Application/Projects/Project/Journal/JobJournal.Page.al	185	23ab1ab18efcaf934ec69ee9f16665af944a6e8a6bd526f42994b8d30f7ff278
Source/Base Application/Projects/Project/Journal/JobJournalBatch.Table.al	49	6293cea8b98bd8fcb7b04c14fbd81d6f518008dc2a44e124ac1469947c640d7d
Source/Base Application/Projects/Project/Journal/JobJournalBatches.Page.al	16	5614962f56b952278c1d92f5689633208828684308d633bb1b055b3688b3d65c
Source/Base Application/Projects/Project/Journal/JobJournalErrorsFactbox.Page.al	73	9264c4464aea9e3cffc69e8ae2adec25e02307484e32e3a73271c07908d24376
Source/Base Application/Projects/Project/Journal/JobJournalErrorsMgt.Codeunit.al	59	56aaa82824128f4e0a975ada0574e761a8ef287d90501e678b9779e2958a63b6
Source/Base Application/Projects/Project/Journal/JobJournalLine.Table.al	1443	00689a7c92b4ef00fe5f0a7137a4152dc27efcfb0a935bd6a9458a310403ab03
Source/Base Application/Projects/Project/Journal/JobJournalLinePrice.Codeunit.al	167	9861a5c3bbacf6db4e6a6305b7e8f1b992415798834f8728d7ee9a338babff77
Source/Base Application/Projects/Project/Journal/JobJournalReconcile.Page.al	75	cfce2a444494a9a3a5c396b4c0c7c55c5ad11d03148bafd4fba3b765bbecc499
Source/Base Application/Projects/Project/Journal/JobJournalTemplate.Table.al	45	51ac05bdba4fa8904e18c01108890354c18b9637fe017df85a5d9eb51749339a
Source/Base Application/Projects/Project/Journal/JobJournalTemplates.Page.al	5	149af870ccf4513db94cb359139a0605dc242d0e583064d1c741ea2b42126f15
Source/Base Application/Projects/Project/Journal/JobTransferLine.Codeunit.al	690	227db43a884b71d860b747ad9dfe358becab479458f9f1c3cc71d5b67f14d197
Source/Base Application/Projects/Project/Journal/RecurringJobJnl.Page.al	90	46888b9253ade13512c2a33c30fd52aac8583b43e71456b8a942252c1f053795
Source/Base Application/Projects/Project/Ledger/JobLedgerEntries.Page.al	30	ba362b1e2b3742b86a617cbe0fe46e83541baf78a87045ffa12f6243c46d4af1
Source/Base Application/Projects/Project/Ledger/JobLedgerEntriesPreview.Page.al	30	27c151312586f9e18e154d0608cf9fdd4a8b9680fdcad6dbaecd936ef6149c84
Source/Base Application/Projects/Project/Ledger/JobLedgerEntry.Table.al	27	82949dc551656a112df70457dba4859ee5593bde868e4316a2693afa9f8d05b6
Source/Base Application/Projects/Project/Ledger/JobRegister.Table.al	10	ff01b0b84c11e5c4b0b8e6bd62795be2dc7b9254ae7ff2a6c283427c4a149ab1
Source/Base Application/Projects/Project/Ledger/JobRegisters.Page.al	2	ee631437eb62cf02a467907305a05465dba6fe8c0c665028577ded4f090e6eea
Source/Base Application/Projects/Project/Ledger/JobRegShowLedger.Codeunit.al	5	667884df30dd8800d5cd13bb267f1add76a4d2375ea1470e497dc572f50b9c29
Source/Base Application/Projects/Project/Planning/AvailableJobPlanningLines.Page.al	90	b66b7e7795ea39bbab9721a501e967add605344a8d477d6f7452b91d51d45c2f
Source/Base Application/Projects/Project/Planning/CheckJobPlanningLine.Codeunit.al	19	4003179ff27326beb5719d8a1b90e0bf70a8f6ecefbc23b14a65bcde0cb381f8
Source/Base Application/Projects/Project/Planning/CopyJobPlanningLines.Page.al	87	d31d0c240ebd3930b08226d3a846da58422d59a98cf7f520b3049c55ef0f829f
Source/Base Application/Projects/Project/Planning/GetJobPlanningLines.Page.al	22	f2a46d961eab23849cf532c1c51b1767bdce07360f365bcfa39f547a3d3689bb
Source/Base Application/Projects/Project/Planning/JobCreateInvoice.Codeunit.al	964	0c65b153941ecd84edf650e684d0ff20dac8d6ab6bc1c3d9c468d43772feeb8e
Source/Base Application/Projects/Project/Planning/JobCreateSalesInvoice.Report.al	39	e10bd192ec8ee09004a3790b55333c046562d77bb783a204766646b661a94f4d
Source/Base Application/Projects/Project/Planning/JobExplodeBOM.Codeunit.al	174	0c743bbcd6f5d476d337a7f84af56d2073cf8e0691dc2e8f506cc9f42fc77501
Source/Base Application/Projects/Project/Planning/JobInvoices.Page.al	25	7657f19c49bdb5dc1fa6e1befda4fe941dde0ed9cdc50a83bd5adb94cb77da36
Source/Base Application/Projects/Project/Planning/JobPlanningAvailabilityMgt.Codeunit.al	323	e725649c06d2df5cb7947cb3964b5782b73f5abea826403fc4bfebd960a18b59
Source/Base Application/Projects/Project/Planning/JobPlanningInvtProfile.Codeunit.al	69	4e2551691c1fbc4983745663cba4dd68983afc91e4ed1d9b9f6a46e59aba8db1
Source/Base Application/Projects/Project/Planning/JobPlanningLine.Table.al	2091	4fd9682b03de95ea615a8ece42ec5f7305e66d8df197849d75e5d95cffccc26e
Source/Base Application/Projects/Project/Planning/JobPlanningLineCalendar.Codeunit.al	191	052abe12aa2e8ffea9b9600b0d2373d597676310b72ff9ca8176e8ef287ab9f0
Source/Base Application/Projects/Project/Planning/JobPlanningLineCalendar.Table.al	48	6ba82fb3242de929397a8617670f9cdd6ecb7fbaa231ae0554a3871e4a527818
Source/Base Application/Projects/Project/Planning/JobPlanningLineGetDemand.Codeunit.al	113	438d2f50f1e64bc70f658f11ff72246f3974669252b73bd900c433fa3daa194b
Source/Base Application/Projects/Project/Planning/JobPlanningLineInvoice.Table.al	14	0b2643a26f4387d29871d0ae10ba18b79844ee50b87a356c1785a2977b21f6c0
Source/Base Application/Projects/Project/Planning/JobPlanningLinePlanning.Codeunit.al	50	7637a652e06861a69a0bb30a5375e3938db8b675ae995bb319ee0ac8b472d26e
Source/Base Application/Projects/Project/Planning/JobPlanningLinePrice.Codeunit.al	166	e6d8f509d038381000728c23e37cb870b77472aaf470f5332c3036a27d237dd3
Source/Base Application/Projects/Project/Planning/JobPlanningLineReserve.Codeunit.al	613	6a2ea6c58f6507556fcf798538091db54c89f3bf89b0505efc87a379bd6bd427
Source/Base Application/Projects/Project/Planning/JobPlanningLines.Page.al	309	e57c1548e25a94977741309600832d8d5f3316e21cf8ee27161f099ceef78170
Source/Base Application/Projects/Project/Planning/JobPlanningLinesPart.Page.al	243	392ddf98a925d01ff300b712151d0dcd5658416a4037c28106e1c5e27fcc041a
Source/Base Application/Projects/Project/Planning/JobProcessPlanLines.Codeunit.al	52	1ed71359102c935c5c64d23d7f4653ef5b4f3bd799ff6b39be93e5d93ad92d87
Source/Base Application/Projects/Project/Planning/JobSplitPlanningLine.Report.al	11	03c90742ad67a9693aae757d7162c9fa33a2ad4afed76363cc96a5274dddd66a
Source/Base Application/Projects/Project/Planning/JobTransferJobPlanningLine.Page.al	47	0a79f42977f90101dbe249f232ac66832315494a90b09d8fdedf64a3ef8f2492
Source/Base Application/Projects/Project/Planning/JobTransfertoCreditMemo.Report.al	112	8193a73bee41b48d1931a5003dbee2c8d8f236ffcfda5daa817cbff40fc080c0
Source/Base Application/Projects/Project/Planning/JobTransferToPlanningLines.Report.al	4	32f8a47d5bf531b5d67f5b10dcec99e7e5e652f90742a9c8c07bc3a18b6a0d28
Source/Base Application/Projects/Project/Planning/JobTransfertoSalesInvoice.Report.al	116	e1b9156bca0dcc5c09074a836cfeeae6a58e1a6aa3aca43ea236831b4239f091
Source/Base Application/Projects/Project/Posting/JobJnlBPost.Codeunit.al	40	5dced49ca2ff7612b9e432896eb9992b36c03df072c650d108e9a55cde5fd477
Source/Base Application/Projects/Project/Posting/JobJnlBPostPrint.Codeunit.al	43	6d760bb070011d0b71695d54e9d8b5fb464eda1335e4fa301752206615737b9d
Source/Base Application/Projects/Project/Posting/JobJnlCheckLine.Codeunit.al	147	31be97ff0089eb7c47c339baff2059b9f051864bb62343233507193bd12f66ae
Source/Base Application/Projects/Project/Posting/JobJnlPost.Codeunit.al	60	e5ac89e8f78f22f239ba2721e51c4715be873498392d5908f8562df77fd046c2
Source/Base Application/Projects/Project/Posting/JobJnlPostBatch.Codeunit.al	275	76f9fffc5483e25984a268cca2e08ea3dc60092fc80176dc45b04cb09a507449
Source/Base Application/Projects/Project/Posting/JobJnlPostLine.Codeunit.al	511	d1077618e8a5378c44aa6a442c1530a1e6d3a24c2da6fc423aaab6165f641181
Source/Base Application/Projects/Project/Posting/JobJnlPostPrint.Codeunit.al	45	e29e60de2d64cbc3c24798fd42884acb75828429c37a0c434431678874033daf
Source/Base Application/Projects/Project/Posting/JobPostLine.Codeunit.al	381	af37d76235c43c2fcb95283d799be4745b2630bdb5ff28defaba06fe3e5fd2c6
Source/Base Application/Projects/Project/Pricing/JobGLAccountPrice.Table.al	38	7673bd66ef4c5a0dfe8482c603cfb3274c8367de2e124c2918cd6f06e5a048dd
Source/Base Application/Projects/Project/Pricing/JobGLAccountPrices.Page.al	2	ea913c034c9bfd8fbb66fbbfd3b4c72df56e5ea2d8ea21e707aa1c9b57454100
Source/Base Application/Projects/Project/Pricing/JobItemPrice.Table.al	42	402b1e4225c49a52f035b7d27050d68949c13898f099ab9ef3751337fc9957b6
Source/Base Application/Projects/Project/Pricing/JobItemPrices.Page.al	2	a208161f327e4bd5c057e073a1bc69c4644bd275b3b2bae4df8b60f9295b32d0
Source/Base Application/Projects/Project/Pricing/JobResourcePrice.Table.al	70	8d49b2f9b679c08ce71e67039420370d3f71493ff72ecdbacd64c1e9e5d954fa
Source/Base Application/Projects/Project/Pricing/JobResourcePrices.Page.al	2	1114cfd650f5ac465917d281cdb5f55133f71a228d8af224f77e96d69f1a0605
Source/Base Application/Projects/Project/Reports/ItemsperJob.Report.al	17	e6996f47d69d3b4993fff00ae31e380a16029d7f534de7003ae8b447292fac7b
Source/Base Application/Projects/Project/Reports/JobActualToBudget.Report.al	87	3c643765946cc55c39aeb41b41064ebb7e8e486017b443e43fa0e173393e5417
Source/Base Application/Projects/Project/Reports/JobAnalysis.Report.al	42	6e7ec95c6f7ddae098174f907b8117b27cb4d6c639dc9cdda0accfa2cfb979e3
Source/Base Application/Projects/Project/Reports/JobJournalTest.Report.al	198	33f30873fee1bca411ab22d4b3ee12f07c7d3d87740e43cdcc9e64bdf8644ffe
Source/Base Application/Projects/Project/Reports/JobPlanningLines.Report.al	66	32d05266209c39eeb079f37b210a95c13b0ffd3c9e244d97b692c959a93e4aec
Source/Base Application/Projects/Project/Reports/JobQuote.Report.al	62	88f43d6edc67b7738e7dfe747e9435e27d096edc646d72866147931f6bfbd0c9
Source/Base Application/Projects/Project/Reports/JobRegister.Report.al	4	d73f1b9a59ecf1dbf83b9c7e69e99b9c366fc45071e53eff8e3af3a176ffe95e
Source/Base Application/Projects/Project/Reports/JobsperCustomer.Report.al	12	2d557ee4c001c36d5700e2e458209c4faf27a288ae3636a8007340c5be739b8f
Source/Base Application/Projects/Project/Reports/JobsperItem.Report.al	17	f9c908f3c43f9f7a0fe04e9f9b6d3d0cd053b60ffca3dc8b9bd15edb93d5dac5
Source/Base Application/Projects/Project/Reports/JobSuggestedBilling.Report.al	81	816bde53201de0e3c3a2c78cfdee2f056d8696c0c54922821b1c9a46b7d0056e
Source/Base Application/Projects/Project/Reports/JobTaskQuote.Report.al	41	c7d34e5e82707d6712e86ec5167c38e88fecef097a7e2fb908a234eeb896dd0e
Source/Base Application/Projects/Project/Reports/JobTransactionDetail.Report.al	50	490ac1944415ac2c6b38ab5023e03a9c2e88e8b57ff2aa4294084a7a2c8e4ea1
Source/Base Application/Projects/Project/Reports/JobWIPToGL.Report.al	44	0addec4f2854f7e6ceb03893e580710fdcaf16fbaedf51891d898acf8b4315f8
Source/Base Application/Projects/Project/Setup/JobsSetup.Page.al	7	fd065c9fbd670c04c329ef66d89fd30c48eb5032b7d1664265b2eb0e4a4d8839
Source/Base Application/Projects/Project/Setup/JobsSetup.Table.al	34	3554338241627d65ec665f2b324112c6a19ea42990cb050a810a0e04bbac4bc1
Source/Base Application/Projects/Project/Setup/JobsSetupWizard.Page.al	372	6543d44ca4c71d34a48a3904936f29f4e5c338f6e0b19b072f6cc64834600f32
Source/Base Application/Projects/Project/Setup/ProjectsDataClassification.Codeunit.al	270	b8939b75ec178039440b5f3c1921ada742d957232065220f44d18dcbbad76266
Source/Base Application/Projects/Project/Setup/ReportSelectionJob.Page.al	35	a1300368644f92e4fc695eab1c7fc6ce5dfabc84ade6913f497d5cda19945032
Source/Base Application/Projects/Project/WIP/JobCalculateWIP.Codeunit.al	887	f69fd37f9622de560e981da8000df15bf7685eedfee54461197a1808e5195f1c
Source/Base Application/Projects/Project/WIP/JobCalculateWIP.Report.al	53	a6a260df7dada7c42bae5e45c4cce04556ae8754ddf46f342d2897999a0ada2d
Source/Base Application/Projects/Project/WIP/JobPostWIPtoGL.Report.al	64	28bf840a456076dccc997b9c3d90368b46e3d4dd2caf362137af608ef8c5578d
Source/Base Application/Projects/Project/WIP/JobWIPCockpit.Page.al	57	1426fd8128aca248cf8b9bd2d51bd295935d36ff91d16c5b1eccc792a9669912
Source/Base Application/Projects/Project/WIP/JobWIPEntries.Page.al	8	2267615bc6cad9d46fe3478c3d19400d5743695f68aa81f8c37ed7449bbdde59
Source/Base Application/Projects/Project/WIP/JobWIPEntry.Table.al	12	27a9681e4df553316cf7ea00a38630b4aff7184c046b2ff1a1290a8dafa0aa2b
Source/Base Application/Projects/Project/WIP/JobWIPGLEntries.Page.al	11	56f279f682c1f981d4d7e6973b07861bff7a3c38e4453061354ed4be75a45e32
Source/Base Application/Projects/Project/WIP/JobWIPGLEntry.Table.al	6	e26beec861943339808b40adb3e792e3b4c476c0d73980c7f34314a26647b569
Source/Base Application/Projects/Project/WIP/JobWIPMethod.Table.al	43	251828d2188a77481df8ef5dd1e011a68bb56a99727b8d8fed28dba4c7041fcd
Source/Base Application/Projects/Project/WIP/JobWIPRecognitionFactBox.Page.al	4	c1852e4d27f87208fd3eef7c8aaa74485b98b280fd5cb2a6170cc37d2ec88c17
Source/Base Application/Projects/Project/WIP/JobWIPTotal.Table.al	11	673079f01c277ef1ce398f09bab946b0c3017c3da8d788185d129bfcedb7ba05
Source/Base Application/Projects/Project/WIP/JobWIPWarning.Table.al	42	0b3b490ce8fab59f1872bee9e669d19e10d4fe42351cbafb137225434eb4c0ea
Source/Base Application/Projects/Resources/Analysis/ResAvailabilityLines.Page.al	39	ffe976573107913bbe7d50be2fb5e4127f9a36f69362b1520f54309579c8dae9
Source/Base Application/Projects/Resources/Analysis/ResGrAvailabilityLines.Page.al	33	ce64117547f3c87802326a3b18cbe2d48938b18d5a4f5aafbf10d09ac6581ed2
Source/Base Application/Projects/Resources/Analysis/ResGroupAvailability.Page.al	54	23aae8ead6adc0f7a5601071eebc95edbd4d9cf8392115d1081bfb2bf4f7f695
Source/Base Application/Projects/Resources/Analysis/ResGroupCapacity.Page.al	33	6c51dd5d25121dd15234d85dd24da681a7b1869629bda0eff7b6a26ab8f096ea
Source/Base Application/Projects/Resources/Analysis/ResGroupCapacityMatrix.Page.al	113	efb7e0c36b744951d942f41827e2131de9f6068a8c05e8b23de14ae9600ca3ca
Source/Base Application/Projects/Resources/Analysis/ResourceAvailability.Page.al	54	d89464448637b7c5e834172ed19eed81e46e9d1bea99fca039022b8e44f12bd4
Source/Base Application/Projects/Resources/Analysis/ResourceCapacity.Page.al	33	afb5a5b76ed78ac740b22235ebfbb3d5579f2b53fe449e3c8281af8bac4e6e15
Source/Base Application/Projects/Resources/Analysis/ResourceCapacityMatrix.Page.al	97	1ae3f70569461400c31bee9cd560bd0b83444343ef7d3e2ab4138560f150b2a7
Source/Base Application/Projects/Resources/Journal/CheckResJnlLineBackgr.Codeunit.al	83	c3c29d7dfa992033498cd6bd477f2c3cfc811c63b55769891b8c4440523d32bc
Source/Base Application/Projects/Resources/Journal/DateCompressResourceLedger.Report.al	298	c8970fe71f0c03c9e8d00c862bf4f9b8062e8539d35bd515ea8d1ba2dbcf73b6
Source/Base Application/Projects/Resources/Journal/DeleteEmptyResRegisters.Report.al	25	c8f0960d37532e59ce59cf2e1c81784f322083ad285da38837c1ad10be8ec6bd
Source/Base Application/Projects/Resources/Journal/RecurringResourceJnl.Page.al	74	b937e3cb9c6c852d34e28e8506f77e4416bebd235aecc28ef9725853042972b7
Source/Base Application/Projects/Resources/Journal/ResJnlBPost.Codeunit.al	35	7459fc9e82abfec70e5b27bae9b07f0581f2bc1a9ffbdecbff822f52448a7689
Source/Base Application/Projects/Resources/Journal/ResJnlBPostPrint.Codeunit.al	43	488f7848c8ce48c119f977847792f8ab8bd7d42660472bdd4f694a0bba84a65a
Source/Base Application/Projects/Resources/Journal/ResJnlCheckLine.Codeunit.al	53	b018fb3d31556de0ff854a397b987f9c28addccbecc07c2941167a9ded931a4f
Source/Base Application/Projects/Resources/Journal/ResJnlManagement.Codeunit.al	152	5ab1ca9b640fcac242dea2f5b6e7ace982e764a0d4c1c6ba0d0a856ddeb1d48e
Source/Base Application/Projects/Resources/Journal/ResJnlPost.Codeunit.al	32	57caa3968300ffd44eabdf26a523ed25ad6827c8b5c5f50cb70412f55e45e646
Source/Base Application/Projects/Resources/Journal/ResJnlPostBatch.Codeunit.al	202	a016e4b7685692d6f9eac761f1816f30e859e9e2e548c4ae8c76cf1e9bfbdb40
Source/Base Application/Projects/Resources/Journal/ResJnlPostLine.Codeunit.al	154	a16430e3ceba89d9af3104aad1884b5f5a4a9f9b823a5972f8ecbeb0d09029ae
Source/Base Application/Projects/Resources/Journal/ResJnlPostPrint.Codeunit.al	42	feb95a63518c2873922f9f4d29690b5069a4614413d317cd5cf6cc9e198aea70
Source/Base Application/Projects/Resources/Journal/ResJournalBatch.Table.al	49	45fa49dd1afe0aa31af84fa7d68ca6b448f786ca15de679a17e6c0047b5deff9
Source/Base Application/Projects/Resources/Journal/ResJournalErrorsFactbox.Page.al	73	0b962796cd88503003c07c85982ea3210a369fde8a05404f351e055b8aad61bb
Source/Base Application/Projects/Resources/Journal/ResJournalErrorsMgt.Codeunit.al	57	4008da3c5068e538074b325e3d8c9ec37e6b5d23615077b3e913347606c554f6
Source/Base Application/Projects/Resources/Journal/ResJournalLine.Table.al	332	30c16dac46c3316e74f0508244d59e8b77d0479ff56822595db222b13b62a777
Source/Base Application/Projects/Resources/Journal/ResJournalLinePrice.Codeunit.al	112	4662118219e0dcf720464999b912025c8e8a207c3f5359ed99315852b77d8405
Source/Base Application/Projects/Resources/Journal/ResJournalTemplate.Table.al	42	de56e051053586a6d58d2987ef6ff42d2fb51798115f7fc9731b9061060592d2
Source/Base Application/Projects/Resources/Journal/ResourceJnlBatches.Page.al	16	693ee63b4bb9fe4187731ac6ccae164adddb4d531b2f122ba3d15122b2f0da73
Source/Base Application/Projects/Resources/Journal/ResourceJournal.Page.al	122	3334389588fe4b85f81b37714540896a7c3d859825eb5f426d867f525d090d24
Source/Base Application/Projects/Resources/Ledger/ResLedgerEntry.Table.al	42	9f102c31d542b033e5dcf253dc63687543bc55186988caf47b3722e5cd517375
Source/Base Application/Projects/Resources/Ledger/ResourceLedgEntriesPreview.Page.al	10	3600c7878f7587eac65c6e8e989b8ef7bf9125b67a6016f17bc223e33402b464
Source/Base Application/Projects/Resources/Ledger/ResourceLedgerEntries.Page.al	18	3093bf5e710c9ba1942b9439ee9648776eb65b481b0178093332923a2323bd31
Source/Base Application/Projects/Resources/Ledger/ResourceRegister.Table.al	10	6bcb134d4456bb375dcc6877c89aeebb8dc37aaf8ca353bd685df6e096b110d8
Source/Base Application/Projects/Resources/Ledger/ResourceRegisters.Page.al	2	38491d47f73b4ba6d9475a3e0577444d47a9a4086329cfef6a9880b3799cba9f
Source/Base Application/Projects/Resources/Ledger/ResRegShowLedger.Codeunit.al	5	68165d58704e0d4f20cc022b3b4a59dfe0b813509c0c1284582c395e57ebd240
Source/Base Application/Projects/Resources/Pricing/ResourceCost.Table.al	10	4c65baad11afe4261b8399ed07894e19b1c69bc5b4b384480dd8f8299bb9f60b
Source/Base Application/Projects/Resources/Pricing/ResourceCosts.Page.al	2	d93fcd24757aa1cf61ab4e90723d1c0c711f1d717141db3fa5f6e0e0d5d484c1
Source/Base Application/Projects/Resources/Pricing/ResourceFindCost.Codeunit.al	35	bd487e9ee1759345dc7893a995d54bba7269cdaf2e6fd6c73dcb4cebab1b23f3
Source/Base Application/Projects/Resources/Pricing/ResourceFindPrice.Codeunit.al	43	e5d5e005f860268156df34074c2adb80b778dbb18d2db658f98c31009570da4f
Source/Base Application/Projects/Resources/Pricing/ResourcePrice.Table.al	6	56b0d6d1846c06d87875a4e6ca9e725333c493fc8213964dd9436d4c34922395
Source/Base Application/Projects/Resources/Pricing/ResourcePrices.Page.al	2	ee3b17570d9457f4bbd4dcdd9f66fb87c41a273bdfcc315f0a1e15ef563475ef
Source/Base Application/Projects/Resources/Reports/ResourceCostBreakdown.Report.al	8	7b51cd51434f2bd60646fc6173f32e197b60bf9c35f723c88d1e833adf282f44
Source/Base Application/Projects/Resources/Reports/ResourceJournalTest.Report.al	155	fac473189741004807df446042d10d60ab902f8d92ea8ab29669f45abaa7afd0
Source/Base Application/Projects/Resources/Reports/ResourceList.Report.al	9	171121639f95fdd0e271e7f04882339c437a0b929dda8271ad4aa714d2e5486c
Source/Base Application/Projects/Resources/Reports/ResourcePriceList.Report.al	83	409040df610f068d285e0a12df67b86b15a266b1ce471197c7dc133a6bb56d0a
Source/Base Application/Projects/Resources/Reports/ResourceRegister.Report.al	17	f8f44ab0604b1b4603ea2a948eabd10fbecf4e4578be4aa12d59fd8d62b62721
Source/Base Application/Projects/Resources/Reports/ResourceStatistics.Report.al	4	2c1c851b9e443e651d98231f9667ed23136a3323b8c3ee14ce9221495d1163e2
Source/Base Application/Projects/Resources/Reports/ResourceUsage.Report.al	4	d70342d5b51f7533f0a9f53c577cc1363e12f0ce18db98e197c2fea1b0319f3f
Source/Base Application/Projects/Resources/Resource/AdjustResourceCostsPrices.Report.al	39	7f50b1fa9cd778dc0582ffd35f3b4b18bce9f567d398f5f2a952a7e0fd3471a0
Source/Base Application/Projects/Resources/Resource/ImplementResPriceChange.Report.al	22	d56aabefc99ddf94cf961b96e18e37c9ac9b21923a79693f5f40c9bd6287ff3b
Source/Base Application/Projects/Resources/Resource/ResCapacityEntry.Table.al	3	637499ca3e12987ec3d0455c92f3d146e866e54221147a2898320fec6fab1ab1
Source/Base Application/Projects/Resources/Resource/ResGrStatistics.Page.al	38	a4ed0531d2e696fe6cd62fef31f06a68ab5155403dbae2b4199c6c366de23636
Source/Base Application/Projects/Resources/Resource/Resource.Table.al	353	3e4e3c7b678d62bc3712a873a042778592dfe0b3fb1dc718a4048fac8e464900
Source/Base Application/Projects/Resources/Resource/ResourceCard.Page.al	43	328f9a80c93459ac7d40fc9db72f043f60da6a05d1ae3ca2d4ddf17ab5b5fb6f
Source/Base Application/Projects/Resources/Resource/ResourceDetailsFactBox.Page.al	49	ca738e78e57ce0ab80ce827cc59548098ed45a5b4641c4a81cefec3c96c6530d
Source/Base Application/Projects/Resources/Resource/ResourceGroup.Table.al	39	69087dda9848d8d5d0cc22a4a1ffffaa28185a65db337a70740b2cd0b843973b
Source/Base Application/Projects/Resources/Resource/ResourceGroups.Page.al	10	a9f9010e0e6dc32d31e7c569b393024aeb9483533119da4b66e926533d311fbf
Source/Base Application/Projects/Resources/Resource/ResourceList.Page.al	47	48846420f088408806ef6827b64905546f6d60ff26e745b0b832caf5b02aa141
Source/Base Application/Projects/Resources/Resource/ResourcePicture.Page.al	47	e9995badeaa4a0c73bc9688559cede3f7f4cfe82207ba322e73bf811069365de
Source/Base Application/Projects/Resources/Resource/ResourcePriceChange.Table.al	6	6cff376089fa9c48d87d51890d1c3615bd20cabf3b096d5aeeaade1530d6fded
Source/Base Application/Projects/Resources/Resource/ResourcePriceChanges.Page.al	14	1c7126b7f22e743d03a9baf81e2fd506c20a7dced792fbbf4f1d670d35d01dcb
Source/Base Application/Projects/Resources/Resource/ResourceStatistics.Page.al	38	019d768de42534d4cd01b94edb0a682e32e5ae83ee23e59ff1f5d35879fb9d20
Source/Base Application/Projects/Resources/Resource/ResourceStatisticsFactBox.Page.al	56	4c13bd90c28fc61274b65c7758d02710ccbc1691208cb0768049392df5f234f9
Source/Base Application/Projects/Resources/Resource/ResourceUnitGroupList.Page.al	29	b3396521d5916546511578d2360aad593ee908cc3de9daa88133a21483ae27a5
Source/Base Application/Projects/Resources/Resource/ResourceUnitofMeasure.Table.al	32	a2b8b152cfc7f4da0c8ee62f1569b22c0efd619302b0732aa016fbb939e74355
Source/Base Application/Projects/Resources/Resource/ResourceUnitsofMeasure.Page.al	44	eb9c502a3741816e2ea62b3d32b530dbab81a6894e6eb12bf875eb47b400e09c
Source/Base Application/Projects/Resources/Resource/SuggestResPriceChgPrice.Report.al	89	9169a8ca1addaeea38450a574de31f126fa2522798b3787d0586482a3d8b8d08
Source/Base Application/Projects/Resources/Resource/SuggestResPriceChgRes.Report.al	65	3dbf402349dfe63240d8d7676558db0add57584f2c73dc4a3042e97a05ee77ee
Source/Base Application/Projects/Resources/Setup/ResourcesSetup.Page.al	6	21d9adca6ea41ec1386014711e2a228a10e457e147aa2e108a7c84056a0139ef
Source/Base Application/Projects/Resources/Setup/ResourcesSetup.Table.al	19	d802dd104deb0165f304c16dfb2ca300c90fd6fe798384d1f9b60f9926f65d61
Source/Base Application/Projects/RoleCenters/ProjectManagerActivities.Page.al	50	29129c1b70df72115184f5796ccf6aac5110b0517157811c04459449e5888c9d
Source/Base Application/Projects/RoleCenters/ResourceManagerActivities.Page.al	8	47b6c40286174c9106905b80bb3bd7daedf895c5215cfd1b36e39a11d7a67383
Source/Base Application/Projects/TimeSheet/ActivityDetailsFactBox.Page.al	53	de306c14964d9f9120c4393e7688b72e14c7affa133a4a1095f2c4d1fec96f7a
Source/Base Application/Projects/TimeSheet/ActualSchedSummaryFactBox.Page.al	12	dc28861d876ffad7c7a3d486e40e802dee1fb960e2d9f2854e16bbf92010d784
Source/Base Application/Projects/TimeSheet/CreateTimeSheets.Report.al	128	c6769d97da24be6499c78b6191afd74dd78ec879963ec4693b5f61f979a47dbb
Source/Base Application/Projects/TimeSheet/ManagerTimeSheet.Page.al	145	4022bfe8e8ee7701c3f983f5bcd8cda8c6beeba9c54e93686435720dccadb38b
Source/Base Application/Projects/TimeSheet/ManagerTimeSheetArchive.Page.al	71	1f092bbb68d68ac055e923f062acaa89d8dbb2c22ee8889371043cab0457eb94
Source/Base Application/Projects/TimeSheet/ManagerTimeSheetArcList.Page.al	9	31447f1904a538584de58cd32d205c46c71805e8d4175b58a8afa70b7886bd34
Source/Base Application/Projects/TimeSheet/ManagerTimeSheetbyJob.Page.al	181	f832c5489a966154cc779f403d599e44bd674ec135b4d74623cf4c6e883c775c
Source/Base Application/Projects/TimeSheet/ManagerTimeSheetList.Page.al	33	0ba0f1f5898d670552e0b35ce87d7b53f475536fb50b30c97bfa9f17bf328dbe
Source/Base Application/Projects/TimeSheet/MoveTimeSheetstoArchive.Report.al	18	bdd84c9065825ad2037410bbe8fe69d4f059f4e614ef9219ba23a5d0f8bf025a
Source/Base Application/Projects/TimeSheet/MyTimeSheets.Page.al	17	b9269eaeef2bd1df079eb2dd3c060963697e28e22ebd7b78cc5762fdd3f5c366
Source/Base Application/Projects/TimeSheet/PeriodSummaryArchiveFactBox.Page.al	7	281ab40d122d84335ffceb794b38bdd89273b111d6cef9057b04a0fa1ca7b4f2
Source/Base Application/Projects/TimeSheet/SuggestJobJnlLines.Report.al	137	f3e3bfdaf4abaa5668bb87f162e7b83f41911ed21726d025d1f0d38ab1eb2ae5
Source/Base Application/Projects/TimeSheet/SuggestResJnlLines.Report.al	87	c8996e629dd4bc27c37893820933cb753ef2a7149a2d18b0d80735a857687aff
Source/Base Application/Projects/TimeSheet/TimeSheetAllocation.Page.al	40	5b1331db05d1e7fa8dc0ea69d3d9a49265c7aba98fbaa3f43cf8d66899f4659d
Source/Base Application/Projects/TimeSheet/TimeSheetApprovalManagement.Codeunit.al	182	f7938d764102d0edd103b147f0f5f7172575f2e461cb04b370b91c27bba4ec91
Source/Base Application/Projects/TimeSheet/TimeSheetArchive.Page.al	71	5ee9c19bdf1afad5143bc8010489ccb3fc795815a8c71cc8b7119714f7402edc
Source/Base Application/Projects/TimeSheet/TimeSheetArchiveCard.Page.al	20	68246df64d109753adb166ad2eabcb9cb9bf73f650b9f2ec2ba1859363b57353
Source/Base Application/Projects/TimeSheet/TimeSheetArchiveList.Page.al	9	7dcd596f5178da5abd3c2f4dec47ab9797adc3b009679cdb187a0fbb015ea7fd
Source/Base Application/Projects/TimeSheet/TimeSheetArchiveSubform.Page.al	37	8b723bedc62e13c86543403fd2f90eced93665c914436876e224b9826473059b
Source/Base Application/Projects/TimeSheet/TimeSheetCard.Page.al	135	543ae98bf90e00f39b940a1d1382d84ec102570f76b299bdb07e9d01a415e296
Source/Base Application/Projects/TimeSheet/TimeSheetChart.Page.al	56	37536f265849f970b53473edddc5fc1e89ea88b134988defe61691c7f0d24b19
Source/Base Application/Projects/TimeSheet/TimeSheetChartMgt.Codeunit.al	103	0816317aa1c185fa5e21b4758c6c2421c43352b919b39b1150bf949b130e0a19
Source/Base Application/Projects/TimeSheet/TimeSheetChartSetup.Table.al	23	92c18b16cf2152c76a8e9c38d37eaa3a13dcae0dd0f91200582b1518321f7c3b
Source/Base Application/Projects/TimeSheet/TimeSheetCommentLine.Table.al	7	7942a49b05f8e2e8859fcd9d1b2e3055c6bee55e331a73858bf7101a79d1af55
Source/Base Application/Projects/TimeSheet/TimeSheetCommentsFactBox.Page.al	10	79bf0195383a64f6a4e5431b16bb25894e7ecf370128540d3fa3a91f28facff2
Source/Base Application/Projects/TimeSheet/TimeSheetCommentSheet.Page.al	2	95ccfbc9b41fd5b9577ba132c769a8bb66923fe2907205e6a54aaa013f3cdf9c
Source/Base Application/Projects/TimeSheet/TimeSheetDetail.Table.al	31	f1e1d9cd595f6c29f7b3573c5ae556f8d0694d0f00738eb15300eb7a088ee2ca
Source/Base Application/Projects/TimeSheet/TimeSheetHeader.Table.al	127	7e8ccebf9865741ab66bcb12bd772c2a335137ad0d2d96c2b65e36aa775428dc
Source/Base Application/Projects/TimeSheet/TimeSheetHeaderArchive.Table.al	20	832705935ec7b7d42d967921ac5e85a4daf6cf2c9be04c184226fc06dfd49d3c
Source/Base Application/Projects/TimeSheet/TimeSheetLine.Table.al	217	d486e08cb8f4fcb54cbda2ebc7f3cb92e2c144bec121b33848028be21f870936
Source/Base Application/Projects/TimeSheet/TimeSheetLineAbsenceDetail.Page.al	6	225b5f0dc83f2cb082b88d2f4f053e669604b95b7c6cf9c94ea45ea54006ae6d
Source/Base Application/Projects/TimeSheet/TimeSheetLineArchive.Table.al	11	5ccc9c755c90aedbb8dc7c5a6a409d11c6d4ced32594d6539286a7ff4e641c07
Source/Base Application/Projects/TimeSheet/TimeSheetLineAssembDetail.Page.al	3	4da1658870d89beb708ca506b07742eaadc4132177bd7dad672fa48b86d11fd6
Source/Base Application/Projects/TimeSheet/TimeSheetLineDetailsFactBox.Page.al	110	fd720ec8d82fdd596cd81c8509d3f07aa293da0d2763280c99f436daf037289c
Source/Base Application/Projects/TimeSheet/TimeSheetLineJobDetail.Page.al	8	d5a17cfc6e273f8d6cc1ffad6874c2290bea304330e7c6ed207e44f02dd4eead
Source/Base Application/Projects/TimeSheet/TimeSheetLineList.Page.al	2	c2e08dfb777696fe4c4c4e31be1e8d54e8d58c1054e0fa54e18a7a00b955c622
Source/Base Application/Projects/TimeSheet/TimeSheetLineResDetail.Page.al	7	0e7da7b40c619513b89bdf5bc1c67255e1ec5d181b3d42c3ec3dceb81d0b5e6d
Source/Base Application/Projects/TimeSheet/TimeSheetLines.Page.al	262	1db91eb5ce5e820da06f1f457656b8f018c90cc4154b1125bb3cde5fe12b9d5b
Source/Base Application/Projects/TimeSheet/TimeSheetLinesSubform.Page.al	269	a51aa50639ddd783f8d07db77995cfc0b62134e1ecefc3a34afff7bf86b67537
Source/Base Application/Projects/TimeSheet/TimeSheetList.Page.al	8	3a766f5eebdd640c798bad8671bc7eaf2c865e56bef13c2361b079ccadd42c96
Source/Base Application/Projects/TimeSheet/TimeSheetManagement.Codeunit.al	784	3167325511a2a92219b2a4ae43888047417dd9efe8e9970406d1c2718b6f5c31
Source/Base Application/Projects/TimeSheet/TimeSheetPostingEntries.Page.al	3	6a41e9ae7ce3846b6b0f90a8ff2781e05211cc7d4f7f35a04ea31f341155c698
Source/Base Application/Projects/TimeSheet/TimeSheetSetupWizard.Page.al	154	4ed9e010d6d5d9979e0ebbd71566dbc8be58e5f1892cb3eb04ed2ada910b4a6a
Source/Base Application/Projects/TimeSheet/TimeSheetStatusFactBox.Page.al	14	be3322fb4c019ee5826c3c12de0702bb94b322d2fb2090ab44b9808b73df2556
Source/Base Application/Projects/TimeSheet/TimeSheetUserSetupSubform.Page.al	2	c64711532cb0d9f3b516a173780e5e890a61bd53c22259d3866ad057f7bf6430
Source/Base Application/Projects/TimeSheet/UserTimeRegister.Table.al	2	c144ea669c0e3ee9d6d4db45e9601c73da3095f131340ad81c912ce6fde4266f
Source/Base Application/PrvacyDataMgmtExcel.Codeunit.al	23	95840686618645554814c282ef79899e92c5e43429cde8eed2bec9bb13a7b05e
Source/Base Application/Purchases/Analysis/AnalysisReportPurchase.Page.al	3	95229d53dab2b7c0c8ee0d8ed33d5ba2b248b0c3ba04e94facccf68bd80d3118
Source/Base Application/Purchases/Analysis/AnalysisViewListPurchase.Page.al	3	b6a207e07006629a61ba620584fdd7a30af74a17be1971799fb3b50fa610877e
Source/Base Application/Purchases/Analysis/BudgetNamesPurchase.Page.al	3	1a280a8cea6c5375242f6e83b7d8e672cc7ee1ebaa0a9015f096e8cd608d0e81
Source/Base Application/Purchases/Analysis/PurchAnalysisbyDimensions.Page.al	345	ec220f0d34be3274f52c02610c9cb19502e61ecd26397259e4305c4fb84bd6a3
Source/Base Application/Purchases/Analysis/PurchAnalysisbyDimMatrix.Page.al	342	5ea89f82e95473c1783df92aa09e22395690ab56c7d973b9742118859d91e188
Source/Base Application/Purchases/Analysis/PurchaseAnalysisLines.Page.al	87	fc1a892ee64918adae5bc22844529ae28ca3c8725f82f49073940cfe40c52ffc
Source/Base Application/Purchases/Analysis/PurchaseAnalysisMatrix.Page.al	325	ef1cd3cc6fc95008246762f48c96c7d3dd0af63c4e6fe21b1e532b684b715695
Source/Base Application/Purchases/Analysis/PurchaseAnalysisReport.Page.al	278	a8bddbe553a966fcafb374451c930925821064aa02df604f667a0f1e1f7cf296
Source/Base Application/Purchases/Analysis/PurchaseAnalysisViewCard.Page.al	20	48fbc1cd426eaec4fc7828c176bfe1b47849c4579014057e4481d1c7b3e43ac7
Source/Base Application/Purchases/Analysis/PurchaseBudgetOverview.Page.al	410	1cdf4aae99cbb4903fa29648b8f53c7fb939a4c3fb93119ef2eb8e69c890fe76
Source/Base Application/Purchases/Analysis/PurchBudgetOverviewMatrix.Page.al	157	7c74e1bd7e4161517e65ccc079d537ec3498721e7401b1b5ee250c35fe832ecc
Source/Base Application/Purchases/Analysis/PurchbyVendGrpChartMgt.Codeunit.al	60	30bfdb55e13031bca32f439747e2642c812af4948e7b026a8186adceb31540d3
Source/Base Application/Purchases/Analysis/PurchbyVendGrpChartSetup.Table.al	15	b1342a6c380ce99a6c49551d1ca40473c7bff1aaa73cf41ea30010504408ece3
Source/Base Application/Purchases/Analysis/RunPurchAnalysisColTemp.Report.al	7	2c6103deb0227ede1a5092366fd10483895fbbb0acdb701087df1aa145e6f617
Source/Base Application/Purchases/Analysis/RunPurchAnalysisLineTemp.Report.al	7	4027c30803748b80bc877cf41f2ecb37664e8d57997a57e205a0970b4fcd5a5c
Source/Base Application/Purchases/Archive/ArchivedBlanketPurchOrder.Report.al	205	0eb725f272a0f25adb0769a115df20b596ea3935c788aafaba36d1764c482611
Source/Base Application/Purchases/Archive/ArchivedPurchaseOrder.Report.al	248	4c7a32b59d65f3e6203abe44fd7e71a7bb215b910e72ce13abdbb9015af666f2
Source/Base Application/Purchases/Archive/ArchivedPurchaseQuote.Report.al	146	306e7ce738139f362f26e0046f57bd5aaf177a3c46b282f848bf53fd6ffebe8d
Source/Base Application/Purchases/Archive/ArchPurchReturnOrder.Report.al	243	e777bb3359af0f91ea07f5855dbbb4ebd9b601330e87b492a26210224a3af78d
Source/Base Application/Purchases/Archive/BlanketPurchaseOrderArchive.Page.al	6	3003f4983afb5898c15aae03a0068d2f6f52e9da8a6d12914eb1f9ce801e0691
Source/Base Application/Purchases/Archive/BlanketPurchOrderArchives.Page.al	4	7dc485c873d0d2ca4cdee12b1631e5be2f8461002cdf74de00a63cd38d5352a0
Source/Base Application/Purchases/Archive/BlanketPurchOrderArchSub.Page.al	35	ab283af70f0321826cb3cd10104c99908d05abda2064993fba38798e54d3a00f
Source/Base Application/Purchases/Archive/OverduePurchaseInvoices.Page.al	2	4aa4fa8d0e92738b705e6d45c498326c038b965827ee2723fc1c49988253919d
Source/Base Application/Purchases/Archive/PurchaseHeaderArchive.Table.al	34	8ed0e815728027bb97bd2ed1f5505022358fb047e79077ec46748120fee00e42
Source/Base Application/Purchases/Archive/PurchaseLineArchive.Table.al	64	622cb7e6673f786207fbb5072ca0ff9a8df525498d97cb8ac60a8b2074d96b4c
Source/Base Application/Purchases/Archive/PurchaseLineArchiveList.Page.al	6	a69b1782099e4ba4c075286bf27fe782dca077580bfcce7eba7336446cc1c354
Source/Base Application/Purchases/Archive/PurchaseListArchive.Page.al	4	125355ae2b53ada46c7659de2fd9e1c07f77c86f8facdef56c7511deccb5fc50
Source/Base Application/Purchases/Archive/PurchaseOrderArchive.Page.al	28	5e6a851c6e3389fadd023e70ef6db5b1a62e270d39219d76cf9e5d6d425bc094
Source/Base Application/Purchases/Archive/PurchaseOrderArchives.Page.al	8	d4e94b0be1fd0b41e134120d3e2a113c3a1adf0b9d8b25cc30728d9bdef01e49
Source/Base Application/Purchases/Archive/PurchaseOrderArchiveSubform.Page.al	37	bb49623143b0c70d8533d9347f9e4a32b5d0838a7e4c80ea8fe329e692c5044b
Source/Base Application/Purchases/Archive/PurchaseQuoteArchive.Page.al	27	cc0d09847f7e209aec359ce74c7d21763b6b37c39598077434963fc3c33acdeb
Source/Base Application/Purchases/Archive/PurchaseQuoteArchives.Page.al	6	a29b63da6923f5613206da2ac1eb1d44bb4f94dfbf737120b013b570354a8eb9
Source/Base Application/Purchases/Archive/PurchaseQuoteArchiveSubform.Page.al	28	752fb0c918030613248f64b3a3b853c241a02cb193f707a8577de8e0b48bacff
Source/Base Application/Purchases/Archive/PurchaseReturnListArchive.Page.al	2	d49aeab8dd446cf8591621681e8135b06ca4147c78e22c9844c8ffc2b3312888
Source/Base Application/Purchases/Archive/PurchaseReturnOrderArchive.Page.al	28	eb9c052b5e467dbb30a3d8186823c45a7ac7ab733dfff0d8540d3ac3debf14b6
Source/Base Application/Purchases/Archive/PurchCommentLineArchive.Table.al	10	58cb472d4f3e572ee1d044dad45389f587afc4d704211bac9ecc02907b968835
Source/Base Application/Purchases/Archive/PurchHeaderArchPrinted.Codeunit.al	10	fdfb5190e33cced04a6b83336e9832ed73bf8089105ed76d26defdbfb49b626c
Source/Base Application/Purchases/Archive/PurchReturnOrderArcSubform.Page.al	37	fa065779940763fce33e2ee1d448fda0657c2737aa13dd3955ecb4f396481c50
Source/Base Application/Purchases/Comment/PurchCommentLine.Table.al	99	8e1e1c15ea8be88d14e8cdaf0ed3531adbb759af2d8552808c0174e080e817eb
Source/Base Application/Purchases/Comment/PurchCommentSheet.Page.al	2	6a3dbfdf8cf89fb8d470886fbc0b6f32d1ae77bc04b0aa2008ffbafd74249741
Source/Base Application/Purchases/Document/AvailablePurchaseLines.Page.al	105	4c686de0b41bb0300e55c3540265d288f92d72655304ae596c14cb909fcf8a45
Source/Base Application/Purchases/Document/BatchPostPurchaseInvoices.Report.al	47	3405cb306b406df56411f4d41cc9295e7f635046e0d5f7303ddffea8d679eac8
Source/Base Application/Purchases/Document/BatchPostPurchaseOrders.Report.al	64	c82c4b3f37c135bcf52b9e585de92466b742bfce56415384641f296789768027
Source/Base Application/Purchases/Document/BatchPostPurchCreditMemos.Report.al	46	2308822a03447adbe9deb7bf955cd679b303f060ab9f8803a76e8b3e4e2cd997
Source/Base Application/Purchases/Document/BatchPostPurchRetOrders.Report.al	52	1d888a8ae9346a105459931f020fd4b96f85a621ee64364f2dd38bb81a11951b
Source/Base Application/Purchases/Document/BlanketPurchaseOrder.Page.al	185	e0c695aa8703b0d7a9693d49ede183df364a928677842cb3db529641c7f8b786
Source/Base Application/Purchases/Document/BlanketPurchaseOrder.Report.al	186	11ad52b279b7184130947fbe4988a57f7d2faf223cbd2c1cacbc54d8e0a9a579
Source/Base Application/Purchases/Document/BlanketPurchaseOrders.Page.al	40	f9d3aac92caaafbdc6af19689ca8a0a08999a8f6e75eaaa0ab9efc4ed497c1b2
Source/Base Application/Purchases/Document/BlanketPurchaseOrderSubform.Page.al	296	d656cc260ffc2192a73ec2467b7223ea0e07d9c7f4613ff8e4785cc325b9b07a
Source/Base Application/Purchases/Document/BlanketPurchOrdertoOrder.Codeunit.al	256	6cdaff8897c86b15d80133b7c20110e60b9d0423a5dba87debe937a52fc45353
Source/Base Application/Purchases/Document/BlnktPurchOrdtoOrdYN.Codeunit.al	15	727cf07e819a6cf517b27339ab89da3c6f2ec6a86a1e55e55fb1f956a2455c79
Source/Base Application/Purchases/Document/CheckPurchaseDocument.Codeunit.al	5	6014c556dbfd2843c4c941dc6bb4fadd4f51cecbdfa7a026cb45e7052661917f
Source/Base Application/Purchases/Document/CheckPurchaseDocumentLine.Codeunit.al	29	1faeb5a983c32e7df9e7e8d1971bc4ce90f37d2e67d2bc77361a46ac25886ad0
Source/Base Application/Purchases/Document/CheckPurchDocBackgr.Codeunit.al	72	ee62f26666f6075d1282c7004ae91aed740bb06efea95c7d96fc34c7f7cb831c
Source/Base Application/Purchases/Document/CopyPurchaseDocument.Report.al	300	86415bebe1253cb26b26e56426dc7d54d77d599b7e87080fbd78ef5fa48f48db
Source/Base Application/Purchases/Document/DeleteInvdBlnktPurchOrders.Report.al	54	ed965661f94e64f62b181cf05a3767acd33a374a3de3f9953a6fde703dd3ab0e
Source/Base Application/Purchases/Document/DeleteInvdPurchRetOrders.Report.al	88	c1d4188a730ba3e7ce67c04b6bb01e9e533784f218f784f1adcd6a41180e2e80
Source/Base Application/Purchases/Document/DeleteInvoicedPurchOrders.Report.al	108	cfdfc939f66b23da7dc0ff2e4b5da7e8580a1b5d0bacecf7918e32f352e2b7f7
Source/Base Application/Purchases/Document/ItemChargeAssgntPurch.Codeunit.al	582	130d0bca49a29b6c2dc7f00022287d6a90bba5991b580fd73c818ff7f4e26fc0
Source/Base Application/Purchases/Document/ItemChargeAssignmentPurch.Page.al	240	713a76ce990e3867f7874670400919a4a6b9196e292c14af03249eaca5c5893f
Source/Base Application/Purchases/Document/ItemChargeAssignmentPurch.Table.al	62	4d9b213a7100ae389ba65c7f3c466ae334a72c189bbf53101e28f28fb848cd2f
Source/Base Application/Purchases/Document/MoveNegativePurchaseLines.Report.al	59	c4dc91e60bbca86a8f45a5cf3ca034e86af2404f8270dc06fae213001edaa0c5
Source/Base Application/Purchases/Document/Order.Report.al	306	bf2da3a8cfcb0d604c39b636079e05fb5a90abe382f940f0123190492f729d5a
Source/Base Application/Purchases/Document/OverReceiptCode.Table.al	19	9662373761b6a9ce5c65fe5b0e7d69186a1a3339359e422cf10ca20116f60cb3
Source/Base Application/Purchases/Document/OverReceiptMgt.Codeunit.al	146	80255c02aeaca53e88dd60bd448711db567a1a5b5b4e4bd36e1519f84c4ad576
Source/Base Application/Purchases/Document/PurchaseCreditMemo.Page.al	358	d29f2405c642a386c8ed11d082ccea99dbea08f0c431fe7fd66dfa4d914d0cf5
Source/Base Application/Purchases/Document/PurchaseCreditMemos.Page.al	105	e2d218c5cec1084abfdc5e504d0c4b337de1ba50dc5e0f99fa474adb591e1190
Source/Base Application/Purchases/Document/PurchaseDocuments.Page.al	45	c3cdb1aeb9e5837b7c6720768e89bad22465708770ed82eb25e6bd4d721e3312
Source/Base Application/Purchases/Document/PurchaseHeader.Table.al	4612	8168494a2a55b34312c77df575cf27dae33b68d70fb9cd78462b5ccd072b3a3e
Source/Base Application/Purchases/Document/PurchaseInvoice.Page.al	452	ea9ef04c462b4f879f1a01e6b79238864bd5c673b4133cb31990c0bd8e0772c0
Source/Base Application/Purchases/Document/PurchaseInvoices.Page.al	95	16e2f87e86305996c2549003af20287478cb53b233345817d489858b34d65195
Source/Base Application/Purchases/Document/PurchaseLine.Table.al	5823	0e1f322a00ce77f593f411b36be9a133affb2632fcb2ff64b6a6f855fd9b381f
Source/Base Application/Purchases/Document/PurchaseLineFactBox.Page.al	24	60b4bfc8f65d8c2e073c3e11b25add81a5d0b88d84cd7d9724178621e31e5960
Source/Base Application/Purchases/Document/PurchaseLineInvtProfile.Codeunit.al	80	2fa3c5c3429dcea394183599d2410b640f1053d6885e5d7a390a4c3c3897f6e1
Source/Base Application/Purchases/Document/PurchaseLines.Page.al	42	120780a5f02e3c99dfc10cc1699aaa7c82d34580bb0394a4aff1dd503dff2161
Source/Base Application/Purchases/Document/PurchaseList.Page.al	6	95f71494a85f5010ae830acfbec792ea65629295484ee8c071576c5ecbe56aa8
Source/Base Application/Purchases/Document/PurchaseManualRelease.Codeunit.al	2	e1fb10a5363ed69210493164cc9a8978fb990016224109b52459b3e96a4b308c
Source/Base Application/Purchases/Document/PurchaseManualReopen.Codeunit.al	2	7c83c6d818500dd9647b9efbb7b8986b12a0d18829ad07f43ae9f34f5291ca8f
Source/Base Application/Purchases/Document/PurchaseOrder.Page.al	548	47479ef704e5e80b4ab4c633786be0b788ee73d383a16adab90a35e89dc45eb3
Source/Base Application/Purchases/Document/PurchaseOrderList.Page.al	116	d240ed3e403bc61cf6061531cfdbb56dc0a2c207be20f767a3d84f0aab386a8b
Source/Base Application/Purchases/Document/PurchaseOrders.Page.al	3	6b6d7ce219ee8e315c2caf7f80e9d1ee33ae2099db843b4ca17f0eb2157847ba
Source/Base Application/Purchases/Document/PurchaseOrderStatistics.Page.al	282	c0b2c411ef1da2a95c05382a1666a6dec1bb32cd6362eff2e54985fc42742fb2
Source/Base Application/Purchases/Document/PurchaseOrderSubform.Page.al	523	e629d87099a266f681a8800b9781f09ad689946767e8c8239056c2580366f5da
Source/Base Application/Purchases/Document/PurchasePrepayment.Table.al	13	ac66733b55eacf3f22078cdc687d797088a2c692b6f43f290533b1f208b4bca7
Source/Base Application/Purchases/Document/PurchasePrepmtPercentages.Page.al	66	968aebe9327b5c9ecf0e301ecf306e2c177e4617db3f8e7f840270acee206edb
Source/Base Application/Purchases/Document/PurchaseQuote.Page.al	275	4e6aedef9d7ef14c5bb4b2fed2d0336ccaa841f455bae4cd0bc68df2e1027415
Source/Base Application/Purchases/Document/PurchaseQuote.Report.al	197	403ec9160d450bf0005efa1fc3fd3f53725ce0dc01d0f91b32338fbdbee15804
Source/Base Application/Purchases/Document/PurchaseQuotes.Page.al	42	7502fdbc02aa73b9531ba38e3e19e12f39be2ead516d0666ecf672785eb06d59
Source/Base Application/Purchases/Document/PurchaseQuoteSubform.Page.al	370	3f0112615284d2f5ddea412c0bb44ef4a72a90e7a1b079ab309d03f32e6d492c
Source/Base Application/Purchases/Document/PurchaseReservationAvail.Report.al	115	0caf8eb7dfe6d0a3f3256aee6de57120631b1889dfc4814b239c9b7f22c9fb83
Source/Base Application/Purchases/Document/PurchaseReturnOrder.Page.al	329	75af1d2a008f0079b5a251aed67995bd091dec353895c1d8e58e6d438b523d7f
Source/Base Application/Purchases/Document/PurchaseReturnOrderList.Page.al	81	39a5ff868e3961e90d800a233f587e301fc7d3c02af73a4d85bed3d4a7094ea1
Source/Base Application/Purchases/Document/PurchaseReturnOrders.Page.al	3	62d0367ad8734bc66569d3d1ad78bfebb413a3d398c1940082e1ee67a325f994
Source/Base Application/Purchases/Document/PurchaseReturnOrderSubform.Page.al	408	335fd58a1698865b5f1c1e40c69cb254ca35a2c76ca30dac5262b0b1521ab3ee
Source/Base Application/Purchases/Document/PurchasesInfoPaneManagement.Codeunit.al	43	8da108547d375dd60790ab8ebc6e5bd86d23c57adfb6ebfbf52625b7f2d1be8e
Source/Base Application/Purchases/Document/PurchaseStatistics.Page.al	129	4a1d3d0a06f592cd70e54b3ba39205d558330b331c1e3c9abbea47aa9c89ed51
Source/Base Application/Purchases/Document/PurchasesWarehouseMgt.Codeunit.al	312	223e152aa2ed05a66fd1a074276690aa0c6ffbdbc214131e5e8551876406afb7
Source/Base Application/Purchases/Document/PurchAvailabilityMgt.Codeunit.al	190	dd6509a6f1d8b7f26edfd3c9677c1d94e0ee428898ef396e6fbe9fa711a468a2
Source/Base Application/Purchases/Document/PurchCalcDiscByType.Codeunit.al	120	dabf95415fa136915ae58519f21972447296e311fe4c3af231a9191ce0e185c5
Source/Base Application/Purchases/Document/PurchCalcDiscount.Codeunit.al	198	32bd5a644c8ad77d33fe699fcb66cec8888d4d06823bde627880ed6a4ce54793
Source/Base Application/Purchases/Document/PurchCrMemoSubform.Page.al	406	aa497efc8b7c2a1701a0c726a08bd6bae490dbe89e5c626f296120e82ec842d6
Source/Base Application/Purchases/Document/PurchDiscYesNo.Codeunit.al	8	89e0ab24cc4617a74955db93401be316b6cf06cc3bf572142437ca65ae98c7ad
Source/Base Application/Purchases/Document/PurchDocCheckFactbox.Page.al	52	ee9cf124e47df657b23122a909356f672c86bb410ea989b3e5806fc3ff89b779
Source/Base Application/Purchases/Document/PurchDocFromSalesDoc.Codeunit.al	158	840914a228c10ab131700125a2050b93ef28b8372f24d765072b168664a62333
Source/Base Application/Purchases/Document/PurchExplodeBOM.Codeunit.al	165	9e118ebc03cc0474f5792838e7c04cc75968a040409a271fb4069d174169092a
Source/Base Application/Purchases/Document/PurchGetDropShpt.Codeunit.al	188	9e8dff0c4b39c8f9c74d5ebb087785b9bbac7c38100c6e6f817102a62e75be40
Source/Base Application/Purchases/Document/PurchGetReceipt.Codeunit.al	371	ba190a836b9dd0c5ffdfd1e26c9d99153593b7da37ebac34b74333cf450b7538
Source/Base Application/Purchases/Document/PurchGetReturnShipments.Codeunit.al	203	0bceb9ff6f5f32fc397b913da1fbd20c04aa528ded37e57c181cedbb2fae0cb7
Source/Base Application/Purchases/Document/PurchHeaderPrinted.Codeunit.al	10	244b9d9df1db1e1099f4b285d69238808c5f073b256d660a61eab673ea3a4d21
Source/Base Application/Purchases/Document/PurchInvoiceSubform.Page.al	422	290dd68e95d10708309455cc2b17e396bf8f1b87d66f2e192e9428cd9c4f7d80
Source/Base Application/Purchases/Document/PurchLineCaptionClassMgmt.Codeunit.al	19	6ca01366c3a0e38165ac998b6e0b4f3f9317f20671473c634f56fc5247e0c6b4
Source/Base Application/Purchases/Document/PurchLineReserve.Codeunit.al	735	f7c5d9ae32bbfb4491d38c090d3207cc07628b7e12aee19689ae6be2406c3b65
Source/Base Application/Purchases/Document/PurchOrderFromSalesOrder.Page.al	102	a0457d5d10d8622e9cdcd8799a6220c0e3679749d5adcbe5268afa0791e107f7
Source/Base Application/Purchases/Document/PurchQuotetoOrder.Codeunit.al	152	98bd6702ffccafe0551eede8776474dc0aa097202640d742ccd4e80bbeec33d5
Source/Base Application/Purchases/Document/PurchQuotetoOrderYesNo.Codeunit.al	32	221b12069065bce1810acf49af754e49783e034aa03e5b1e369c3e7872328f4e
Source/Base Application/Purchases/Document/ReleasePurchaseDocument.Codeunit.al	194	c47aab90a6686088313a585bf7862ad66d3c29762ef2d3391162890339863c4c
Source/Base Application/Purchases/Document/ReturnOrder.Report.al	213	f3a88e143d987dc6f5709977caa631882c3f570ebf9066b522f8e1ce2833487e
Source/Base Application/Purchases/Document/StandardPurchaseCode.Table.al	36	ed92a873f20ed13a7bd081b1005268ca4477125e5cc867034becedd9c6fb2d7a
Source/Base Application/Purchases/Document/StandardPurchaseCodeSubform.Page.al	92	26e4a5cbaa3ebf23d29ce9706822d1874e7ed8e8c32fe3c6206d2529a2c9aec7
Source/Base Application/Purchases/Document/StandardPurchaseLine.Table.al	138	82f42a874bcca24239c06f1debf97d332d53d8cb883491d1afbff8a1cdfd157d
Source/Base Application/Purchases/Document/StandardPurchaseOrder.Report.al	162	eb6d3e7d90835989d6e23e066f413cd4391f48b1e7241dc198622a1c348181d7
Source/Base Application/Purchases/Document/StandardVendorPurchaseCode.Table.al	160	10b949c0bf891fb32ed36ef0044e77b5e457221a3a1c4f5d1a8a289556a2b546
Source/Base Application/Purchases/Document/StandardVendorPurchaseCodes.Page.al	2	1654190b0d707eac8c31e1cef47aa38ca90bb610f5156980fa31437009ceee3f
Source/Base Application/Purchases/Document/UpdPendingPrepmtPurchase.Codeunit.al	2	609fe173005ec6c4bedaa3eb2dffc60c59efdce8e09da8eec80b04b417a1abac
Source/Base Application/Purchases/Document/WhsePurchRelease.Codeunit.al	117	40150bf7874749b117d30e83ed25d826e639ab21f217021d573910f65b925f03
Source/Base Application/Purchases/History/CancelPostedPurchCrMemo.Codeunit.al	300	86dfdb891f8d4e3c8ee5aab209d6487dd374d3cb3220f8d9820e11dd070025dc
Source/Base Application/Purchases/History/CancelPstdPurchCrMYesNo.Codeunit.al	19	1fe572847b46e22f233d80b070a725f91bab1adf64ee7fa0399c854b85562c92
Source/Base Application/Purchases/History/CancelPstdPurchInvYesNo.Codeunit.al	20	ba3d681b8bd97e42ffc66457c7ed7cab3956c789a8d2162fe422eaaf0ada427c
Source/Base Application/Purchases/History/CorrectPostedPurchInvoice.Codeunit.al	585	e1f1e155341a60be8689e4ac65fbe69e8f133952deb69669bf484bf7eeb43dad
Source/Base Application/Purchases/History/CorrectPstdPurchInvYesNo.Codeunit.al	63	3405fa94045385fc5eb9c4071e3835a1d2711b44f8177f6d90f40a50db24445d
Source/Base Application/Purchases/History/GetPostDocPCrMemoLnSbfrm.Page.al	96	bb13176c3df5649807ec9cd1cc4bc3f9a3cd0a2bbed0ff8d65d2e3752bae9007
Source/Base Application/Purchases/History/GetPostDocPInvLnSubform.Page.al	148	639109f692cdacc1a7418c5448dfbd1f875a4ad324ebf0ac450f74dfeaa51a8c
Source/Base Application/Purchases/History/GetPostDocPRcptLnSbfrm.Page.al	140	67f833b447e0f2d61ac1db8a0731251b8411e84521b8bf95f507c6bb4486299a
Source/Base Application/Purchases/History/GetPstDocRtrnShptLnSubform.Page.al	45	36a4b17a5968f788865b7a419af34185bd4726129830b44e4aec30b007454d3e
Source/Base Application/Purchases/History/GetReceiptLines.Page.al	57	caa23f110911460c258e35b4276a248f2f19eae9b70fbf7e5b4d41732b900021
Source/Base Application/Purchases/History/GetReturnShipmentLines.Page.al	48	8dc0d8872ef38fcf16c918b24ad7983863ef2e4201865dddebe3c02fa9a7b52f
Source/Base Application/Purchases/History/InvtLedgerPurchaseSource.Codeunit.al	27	910bc833e2d5342fe4b2473cba84ea4ca13764b9ae6857022a5c721805f36ee9
Source/Base Application/Purchases/History/PostedPurchaseCreditMemo.Page.al	62	4bc1aac1deea9a1c6dd18068d3d3f347d38ded59f6b518f4f68ae7d1ae112133
Source/Base Application/Purchases/History/PostedPurchaseCreditMemos.Page.al	46	cb95068536e5c23471339bfefc5eb57d408d7ea82f611fc0e53f0f5017185a42
Source/Base Application/Purchases/History/PostedPurchaseCrMemoLines.Page.al	9	c81549bec27c1307a7624865e91c290205af0ee66843608719c819b020834283
Source/Base Application/Purchases/History/PostedPurchaseDocumentLines.Page.al	122	0cf61bb4bcdc91f41a128a0174de0bec9941df32a6bd599381ae11661d8e776d
Source/Base Application/Purchases/History/PostedPurchaseInvoice.Page.al	93	4d83bc9ef380214fe80703ca57ab679c3b3006b63f37f405dd69153354325677
Source/Base Application/Purchases/History/PostedPurchaseInvoiceLines.Page.al	9	fb610b23caf2399c39f857bc59420183132b263c39151690bc6a81fd500cef2d
Source/Base Application/Purchases/History/PostedPurchaseInvoices.Page.al	52	dc55b36a6b9041f5a5bc2fd60bfc4ca3fecf64f1fe3109ef1c16e04244eca1e1
Source/Base Application/Purchases/History/PostedPurchaseRcptSubform.Page.al	61	7aa724443cc2363cb860859427eaf2f5f82232adb1ab4cba47f86ed50b55fe68
Source/Base Application/Purchases/History/PostedPurchaseReceipt.Page.al	22	288894cc07eebe64d06c78b38c92a8377e68b0926d5b5cb9fa14905c0c8aea4d
Source/Base Application/Purchases/History/PostedPurchaseReceiptLines.Page.al	16	7f53017a7d04689487e310c8e40ed6cebfa61942964d1e1a68970ab1a9fb9d4d
Source/Base Application/Purchases/History/PostedPurchaseReceipts.Page.al	25	e63faeecb62763f63e61250da8a9a2bf65c874a63763ef35bd33262b0647cd37
Source/Base Application/Purchases/History/PostedPurchCrMemoSubform.Page.al	51	a751e08920dc29ff6d0a49a373141dab14ae7dc92a2ab09a654dbf0f7da3b70d
Source/Base Application/Purchases/History/PostedPurchInvoiceSubform.Page.al	62	8b1acc1384a6d254437d2f6c4e7c57790fcd02fbdc322d64c49f2980fd381827
Source/Base Application/Purchases/History/PostedPurchInvoiceUpdate.Page.al	24	b29d77cb29d684d540aa65ac6c957809d64a6b0d274985be9cdf0506a7f95358
Source/Base Application/Purchases/History/PostedReturnShipment.Page.al	46	f233ee8e0eb4fcd48631b6e8773e2c8a4d7cab6f980f6d1c7511b4c568a21eb1
Source/Base Application/Purchases/History/PostedReturnShipmentLines.Page.al	7	7156b46781e40cbcad50044e7037f3bd9b5783a80251a1b68d60b7e5bfb441f4
Source/Base Application/Purchases/History/PostedReturnShipments.Page.al	21	387891ddcc205e9b8241375b38baad8bc5d95488d981f38c5d089fdf98dbec94
Source/Base Application/Purchases/History/PostedReturnShipmentSubform.Page.al	24	d9da82dab2f0993c4e4d48b5e766743035963419aa7d4346b8f73afc99f39190
Source/Base Application/Purchases/History/PostedReturnShptUpdate.Page.al	20	812749e38bd0b952d9ced824007fb2d21856efc9f245f0923d27b362f67c4535
Source/Base Application/Purchases/History/PostPurchDelete.Codeunit.al	252	f55e52cf7d8539c9a95f4262a111cb3c3fd21276241359bc1fc6ef17639f34c1
Source/Base Application/Purchases/History/PstdPurchCrMemoUpdate.Page.al	13	ebdff5b3e9cea03883db178544e15a0ce74e4f9f0fd6bae8163787f026a7f7fb
Source/Base Application/Purchases/History/PurchaseCreditMemo.Report.al	244	01ca4124bfd0e27aca69e82cbe5f31dce19f4b40d06c2df043e4195c3e368355
Source/Base Application/Purchases/History/PurchaseInvoice.Report.al	245	1ecd259f2cc3795265051ca0d1cc6b367db478e5dab7e39ad4ec9ed43298c36b
Source/Base Application/Purchases/History/PurchaseInvoiceStatistics.Page.al	61	ea8426ba5e17627dfc7effa8f46010cfae3494bdd7966f04733244dbb1083b46
Source/Base Application/Purchases/History/PurchaseReceipt.Report.al	152	b2073b8737df7ba68ee7f3023f102a6016bcf9ae3a4b413f4758c288ec4a2d37
Source/Base Application/Purchases/History/PurchaseReceiptStatistics.Page.al	24	25a3af2639a7ff5b161feea7b445826052ad4a7b7b9a2f89776f534108948b87
Source/Base Application/Purchases/History/PurchaseReturnShipment.Report.al	155	aa7bb96be8054556067ba30b2eb9e1f61dd6c8f7242427e18bfcd87f8eb5a741
Source/Base Application/Purchases/History/PurchCreditMemoStatistics.Page.al	59	cacdee819dfd4784ca1888c3bb7b2e50ccc0d20a378cdbbb987ba1db40c7c44a
Source/Base Application/Purchases/History/PurchCrMemoHdr.Table.al	82	1ba4311e6bdba4d95895b47a5159a10e0718d91ab514c559d38d116e5456e4c2
Source/Base Application/Purchases/History/PurchCrMemoHdrEdit.Codeunit.al	23	bbf50b3f8357fbb8ccd4613d8edea991e764bd93866703bda5a6f2b44c986d31
Source/Base Application/Purchases/History/PurchCrMemoLine.Table.al	179	f4ba38ca192281848966ecfad6876676e9c55253903d7ec95327a3253da31c8c
Source/Base Application/Purchases/History/PurchCrMemoPrinted.Codeunit.al	10	d48ff812023282cd47e99914a95b0c611e3c4c2684797ac8312d377ced3a16d9
Source/Base Application/Purchases/History/PurchInvHeader.Table.al	90	a744b2a29242a34993e885edc658f8f024bd2081c167427722a69b7dbd8ad2c4
Source/Base Application/Purchases/History/PurchInvHeaderEdit.Codeunit.al	30	ee5d1aeb1543c4b1705eae09640b0c5669328cf881085ca30c6367387f8a48ec
Source/Base Application/Purchases/History/PurchInvLine.Table.al	175	90511dc695b9a7f9a9c27466b15e6d11115de39e8f238a48dcaa0a6afcb5182c
Source/Base Application/Purchases/History/PurchInvPrinted.Codeunit.al	10	3b767460171c00cf044e2fc00e6482d63d286400b971097751becf0f2b704b85
Source/Base Application/Purchases/History/PurchRcptHeader.Table.al	41	9e5f85ec6407df0a76464609255ab7bf63b69ddbf2165a60a3cc9ff6dd4cac4b
Source/Base Application/Purchases/History/PurchRcptLine.Table.al	420	fa26eaa779e40b96cfc66a00f4873e0f04403bbde489167bb83c8ee07c5ccf53
Source/Base Application/Purchases/History/PurchRcptPrinted.Codeunit.al	10	bfbe128dcdb59ab1ddd8992ae4845f3c941f3a297b577073f6eca252f2536443
Source/Base Application/Purchases/History/PurchReceiptLines.Page.al	62	8e2078cfc802a9f7e035dc404fd847f20bd8e5d26049578755a6688c1113bcad
Source/Base Application/Purchases/History/ReturnShipmentHeader.Table.al	44	207ae57e745be52f4a5b3bfd5f93aa268129b046e6b3ebaeab2ae3cc4566373d
Source/Base Application/Purchases/History/ReturnShipmentHeaderEdit.Codeunit.al	11	3a60b00827beb82fef5b9a78d7ea611673867fca9f00dbd6595cf7b09d7a7345
Source/Base Application/Purchases/History/ReturnShipmentLine.Table.al	257	5b1cbdfb396f9e43326d64c4ed4756a3032783935f30596cbd624c5ed2742c49
Source/Base Application/Purchases/History/ReturnShipmentLines.Page.al	52	18c3e73f45e385a315e54c14c0b58771413d391af689e06750b49bdb01a3b25d
Source/Base Application/Purchases/History/ReturnShipmentPrinted.Codeunit.al	10	51061ad7145e0912f1ae0594f0489b1eb36799ac5d2863f267c1b7bcf11beff1
Source/Base Application/Purchases/History/ReturnShipmentStatistics.Page.al	20	ac3fea576a07964ad54a7e817d15509ce02d62be462e81facc3852f33f50eba1
Source/Base Application/Purchases/History/SelfBillingInvoice.Report.al	245	af560720c9869ec43102e7a3ed784e373c73954e9a7ee0ab261768591d9bf840
Source/Base Application/Purchases/History/UndoPurchaseReceiptLine.Codeunit.al	399	1b87caef9eda13ab50f90553f822f2a277ce09f6bc01a521ce817ca80fe355a6
Source/Base Application/Purchases/History/UndoReturnShipmentLine.Codeunit.al	216	fd8fa4df439ddf07fb493251af7c0e124cc6368abd86e8a86c8e3f593a4eccae
Source/Base Application/Purchases/Payables/AppliedVendorEntries.Page.al	89	821fc274101548fb74eff41700d78c4a96a5cf6ed33396292af5568f1189f6cb
Source/Base Application/Purchases/Payables/ApplyVendorEntries.Page.al	730	da105b1e7f7bde03cf3ecbef272909d08a28a80e442480acc164f380b02aac66
Source/Base Application/Purchases/Payables/CalcRunningVendBalance.codeunit.al	19	a2e99be2390af2af172e3980b4191bae7a85591749c898c9e699756368ee782a
Source/Base Application/Purchases/Payables/CreatePayment.Page.al	284	87b8dd7b7fd30bee7574a34d49cf62afb73a7de9d7e65822184ecd94dddbf19a
Source/Base Application/Purchases/Payables/DateCompressVendorLedger.Report.al	408	4107e07f9d29e5831fbec1889a6e5868b1d1a72e169615c9481740d2ce7b89a1
Source/Base Application/Purchases/Payables/DetailedVendEntriesPreview.Page.al	7	014ad11cde880c1ed2117e8ad3ba91554d0efcac680bcf876b3d911aeef37f6f
Source/Base Application/Purchases/Payables/DetailedVendorLedgEntries.Page.al	18	ab0b98a476796ad2fa15ff2921d4a18415324045028d18f21919379e4219434b
Source/Base Application/Purchases/Payables/DetailedVendorLedgEntry.Table.al	60	1f251af15b8936550adbb4ea13fc402df889d00a4c59a2c0e00a03a2cdcbf9db
Source/Base Application/Purchases/Payables/PurchaseDocumentsDueToday.Page.al	14	f9adf19f2e0ae2360eea439d8ec6d3497f9d9feba97b4cbee9a893c71acb55c2
Source/Base Application/Purchases/Payables/PurchaseHeaderApply.Codeunit.al	40	1647ab017bb834d8bd0a21436bba70039cd72e48a5b94893ff5cc45d92692bb6
Source/Base Application/Purchases/Payables/PurchaseInvoiceDueNextWeek.Page.al	14	16ae162a17dcbe7eaf8d678ca3c1f8bf1b86d49fc3c1e9c5d052f00521aa5c60
Source/Base Application/Purchases/Payables/SuggestVendorPayments.Report.al	824	b93a652e3a3d6304206ba32ff66eb2c23d78a2aef7931dcf7bd7fdc04c34cbbc
Source/Base Application/Purchases/Payables/UnapplyVendorEntries.Page.al	52	791f8af7869f6fd37ac8ce3021ecccc47a3de58185e3c92d5c27444a1bbe2c14
Source/Base Application/Purchases/Payables/VendEntryApplyPostedEntries.Codeunit.al	448	16cc13578c4b8408e9b321603a807a97bf426f57400323b9348e46bab8524a46
Source/Base Application/Purchases/Payables/VendEntryEdit.Codeunit.al	78	ec2eb74b3fb4481dde2ec4f78cf76559ab1e048b595e7487e87c1c1a8cce74a3
Source/Base Application/Purchases/Payables/VendEntrySetApplID.Codeunit.al	79	3aac32a63ba42ce781ccda6331c1b2f877b4a71a32ee846c6d8e41229489fabc
Source/Base Application/Purchases/Payables/VendLedgEntriesPreview.Page.al	67	0e914eea704f8bfb23bc00a4a221019bcdb67f44f931afd65a8a8da8259beee6
Source/Base Application/Purchases/Payables/VendorHistBuyfromFactBox.Page.al	8	421082ae8baa2d1bb400afaa35483ef9fbf58a0f66887524bc28c2be1e4ff1cc
Source/Base Application/Purchases/Payables/VendorHistPaytoFactBox.Page.al	4	4ce7f3eff317b642a3c40239bfb7262fdf19a2781e622c759278eed9db6585a6
Source/Base Application/Purchases/Payables/VendorLedgerEntries.Page.al	87	0e469b27b06b6b4da819c5a44bb897356d3b717526bcb45caa2545b85f2a7a30
Source/Base Application/Purchases/Payables/VendorLedgerEntry.Table.al	315	6f7e68db75800c2a087c99279a6b3406dd1743da3a2d32da2f07fbe6df830ca3
Source/Base Application/Purchases/Payables/VendorLedgerEntryBuffer.Table.al	16	b7eaf8ddb032f67e022cdafbc47b90ceb1d94c8518bd38db0e219a5213e8634e
Source/Base Application/Purchases/Payables/VendorPaymentBuffer.Table.al	18	09de89ce9d984dd87417c5d2cb4822fa2f84dc07d561a3e1df817e148203d35c
Source/Base Application/Purchases/Posting/PurchaseBatchPostMgt.Codeunit.al	216	305fc773695a0c84eeb138ab8a7c42ba5fc341a390729c70a1727598c2c3feeb
Source/Base Application/Purchases/Posting/PurchasePostPrepayments.Codeunit.al	1171	807bc5a7c39235edf4b5c3a84edaad45bbdfa75ad2787f1fd3d4b61d49a3e6a0
Source/Base Application/Purchases/Posting/PurchasePostviaJobQueue.Codeunit.al	104	8c02a1cc3777db2559fab1f04d4488ac747a019c192ad078dabd8ccfd94364fa
Source/Base Application/Purchases/Posting/PurchPost.Codeunit.al	6255	913bda6741c88031929cbc283dcecc73437329b765b7cd5a7ac8d4fb19aee342
Source/Base Application/Purchases/Posting/PurchPostBatchViaJobQueue.Codeunit.al	147	2604df8e2109b152e2bdad490c2ddec1e7e97b46c2ddc10e487864b7fcb43f9f
Source/Base Application/Purchases/Posting/PurchPostInvoice.Codeunit.al	908	5297131b650a6ac0e031af2c247452a44cd1b7ccefe4e80d1964eb928038e3de
Source/Base Application/Purchases/Posting/PurchPostInvoiceEvents.Codeunit.al	155	04c7b7890899a2a0aa725eb0c1521ad8e45dac845ef0f7923411be9ef22ef7df
Source/Base Application/Purchases/Posting/PurchPostPrepmtYesNo.Codeunit.al	61	271356f0abcb6d258ef94a2798c8b91612fd4728d699950f9c20a10c4060a7a9
Source/Base Application/Purchases/Posting/PurchPostPrint.Codeunit.al	136	c7bff4a373d4908c077caccef7fef80f55668a41cbc9af734767d532be4da5a8
Source/Base Application/Purchases/Posting/PurchPostYesNo.Codeunit.al	98	a3b1467b56557686515074a862a15c4c96672b31ce097f74cfd9e4c3a31d3e75
Source/Base Application/Purchases/Pricing/PurchaseJobPriceLists.Page.al	16	10e6a9ecc7712b0fff03501b397e13c6c799592006ee5ce28aab4ec0879254e3
Source/Base Application/Purchases/Pricing/PurchaseLineDiscount.Table.al	25	57e11b5b85e9a96b4685ec7caf0608469f9afc01a69f5b7b7282436cda1d81ea
Source/Base Application/Purchases/Pricing/PurchaseLineDiscounts.Page.al	71	9d541ba447e7bf6ad44f81aadbe4151ea7bd017e86cee0752cb0bdc4a2653a7f
Source/Base Application/Purchases/Pricing/PurchaseLinePrice.Codeunit.al	181	bc7de7d1ffd6c241c752da605bb94b0f96148a708f3d8b56e7d3c463490f12e6
Source/Base Application/Purchases/Pricing/PurchasePrice.Table.al	34	9720d554b5e4fb3520f0eb8cd226df3b0096d0ea42992f71a36155e0f6b3c215
Source/Base Application/Purchases/Pricing/PurchasePriceList.Page.al	142	f4e7c7d29e3617714a514af07c679da0177a4fdafffccab8752c2daa825f66a6
Source/Base Application/Purchases/Pricing/PurchasePriceListLines.Page.al	142	ae7a2c646a8e242669e3c77e5801674e14de5938e490cc06971a7b72ae5207fa
Source/Base Application/Purchases/Pricing/PurchasePriceLists.Page.al	20	726df3282297b7239f0656bea0aedf8d7591a600f677908453329064bd06f525
Source/Base Application/Purchases/Pricing/PurchasePrices.Page.al	99	ffe870baed16308a05de667ef7444b284a9ca8b0ca8110fff253e3d260bf791a
Source/Base Application/Purchases/Pricing/PurchasesPriceandLineDisc.Page.al	3	8cc69fd3d5657f42673fca9f03e52466265b1cc7a9108f9c214abdb829e0d9ab
Source/Base Application/Purchases/Pricing/PurchPriceCalcMgt.Codeunit.al	643	47accd95b56fd5217a6e96a69ced5e09e7516b34613209e3521581efdd661c28
Source/Base Application/Purchases/Pricing/PurchPriceLineDiscBuff.Table.al	51	6ad7f21f5acee7c92921cdf4cfd711ebdbac82c31fca296567a26792d6c27bb4
Source/Base Application/Purchases/PurchWhsePostShipment.Codeunit.al	315	a8e844749eaa8ffc3cdf4eabddc5ff28953806a61a70d5f5a34a30ead2ca8e11
Source/Base Application/Purchases/Remittance/RemitAddress.Page.al	23	8cb405645cd5fdf980e348b89d27a226cabc43a2ec473f4039e9e8fd251d5695
Source/Base Application/Purchases/Remittance/RemitAddress.Table.al	36	3b5d6b9b8d9d9743a42ab66429214db1a6df4007e27af2742392c1ef2ea5ab2a
Source/Base Application/Purchases/Remittance/RemitAddressList.Page.al	2	4d98f88d070e624119f37f521148a12286a8ec933e3ebc21077adb2df7e6123c
Source/Base Application/Purchases/Reports/DayBookVendorLedgerEntry.Report.al	137	1ec4dc57bd1a4c499d2616b7abb65d79fc6922a834fae99eabac016b64ac9368
Source/Base Application/Purchases/Reports/PurchaseDocumentTest.Report.al	865	6904e19f1b6b18ed01a971edcfdfe399ac4a5d4be65a53cdc0401b4572033c96
Source/Base Application/Purchases/Reports/PurchasePrepmtDocTest.Report.al	265	8c546c15fb4ef9fc0e7b6325172e39f762cf37469ce03e0bb3daf735aeab80a7
Source/Base Application/Purchases/Reports/PurchaseStatistics.Report.al	40	4476e8a5b973ad88731d531faa784c4cb50e1e4b46188a6a1df8cf2677041a40
Source/Base Application/Purchases/Reports/RemittanceAdviceEntries.Report.al	109	a06de5df5c417139bfdd0460d52baae3d3d00aac9c617327db75c8904aa82fb0
Source/Base Application/Purchases/Reports/RemittanceAdviceJournal.Report.al	155	a3887cd4dc987f1c4c457a1a21ddd370a4c892ee0a9e755131a761452d73a973
Source/Base Application/Purchases/Reports/VendorBalancetoDate.Report.al	243	fa8444f0d2ea9bbd68ffce6fa49e497f63569846fe6277420f9032a7522b344e
Source/Base Application/Purchases/Reports/VendorDetailTrialBalance.Report.al	115	0dad125091ec32a0bb96bb7a96a2f943513f2048884e30b449d335eed03e3477
Source/Base Application/Purchases/Reports/VendorItemCatalog.Report.al	23	d0585d3549aa50c99ce22f3c53ba4cb0111c93054fd0458ab94e9e0fde29ff88
Source/Base Application/Purchases/Reports/VendorItemPurchases.Report.al	40	2d4a7ceb3abc746e6c5798aff56019ce2efc90b657886ab99b6ff94da9b44e03
Source/Base Application/Purchases/Reports/VendorLabels.Report.al	39	885505b8310569d7b9114266a147c64c2e739283d956f229ccc2e65a6b5fecbb
Source/Base Application/Purchases/Reports/VendorOrderDetail.Report.al	75	277e907d262463ccc21dcb125a6e2692c7f7a428a1c79299c37f9005874b2c35
Source/Base Application/Purchases/Reports/VendorOrderSummary.Report.al	60	a1978b43ae9be60ddbafe85fb9ab508d316bbf6a0f2d3cd1d0c559d954c7ac05
Source/Base Application/Purchases/Reports/VendorPaymentReceipt.Report.al	74	df6536944b8057052487ccb9c8795fc12a258d218e7146cf9b416e450c6ea716
Source/Base Application/Purchases/Reports/VendorPrePaymentJournal.Report.al	1466	a3fb0526c25f7b37c80c4670238b7bb9bb6410c0e86090bcdf22afb188f319c3
Source/Base Application/Purchases/Reports/VendorPurchaseList.Report.al	23	0bbd68ca7ffb62727d954cd99107022050713157eb7b2d0a4e09e365fad32089
Source/Base Application/Purchases/Reports/VendorRegister.Report.al	34	cc1d308d5cd523ad9966d4be76d349ab73d80dd52165c7346eabcbfb5d8f4db1
Source/Base Application/Purchases/Reports/VendorTrialBalance.Report.al	34	5cf4de1a2b949b948a7abb7868baf1a35b2e74958071722e5bd7f7290a69535c
Source/Base Application/Purchases/RoleCenters/InventoryPerformance.Page.al	33	51902004cef6c95c306073c646e33bdd4b73190f000ebcf1849aa14c25199c8a
Source/Base Application/Purchases/RoleCenters/PurchaseAgentActivities.Page.al	24	bbe834794f690f96f3cf0679521ec7469a26ca14c68909759884c625c5a3ef8c
Source/Base Application/Purchases/RoleCenters/PurchaseCue.Table.al	55	18133a1a0d165beeb0b06813e8447cca83110a062eeb57e41ae825b0b2b250e3
Source/Base Application/Purchases/RoleCenters/PurchasePerformance.Page.al	33	0da74bc01308db8d4230dd78950e183271683de71857b624ab899e20a31dc1f2
Source/Base Application/Purchases/Setup/PurchaseNoSeriesSetup.Page.al	14	3f27b5ecf65ed7ab5d7ea97c11027295c40873c915ec9ffded221512a6be3424
Source/Base Application/Purchases/Setup/PurchasesDataClassification.Codeunit.al	450	af289689d06ddab2ac8db66119d4b94577ed747a9ed25947f29bf3dded5ff2db
Source/Base Application/Purchases/Setup/PurchasesPayablesSetup.Page.al	9	0bb4713733c7f642f2f88c19b39b3544567d4780dd0765d3fbdec4b67808ad9e
Source/Base Application/Purchases/Setup/PurchasesPayablesSetup.Table.al	62	b7ebb90b2d559b015c5627daf077604f1216853d21b07f09b1162b5916bc84f7
Source/Base Application/Purchases/Setup/ReportSelectionPurchase.Page.al	64	30afe02de5bda8c23a4b73609539764002161d72006e9de240fb6eecaef88d97
Source/Base Application/Purchases/Setup/VendorReportSelections.Page.al	93	3ce42a9dabdec3ec7d4a121a3d064c52b104585f3d8d0389875c1a69d1f228b8
Source/Base Application/Purchases/Vendor/AgedAccPayableChart.Page.al	101	58877f1d003de832f823b2e6f8ba88b8e4c769453e30a8228c4f830ea93f3d22
Source/Base Application/Purchases/Vendor/AltVendorPostingGroup.Table.al	3	bd8d6e8ca953d3a68e5f5703b543317b6f2ae5a9d008dda3d8b6a4e39b16d094
Source/Base Application/Purchases/Vendor/CalculateVendorStats.Codeunit.al	28	b3a3fbd39c6b40e0ff2d7dea025fb0a33e494b5803d27e814ccb1f7e5fcb173c
Source/Base Application/Purchases/Vendor/MyVendor.Table.al	8	b2ed3a3a214da7825c4183122720eafa5a80b325689496995646585b788c8acc
Source/Base Application/Purchases/Vendor/MyVendors.Page.al	22	71a9a8fd6455548585070758e9486f35bf986a7d8ac5ab3878c1c34a36bbe132
Source/Base Application/Purchases/Vendor/OrderAddress.Page.al	7	c85bc7aee9f86fd09f4cbb56b52ced466c9115cc8bee1bb1414807a881de07ef
Source/Base Application/Purchases/Vendor/OrderAddress.Table.al	47	7a89e356c63a32065829152f413237fe8304ec334165c248d3818684868101d7
Source/Base Application/Purchases/Vendor/OrderAddressList.Page.al	2	237774c16c8aa4ea7506b5bbcef26894e0a54a4eed9f5dd63f7b151e793b702a
Source/Base Application/Purchases/Vendor/TopFiveVendorsChart.Codeunit.al	59	7a2b04e09864e5685c92f37ea462014d5cc62f6cd29e7408b4c055c52dac9cae
Source/Base Application/Purchases/Vendor/TopVendorsByPurchasesJob.Codeunit.al	51	90cc384961dbccf72662e869a50ada8a915f0dcacdd706c7473d8e198bfc5450
Source/Base Application/Purchases/Vendor/Vendor.Table.al	954	7c550c89eead8a93cf0f41dba2f4730a18323ff18f5f00a814a91a777fad4f79
Source/Base Application/Purchases/Vendor/VendorBankAccount.Table.al	66	7d21fa60b66539fa5070b08261cb09897c77d98b5c14ff9dfb8a37844e3bdb5e
Source/Base Application/Purchases/Vendor/VendorBankAccountCard.Page.al	5	a56f4c885dd50510ce3804682349956f4cca30245bcb0c2df6dc5c397457e5aa
Source/Base Application/Purchases/Vendor/VendorBankAccountList.Page.al	2	bd634bc2d5dfbbd5efe9058ad374bd306a3e8c68fafc193cc4056c23f1b42d9d
Source/Base Application/Purchases/Vendor/VendorCard.Page.al	287	26b85ac6794bf4dce4af6c402ff9c940d9966ce4043d555055909f840f83e20d
Source/Base Application/Purchases/Vendor/VendorCardCalculations.Codeunit.al	19	4b22ba8b447c843e3dfe8eb40d838646f3d689f84ec1ee92a42edf6a49f12de4
Source/Base Application/Purchases/Vendor/VendorDetailsFactBox.Page.al	4	f34da524942db4c0cba5e4d58f8880fcc24c9f5d4cee7c61d685a24729c894f7
Source/Base Application/Purchases/Vendor/VendorEntryStatistics.Page.al	46	673c86d5ea9b75202277d65f7176a66d00fa17da9eae1f39166c3e5d46c3f450
Source/Base Application/Purchases/Vendor/VendorInvoiceDisc.Table.al	18	e2b01e925e67ec0c2c82a2de151dd7b0910adfb28f724c1d616b5a67923acd04
Source/Base Application/Purchases/Vendor/VendorList.Page.al	110	33e35ceecdbdcb6cbdbfc871a8fac9dec0ddf6513ff3181cc471b0118d6c7373
Source/Base Application/Purchases/Vendor/VendorLookup.Page.al	9	5920db1f593da8065ed11fc056c98f62f569198b3195eb49a5131c10784ad650
Source/Base Application/Purchases/Vendor/VendorMgt.Codeunit.al	73	081e695bd8f8f0d25f155020570f51327d6b3efab3c3d0f0345ca6481cb8f47a
Source/Base Application/Purchases/Vendor/VendorPicture.Page.al	47	bf01892cb0d998d3cce0dd9324cc5dace6dc4158158e8cf8d64b340cdb7fe836
Source/Base Application/Purchases/Vendor/VendorPostingGroup.Table.al	216	45b9b637e604205dce3343847ac4561429675c0370a06aa4eccf0afb10aa6820
Source/Base Application/Purchases/Vendor/VendorPostingGroupCard.Page.al	3	adc9057d4d697319da27d1be3a2a23d466d6a9734943b5fbb76824a73ffe01fa
Source/Base Application/Purchases/Vendor/VendorPostingGroups.Page.al	20	10198a1c383d5dea6642c4ee7d0de396d049a52182645122a0359328e2ea1eae
Source/Base Application/Purchases/Vendor/VendorPurchaseLines.Page.al	57	3e88c8a12e9aa7c8c023d2904d587533dc3a37d9ab4c44b7a7842b2df3e36b3b
Source/Base Application/Purchases/Vendor/VendorPurchases.Page.al	54	a26cf892bcf86a50ad96a70f33aa7a731b643535d95e8139ad0e8d8600ac3f0d
Source/Base Application/Purchases/Vendor/VendorStatistics.Page.al	94	386ed7a74e7577db4c90f8cf9e7e0ab63d31ccca0829b7e08968b6f48ff37d97
Source/Base Application/Purchases/Vendor/VendorStatisticsFactBox.Page.al	114	1635841e7995b93a3109544a9116eb2f3521fd9df001990baf4f5d7449443827
Source/Base Application/Purchases/Vendor/VendorTempl.Table.al	83	9c9580f7c0077dac149b288217a4b90a5a80962b7423c0bc452b6bb88c791f4c
Source/Base Application/Purchases/Vendor/VendorTemplCard.Page.al	16	fc2005407cf3b297fb5562cac50bab8042404633e7425af6d4d85c271b878703
Source/Base Application/Purchases/Vendor/VendorTemplMgt.Codeunit.al	301	40d2f5b92b936594186cb73052225bc2b859ad934a4af8f389a661d845133746
Source/Base Application/Purchases/Vendor/VendStatsbyCurrLines.Page.al	13	7c51efb6cd6bb17deca3fba79faecce60a920390e19007fc989bdb2afb4bee25
Source/Base Application/ReadDataExchfromStream.Codeunit.al	10	91e542c50432f520806fe241f746b7c3d5bc524d1fa9c01a7467be4578f37a61
Source/Base Application/RecordBuffer.Table.al	55	84eb659fc95260a507be38abed51be1a8833c0dbc376bb89de4398b05b31a40b
Source/Base Application/RecordExportBuffer.Table.al	7	e04fdf00242256acdd621a001e27b2ccbef16a2064faba21c0d7453357a15e21
Source/Base Application/RecordSetManagement.Codeunit.al	126	89f4aa376ac7c2baf600107d5b27aa261a1b40898366498a59e4202d36d1bada
Source/Base Application/ReportResGovernSettings.page.al	86	0ccc7a001a5c642e8a47a17d001f46b132eaffe5a481a361e6b816d1b352c042
Source/Base Application/ReportSettings.Page.al	74	e3936cbff9759e539bb52c0718420e257a4bfac902010682405f0ae1ccfb8a4f
Source/Base Application/RestrictedRecords.Page.al	6	50b0d8e482f52747edaf0f6b7d339506f4ea346d8255235b7c93ea3d2ec90e6f
Source/Base Application/RoleCenters/AccountReceivablesKPIs.Page.al	36	7582b0894c0e5a6ffa98810b129d9761774834f14675828df11a1009076173ab
Source/Base Application/RoleCenters/ActivitiesCue.Table.al	1	c64a8e41813bed635d4bc8758f089a67befe487d81cf6f63a611f7013e14a290
Source/Base Application/RoleCenters/ActivitiesMgt.Codeunit.al	315	8b2a4107209c42103536f2858735fc4f1f7ce2abf910aed1233160ca618efebe
Source/Base Application/RoleCenters/ITOperationsActivities.Page.al	32	d1b82c64185deac75d8e5d03352a8535bef5d2a3f2c3cc76244a65d35517df4d
Source/Base Application/RoleCenters/MyRecordsDemoSetup.Codeunit.al	99	89e3b1b69ef6b1112644d37f2f7590bb4c53b8e5b2db036663cd18f5c8cf6692
Source/Base Application/RoleCenters/MyRecordsFilterSub.Codeunit.al	44	4cd31bdae59258cce9f1dd64d1bb0023ef703426e2245687e8b93823895efd51
Source/Base Application/RoleCenters/OverdueCustomers.Page.al	91	f3c68fd7cae3e0a4c0618d83f232097d32d0ce09704818a610c4868a6356374c
Source/Base Application/RoleCenters/ReminderCues.Page.al	12	e909737da757c890cd8f4f2627f5b4112707b5e21c0fcdb68a281b57a1bdc7dc
Source/Base Application/RoleCenters/RoleCenterNotificationMgt.Codeunit.al	365	a62ee66802d8273e3fa790a83d1e89a71d7cf748ca1a11209fd69478158fc9e3
Source/Base Application/RoleCenters/RoleCenterNotifications.Table.al	38	baf942c6a7c7663a2d1b1ec6b80cfce1f1fabe27b90fe8742276f385ba0315c4
Source/Base Application/RoleCenters/RoleCenterOverview.Page.al	53	1a45acae7c23b7808caae072be5d342e4d2260a2a997ea349722a05fa48fbc1f
Source/Base Application/RoleCenters/RoleCenterpageDispatcher.Page.al	34	eff504068c30cd1b56c21d8d3854a39d2fc3b781b17eaa57178c19b5908fcdf3
Source/Base Application/RoleCenters/RolecenterSelectorMgt.Codeunit.al	153	c50dded0b1f60e40f5b1917a18768372edd1c7f01ad6b16034725133e392646b
Source/Base Application/RoleCenters/SBOwnerCue.Table.al	15	84d9438fd946b37002dad7eed60ccf8f3d0f65a2e027065f60ce0ab6368feb6d
Source/Base Application/RoleCenters/SmallBusinessOwnerAct.Page.al	16	fa554ce144ef2bf61406579a41e0337c07777306b6eb2a5e4942f58551ff0bcc
Source/Base Application/RoleCenters/StartTrial.Codeunit.al	38	9e628db8cecf1f0f0908f8ca9bc748a4054517f2da2fe0ce9b8357854cbd8d0b
Source/Base Application/RoleCenters/TeamMemberActionManager.Codeunit.al	27	47c87b0785e677c46188f37ead3598ccb1caa695bdb77f05d9c54440b13c9a84
Source/Base Application/RoleCenters/TeamMemberActivities.Page.al	40	adf72b982d23b3ce3dbac05d5a9925613a79775acc2e58030c3795f0836b7dad
Source/Base Application/RoleCenters/TeamMemberActivitiesNoMsgs.Page.al	24	764eba794d8f24eaedf8b8af1a74d0eb7b57916a6cbd844005dbe1b2649feef3
Source/Base Application/RoleCenters/TeamMemberCue.Table.al	46	74e16d1c33220ebe0fb5bda295757e3ebbb16e033919622360962c834c2256c7
Source/Base Application/SaaSLogInManagement.Codeunit.al	57	67be2fd7be8325693780ca2d4102590deaf63d5a90554f96a506a60f9a66923d
Source/Base Application/Sales/Analysis/AgedAccReceivableChart.Page.al	144	13c5ffec747fbb4f70e82f04ed544cf40bece53a8bfd346a0958154a06c5773d
Source/Base Application/Sales/Analysis/AnalysisReportSale.Page.al	3	bfa04366c6c939ca4c9e1182970fbaeb116ff83bc504a18cc8386477fd4979ac
Source/Base Application/Sales/Analysis/AnalysisViewListSales.Page.al	3	1b13dbc79c3d7999eba18044c95f088117113218898bf62884a06c83bfd6d44e
Source/Base Application/Sales/Analysis/BudgetNamesSales.Page.al	3	e5bedcb74e35b49c9d6834d1159548dc2c132b9f7f4db0afe68c91d79dbbadd4
Source/Base Application/Sales/Analysis/CustomerSales.Page.al	54	4bfd247ce5ac0059cfbc961845714a422e1700298a5929bcc4f70bab2f8c11c8
Source/Base Application/Sales/Analysis/CustomerSalesLines.Page.al	58	02f0401ddea24c92795ad656b681c233bb2a4b51549516ab4faad78062cd66ab
Source/Base Application/Sales/Analysis/CustStatsbyCurrLines.Page.al	13	5e74c8284a5d2ef7c1388c1648937a1dff5f19affee0496e27e6734a3ce924f3
Source/Base Application/Sales/Analysis/RunSalesAnalysisColTemp.Report.al	7	43f1948b473a4c393e2a4f4917807d5cdf44b091e205cdaa351af8ef4a43f45b
Source/Base Application/Sales/Analysis/RunSalesAnalysisLineTempl.Report.al	7	06150f317dc0eb5bba6bc203c9942e729533dc547afbb95abd20ee51372b5115
Source/Base Application/Sales/Analysis/SalesAnalysisbyDimensions.Page.al	338	010ac61757eacac86984bd3fcc2f979b1ce5fd48dfebd02b9c85e300b383c075
Source/Base Application/Sales/Analysis/SalesAnalysisbyDimMatrix.Page.al	327	3767fd27402fd6000b6a408220fab48b876ff024d4ddec61eabe902404d86c4a
Source/Base Application/Sales/Analysis/SalesAnalysisLines.Page.al	89	b2d0d8cd4d4d06158daf6a5985a242fe30ea990ba05b5102a795813de3b1e086
Source/Base Application/Sales/Analysis/SalesAnalysisMatrix.Page.al	325	83e2b6783576d548ddd55c188fa47fe563c9e7e4246306b7cb660757526d3640
Source/Base Application/Sales/Analysis/SalesAnalysisReport.Page.al	273	9a8a61292433f910384271bcf0de1893c9b3abccbc5df5526075fb24e5ce738f
Source/Base Application/Sales/Analysis/SalesAnalysisViewCard.Page.al	20	a89828614f40ef67c5605a51dc0c5335856d523df0dc10d08edd2b45d4959e65
Source/Base Application/Sales/Analysis/SalesBudgetOverview.Page.al	410	88cdba95e520b8990066a7870bf067768b1062b6d2d4628799288c962a224e0c
Source/Base Application/Sales/Analysis/SalesBudgetOverviewMatrix.Page.al	159	99655a0a9deca9a20fc824a09bb1b8ba46f0bb99c76f256fd7f6851965d96358
Source/Base Application/Sales/Analysis/SalesbyCustGrpChartMgt.Codeunit.al	61	74d907adc6fd72689107c9ddad2f4f94b9acaf239bbd6cac62bb44f43011304c
Source/Base Application/Sales/Analysis/SalesbyCustGrpChartSetup.Table.al	14	c8c50bb8b8a45b6300476b0e0b76bbfba26c29d4263a0f4a574617ca19e504c1
Source/Base Application/Sales/Analysis/SalesPipelineChart.Page.al	29	73408102d32221efbadbaf600f6b83f739595a85597af1fd0f4f80e49893ac10
Source/Base Application/Sales/Analysis/SalesPipelineChartMgt.Codeunit.al	61	35c4ecc0d833431cb3d1f2c2ea29368126966205cad86840a31d1813cd2f6a15
Source/Base Application/Sales/Analysis/TrailingSalesOrdersChart.Page.al	139	197f23073353a5bec7d1eb42dcb906fa5e7b05015b69f5edc711c69fac04da80
Source/Base Application/Sales/Analysis/TrailingSalesOrdersMgt.Codeunit.al	114	6e918b8103d9ce230acbcf66d7651ccff18594524f0a11dc020f244d27333eb7
Source/Base Application/Sales/Analysis/TrailingSalesOrdersSetup.Page.al	10	808f0a34fc60878e1efb99522cfc56c2befab4761f368c2754811310fa22c8eb
Source/Base Application/Sales/Analysis/TrailingSalesOrdersSetup.Table.al	22	3b1a8e8ec2f2d14907d1fb3cf5b8663cd42e4c297930b885367812ce8425ba28
Source/Base Application/Sales/Archive/ArchivedBlanketSalesOrder.Report.al	195	39d8f08894186c7f10bc7c47972bb2510ccee286646f2290f8c0b581823099d4
Source/Base Application/Sales/Archive/ArchivedSalesOrder.Report.al	196	1929220dfab35dff634cda92f61529585dec30d159bd3cb373c7757f34b203e1
Source/Base Application/Sales/Archive/ArchivedSalesQuote.Report.al	195	f285721923f2eae1810b184b66621637b98ed30dc2ae39e061e319c7d23f159c
Source/Base Application/Sales/Archive/ArchSalesReturnOrder.Report.al	209	2bac177f9d4e51f41ee41cf16e5921c9c3c074c2b67250952eab93d9b6206f77
Source/Base Application/Sales/Archive/BlanketSalesOrderArchive.Page.al	11	48f459cc2d15d404a9408781fa8ed0a93f75424f575e606b6e531642eb3a1f67
Source/Base Application/Sales/Archive/BlanketSalesOrderArchives.Page.al	4	69f5382da2bc38d0949a4fa64368ca401845928f33f638f6c3560b8e712c9927
Source/Base Application/Sales/Archive/BlanketSalesOrderArchSub.Page.al	35	00de32e55d7fee70070010821d8a9f4f69e2a8c3ab16530ec4d374870016a948
Source/Base Application/Sales/Archive/SalesCommentLineArchive.Table.al	11	cf05c83fd9d8f8227c56b3f92a2a1784b92b1a9f85910fad58d57a9c92f717f0
Source/Base Application/Sales/Archive/SalesCountPrintedArch.Codeunit.al	10	60db3e5e29bc79335ec9a229908a00939f59f28b3fa6fe7ff4d4b29c6b309b6a
Source/Base Application/Sales/Archive/SalesHeaderArchive.Table.al	44	96bd1c60ef5396cf39c73f5daeb7a5635889c575c470244a4659f35db624d09c
Source/Base Application/Sales/Archive/SalesLineArchive.Table.al	65	46d94fa30e4f55fda7aa88e0234a41faac16f9bdaab64d888337d3476e15a264
Source/Base Application/Sales/Archive/SalesLineArchiveList.Page.al	6	4a692fac54227c28c7beae5aca66bfe095a9c43e47ec291284d2acc048327224
Source/Base Application/Sales/Archive/SalesListArchive.Page.al	4	245b2b0339bc5a5c123a131c53194e4065237894c48e75894629457256b005f2
Source/Base Application/Sales/Archive/SalesOrderArchive.Page.al	31	76650e1b712561f27b2d746fde02e1628aad80c22d5d3ec3df1cc8ae6521d10b
Source/Base Application/Sales/Archive/SalesOrderArchives.Page.al	8	a5bc7e8ded1c633f550fb06574583c4003499639cdec76da7fe1b682236c360b
Source/Base Application/Sales/Archive/SalesOrderArchiveSubform.Page.al	37	fe68817054678861d6f490a9cab35ef0a6b92fdabf737fdf87eb3422637cfa7c
Source/Base Application/Sales/Archive/SalesQuoteArchive.Page.al	30	0879127deef789df015fc2ce0c4ea0a55e2d93d808114e004ced9fe8e611102a
Source/Base Application/Sales/Archive/SalesQuoteArchives.Page.al	6	022f53dbd30e8dd39e8ddbfd755f009f100a2d2eace711ba1e86803deaeaefac
Source/Base Application/Sales/Archive/SalesQuoteArchiveSubform.Page.al	28	5472ad2c0dc34dbd4bf4efa64009537e70aa5386596c35fae5a9bdfccb808cad
Source/Base Application/Sales/Archive/SalesReturnListArchive.Page.al	2	dde833e8d1b6962e157a7da869923ab4950f9df1436df07c9743140e57e3d1fc
Source/Base Application/Sales/Archive/SalesReturnOrderArchive.Page.al	23	a0073072cdf06418c97bf508eb0d5a35ea6c88b3d6d0f17cc0a8c6b88fa7c33c
Source/Base Application/Sales/Archive/SalesReturnOrderArcSubform.Page.al	36	67da8abf2c265dc74dad7b90e0dd9285dc0a816ca94502ea26dee39461e963dd
Source/Base Application/Sales/Comment/SalesCommentLine.Table.al	99	59a0a2475b6877e19e1d1a4e6b52cd4718a31e69fce6feb36c7e7c3bfe1c48b2
Source/Base Application/Sales/Comment/SalesCommentSheet.Page.al	2	682903e327f25d9a726f79f92040be25dad75e80128f1d1796644f50d0bf2705
Source/Base Application/Sales/Customer/AltCustomerPostingGroup.Table.al	3	d8e7e8eb4c2dbb8d62230b000f7f1882c961f780432cb36a1237035a19542982
Source/Base Application/Sales/Customer/AvailableCredit.Page.al	15	8eecfb22bf51cd9ff2f10c66b1998166d33be4310dc86c30f54a50ba92be7021
Source/Base Application/Sales/Customer/CalculateCustomerStats.Codeunit.al	24	3320b3c412c8fdc21c2f329d451d49d6ee4b44455e92b990f4ccd128581455ba
Source/Base Application/Sales/Customer/CheckCreditLimit.Page.al	229	3db935a79a42cfa46e2303d586e5b0f2773090d4dbcb602d7adbbcb35832540a
Source/Base Application/Sales/Customer/CreditLimitDetails.Page.al	47	f00748ca008de0c24e2eb85b5282e0b5730a58d46210d5f3e05d75b514c43b95
Source/Base Application/Sales/Customer/CustCheckCrLimit.Codeunit.al	104	243e3dd691ec10d849cf8f6fbbfd27653cf7c93a711a8feababa2b36e475c4df
Source/Base Application/Sales/Customer/Customer.Table.al	1353	6dd5e5b40aad5da10d781adac29013fc709a63abff0dd907588bdb223703bc30
Source/Base Application/Sales/Customer/CustomerBankAccount.Table.al	69	e63fc28b870776924557f15912837d42b77c45b936a3a9305eca90cfc817a877
Source/Base Application/Sales/Customer/CustomerBankAccountCard.Page.al	5	6bb847f88f55cc4caf42fb468f7e8276decb4f0e0bee905fcda56fba6dc1431d
Source/Base Application/Sales/Customer/CustomerCard.Page.al	508	ec4636d40fc01ce3118f9a0fd7c26cf9b4e11c8396822411f52587742124782a
Source/Base Application/Sales/Customer/CustomerCardCalculations.Codeunit.al	80	9b91152f15fb36e685805420436cb48e4068d06d9c24734710b181616e62ea7e
Source/Base Application/Sales/Customer/CustomerDetailsFactBox.Page.al	12	07a1b7128fdeacdaaa7bbcbee68844082c4f601ba107d78044941d6761cc23ab
Source/Base Application/Sales/Customer/CustomerEntryStatistics.Page.al	76	5c13402b72507f8b96186bd8757c911eaf4906c2595c54e191d97a8d62c4f758
Source/Base Application/Sales/Customer/CustomerLayoutStatement.Codeunit.al	51	791642dd8134210ef77d6f54ee2d9e333a9067f0170e67ff1dccf35b1ead2e45
Source/Base Application/Sales/Customer/CustomerList.Page.al	143	1c4e0f22a99854c7202af259c9d474ec6d54f13a09c55aeceaa03dd0f2aed11f
Source/Base Application/Sales/Customer/CustomerLookup.Page.al	9	d2f93a2b801450b309907c23e847c3c2d0d6e4fdcd64a5cab83224684582678a
Source/Base Application/Sales/Customer/CustomerMgt.Codeunit.al	319	9969ef2117fabd13d0dade86747fec7495c0882b6f93b2ab9a157dc2150ae694
Source/Base Application/Sales/Customer/CustomerPicture.Page.al	54	b3f777505da3f378f1e25d2c6f65386b6dd94fb92d641d09f6e560cb3c3e8481
Source/Base Application/Sales/Customer/CustomerPostingGroup.Table.al	269	31668328ec01678975fa7926a176c48aff77b83bc82f7e72e6ff2ce8906824c3
Source/Base Application/Sales/Customer/CustomerPostingGroupCard.Page.al	5	e659b94e954afd2a70d63d280cd7ee90e538ab8f9e451141825697861346d66c
Source/Base Application/Sales/Customer/CustomerPostingGroups.Page.al	47	81254af9e4fa1123f1c499722b35d0c75c440e4fa574e3997e970126a479b0f4
Source/Base Application/Sales/Customer/CustomerStatement.Report.al	2	9cb94d98319438b2bc4a86829aa85985d8fc1a73e4d4a92974ff464f89acc527
Source/Base Application/Sales/Customer/CustomerStatementSubscr.codeunit.al	22	84c90f70d7ba81c2ad709528832168efa6dafbf14c0434760d3c18a6f3b7621f
Source/Base Application/Sales/Customer/CustomerStatementViaQueue.Codeunit.al	19	0572381ec63dbf3569547f5120e841ee05a08290fc63a5521ec48763c4a3d13f
Source/Base Application/Sales/Customer/CustomerStatistics.Page.al	84	924d4df7deedf00b5cf8268b0384552da0eb0165189ba5cb07f604d58382759d
Source/Base Application/Sales/Customer/CustomerStatisticsFactBox.Page.al	120	f4b6980649c0bd89666dd3d2282d43eac3a5b13633f1d62b36e8f87c47418fd3
Source/Base Application/Sales/Customer/CustomerTempl.Table.al	85	cc43a822e44b3c1411363f78410eb7abd51e3046624e924093f0d56636263d26
Source/Base Application/Sales/Customer/CustomerTemplCard.Page.al	19	249e8a3d9e9b1633bf3442f376b48eef7d3e4149876bccfb60218b07e8d4571d
Source/Base Application/Sales/Customer/CustomerTemplMgt.Codeunit.al	316	9bf7b812063f702903687ba395ec6df030f6bb74d9d289b9c3bb2c1252cf49e7
Source/Base Application/Sales/Customer/MyCustomer.Table.al	8	fe9db696ca2457a89ae88c02653449f93b0120ff746ec086a73705265e34a1e7
Source/Base Application/Sales/Customer/MyCustomers.Page.al	24	461ddeebde90c185da48521822d5fa4b0ed2fb415928b390bf0cf6aa804f93bb
Source/Base Application/Sales/Customer/SalesStatsPerPeriod.Page.al	15	08f5e47d838a73a9479efbf21290e64f63232ad2aea9337a657b0c71fcab67fc
Source/Base Application/Sales/Customer/ShiptoAddress.Page.al	30	31286c20354c04e4b275841e800c92164aad6d47416d7ad2248087753329157d
Source/Base Application/Sales/Customer/ShiptoAddress.Table.al	75	2f6b0082c5503db8eb0aa1b514f9972030f0e1f59eacbc5fba94127b4c7b2ee1
Source/Base Application/Sales/Customer/ShiptoAddressList.Page.al	2	2bcd56f3eca252ee9f0d53ce42294d1b586acfd7a0e93ab0a101582f8075d100
Source/Base Application/Sales/Customer/StandardStatement.Report.al	498	9fa059de8f4ed90824ee6619b20677626bc256fdaf9eff81e56f0fc52f3bf53d
Source/Base Application/Sales/Customer/Statement.Report.al	363	c6bd10dbcab4abd9178c385f39259f4e547491f123477d26649e6d3de318d7ea
Source/Base Application/Sales/Customer/TopCustomersBySalesJob.Codeunit.al	48	a4847e974a08b92b9c37528443d103a265aace7e97ef634e424b76afa81308c0
Source/Base Application/Sales/Customer/TopFiveCustomersChartMgt.Codeunit.al	60	6827ec8c1d2d70bb5294332e2bcb46e1265bbdab354caa492cd2dca53524be92
Source/Base Application/Sales/Customer/TopTenCustomersChartMgt.Codeunit.al	50	b1ca19a43ae79d4d6b9c2d0e37757ea568c0fea2e0ffc2a22cad4e09b67ed8cd
Source/Base Application/Sales/Document/AvailableSalesLines.Page.al	103	0831ae08afe9a257205d312a55aa5a44a7219873197ef155187c822dc970711e
Source/Base Application/Sales/Document/BatchPostSalesCreditMemos.Report.al	54	4e8c53652daf8e523205dd6db3267ea7cba37785fd758b56631bc95ce4489ef3
Source/Base Application/Sales/Document/BatchPostSalesInvoices.Report.al	59	65194015686e829f091f24bc096d8d4076c51abb09be9770799063bf7e53bb49
Source/Base Application/Sales/Document/BatchPostSalesOrders.Report.al	76	7615165dc70b9e0f43fa988908fe7ed5acb873521f820ac6b3f0d8df30850aae
Source/Base Application/Sales/Document/BatchPostSalesReturnOrders.Report.al	62	94ec214c2a49517e693cf66957c20c8ecb0d8c57b088816af6ba38689adc9287
Source/Base Application/Sales/Document/BlanketSalesOrder.Page.al	274	a018f454ff99bb36a08fecc0e12b36f6371703dab535f543a1a84882876ae13e
Source/Base Application/Sales/Document/BlanketSalesOrder.Report.al	224	1557b2859bd06810dcd0045b198e2dd005712453323b1b3f38bd4012a58e2c3b
Source/Base Application/Sales/Document/BlanketSalesOrders.Page.al	34	01016029b15d34594e143e5d9259d0f42ece90884d2da1cfe6bf631d064545be
Source/Base Application/Sales/Document/BlanketSalesOrderSubform.Page.al	337	5a072f8594a85c71ab92afeb4de2296f7ac568944aa8ba708006032d20d1cb26
Source/Base Application/Sales/Document/BlanketSalesOrdertoOrder.Codeunit.al	345	f3d921549e54c0561309e23c45cdd5969176959753f7f6c972beee61c4618ec3
Source/Base Application/Sales/Document/BlnktSalesOrdtoOrdYN.Codeunit.al	26	1a1ea3e26b9f85620b41dcae0c8ff02e8362c80e7d880b537427fdfbfd6129e1
Source/Base Application/Sales/Document/CheckSalesDocBackgr.Codeunit.al	72	e26013e7786c8fcf9f5a21ca7cd625216685620bce9809ac2ef21032ecc8b4d7
Source/Base Application/Sales/Document/CheckSalesDocument.Codeunit.al	5	b7d3aa75fbda8dcc3a0a9ec802eec023a32114729a91a76586bfa1ac6af6dc53
Source/Base Application/Sales/Document/CheckSalesDocumentLine.Codeunit.al	27	1ff0e68b72ddc80a916e73c8fd0d401b4622b30b5b94eea3b69b5bfc1262c804
Source/Base Application/Sales/Document/CombineReturnReceipts.Report.al	170	8ade3922c01f4c3d2113b682536fe1b6057312eab614ddbad2ed44ecf5a896bb
Source/Base Application/Sales/Document/CombineShipments.Report.al	282	7a24353cd9476941b679ad185478f32f9cacbeed63dde5489fde6bf75adec60d
Source/Base Application/Sales/Document/CopySalesDocument.Report.al	274	1ba2b4b895bcb410b0afe1b23c3fe8e883c8d4c9c8ae2a22d616dd14edde32d1
Source/Base Application/Sales/Document/CreateRecurringSalesInv.Report.al	23	60511c91abebd8466ad37e19be84b38ebe45887009b8d6a02b838141ec411887
Source/Base Application/Sales/Document/DeleteExpiredSalesQuotes.Report.al	19	b608f9a4630a098050e59cdfff3ae8a4c95722a25a321eaddf7b3ee55714aa25
Source/Base Application/Sales/Document/DeleteInvdBlnktSalesOrders.Report.al	66	66092e02af2ca8d365b5fcb783158c3fa334c3619b8d5b4852bc733615f10597
Source/Base Application/Sales/Document/DeleteInvdSalesRetOrders.Report.al	92	6ccb30c5db613dcbc250d30d1615bab07bbdcbbf0b3297a1e4792c1ba6e82fc1
Source/Base Application/Sales/Document/DeleteInvoicedSalesOrders.Report.al	151	70b2062c890a414bbe275a47d7bb121d96f7c0aff8d460f3f78d91b73fa19400
Source/Base Application/Sales/Document/GetSalesOrders.Report.al	160	d40b1f09c1146469bd163d60f78e13cc7314b6c978224aa90246d90fb105b749
Source/Base Application/Sales/Document/ItemChargeAssgntSales.Codeunit.al	455	7e921b16e4d00c90baf672c09ff27228e599ea447e1222ac8521bf06ea391929
Source/Base Application/Sales/Document/ItemChargeAssignmentSales.Page.al	138	69ca2198e3daaa425d0a1bc25b20c9798837b510613b7a19726fce1e1e971f7c
Source/Base Application/Sales/Document/ItemChargeAssignmentSales.Table.al	59	052a1f65041f03ca19f8426bd415f143ab10d7f162145ee29ca13b82fabe0af0
Source/Base Application/Sales/Document/MoveNegativeSalesLines.Report.al	59	9e4ea1d7569787c444eaba1894e12f20c6ed2e6baecec0c0dbae298f23b5bc65
Source/Base Application/Sales/Document/PickInstruction.Report.al	35	6bade3cd9f4c6a7db1ff21ae382cee277b591f72e79a62929d69e34a1dff995b
Source/Base Application/Sales/Document/ReleaseSalesDocument.Codeunit.al	259	726468f4ba09e5060d3233c54bfeb8797a3217c15ee5666c20ee2a4bf3ee5766
Source/Base Application/Sales/Document/ReturnOrderConfirmation.Report.al	209	ce2d62331f9f2b838da5aa524930f8327da2eef11b6b3553fda592b9de9ddf92
Source/Base Application/Sales/Document/ReturnsRelatedDocument.Table.al	30	ea3d7363ea3f9acee0113bf1f547e9b07a7cd3e224b703efc947637cc4e56c58
Source/Base Application/Sales/Document/ReturnsRelatedDocuments.Page.al	2	e456ae9578739a8ca7f296cf34a6a1aae598e0bee5e5e43d416af7acfd4d99dc
Source/Base Application/Sales/Document/SalesAvailabilityMgt.Codeunit.al	418	6a457d0d5c23af916ff850c53361c50f8061527a1c1323a0d253716cd0cc37e9
Source/Base Application/Sales/Document/SalesCalcDiscount.Codeunit.al	239	4165898378a38dc43a80133d725d39433b6aaa60b52ee873128a0d6e1ea6a545
Source/Base Application/Sales/Document/SalesCalcDiscountByType.Codeunit.al	153	fd0c02040fa99c8658ebe807afad62872f34a195baeb3a1b0ad40feb31f3bf73
Source/Base Application/Sales/Document/SalesCreditMemo.Page.al	355	0e993234586fa8fbc3be180ea96f0b5cf05d8fe558f25964df606ea14c846dcc
Source/Base Application/Sales/Document/SalesCreditMemos.Page.al	93	daf40c7df117de89468d78d9a05b75a9cac957e5d3440e53586ae42d9a0ebb86
Source/Base Application/Sales/Document/SalesCrMemoSubform.Page.al	432	fa3a07f7784162dafcc8d0df90490fa9f08cbcec94fcd4395beed4ff5562f5cb
Source/Base Application/Sales/Document/SalesDiscYesNo.Codeunit.al	10	955d9626e568a8b653b792688f69e44fb9321f32c7cfd89f5cefcf18533ce2ef
Source/Base Application/Sales/Document/SalesDocCheckFactbox.Page.al	52	00b7aaced81bc4e3db65af8599e9e013c597e4e7d7e5975b39cd31742493b43b
Source/Base Application/Sales/Document/SalesDocumentIcon.Table.al	12	3c3d3227e0a4930f219a059a223e7528b1082a443465e036bf7c0c2d4ce76b6b
Source/Base Application/Sales/Document/SalesDocuments.Page.al	50	3826145fe9a3d910c4779cda885b4a05771210bdf21a3ea9a429e4c92446f2a9
Source/Base Application/Sales/Document/SalesExplodeBOM.Codeunit.al	213	4d665500317d3f7a642687a224455a91fa2677f09d444d5fe02310570fca56ed
Source/Base Application/Sales/Document/SalesGetReturnReceipts.Codeunit.al	210	dfe9c8ab1bc434b6f681eaac99d6afb33ebe39354138744c98240ec633e70fed
Source/Base Application/Sales/Document/SalesGetShipment.Codeunit.al	358	730cd99fc31f470578eb30b8aae7df01a543334bfeaceba00f64c5f533c943b4
Source/Base Application/Sales/Document/SalesHeader.Table.al	5330	4c5ffdbab9a2d4bdba5bc4a6bb216341a4c690c0fc1ba7dcf72f213b41074c6d
Source/Base Application/Sales/Document/SalesHeaderApply.Codeunit.al	39	aaba2dfed809a18edba2d7877d0af7a981ad4ebb6a590e09842ed275479fc2c7
Source/Base Application/Sales/Document/SalesHistBilltoFactBox.Page.al	4	7488d0b9308525eb3f68ac6bfcfd5eb4ebc2985f5a825bd046657bcdcab45df2
Source/Base Application/Sales/Document/SalesHistSelltoFactBox.Page.al	4	32f3fbacde5cb834911acf965169ea8507f0b78237ee39485ed5d3ea8f560451
Source/Base Application/Sales/Document/SalesInfoPaneManagement.Codeunit.al	105	0c2853319c8ca21ca180510b54d2bfe06b8b176add1e02f37a6a67658711cb2b
Source/Base Application/Sales/Document/SalesInvoice.Page.al	465	36ef17c85bc0d811e9793303bfc04f33d5166761a94b10343438a7862fba2fa6
Source/Base Application/Sales/Document/SalesInvoiceList.Page.al	87	dcc2c292d2788bffcfa1edc31093fa52a110e73eb66019a84b474381730a2eeb
Source/Base Application/Sales/Document/SalesInvoiceSubform.Page.al	450	c02526b49e5cf2d354273cb1afb3f73967625bc8c162c79024291538a9a85c6c
Source/Base Application/Sales/Document/SalesLine.Table.al	5932	d6cf0c8058109e9970c4f694d94bb47ee7c2caaa0a44d541a9e2b60db298226b
Source/Base Application/Sales/Document/SalesLineCaptionClassMgmt.Codeunit.al	21	f2f1aa84378ae81c63350bcd3f66aece6a6be953c6719dbc9602842aa1593e8b
Source/Base Application/Sales/Document/SalesLineFactBox.Page.al	36	df5c0a7188f8b9e0f23e916b7eac2847b07a10558e22b26de4eb1c0f61bf1dff
Source/Base Application/Sales/Document/SalesLineInvtProfile.Codeunit.al	119	c92ea79a3fbe9e4ab8caeb363bb9fbccf227ebf7081703c52c6b3e21cf19af5c
Source/Base Application/Sales/Document/SalesLinePlanning.Codeunit.al	53	8a93b0d1ca8e70631f4b10fa90194445761da67cbea9fbaceafb3bb062534af5
Source/Base Application/Sales/Document/SalesLineReserve.Codeunit.al	985	e8bd5253b6144f8ebce3c5305fc80c8f58b3e71972cbee38ed8d21fcc7c9e80b
Source/Base Application/Sales/Document/SalesLines.Page.al	41	537ba90db41d8ff252254a5a217422b7c07e1260db64efaa638567ec6f88d8bd
Source/Base Application/Sales/Document/SalesList.Page.al	6	99bc66a9388d40c54b836cae942f233479c5dce09dcdfd92d5fa9b5da8d4949b
Source/Base Application/Sales/Document/SalesManualRelease.Codeunit.al	2	0a67df8e71519f8d7c76db3db74f525fca0c7d21dcaf8b8258f8a3d62db5f6be
Source/Base Application/Sales/Document/SalesManualReopen.Codeunit.al	2	fb4ce13d7431fb5b857f759bb9c8d82827fab8b88dc70c99bcededfe5affaa17
Source/Base Application/Sales/Document/SalesNoSeriesSetup.Page.al	17	eea1ca933fd3725034d12afe6de1a7b4a47d614d6fc243a5b9c9d20f4379ac9c
Source/Base Application/Sales/Document/SalesOrder.Page.al	598	a3bc0f1d9752627c1cdc8db8a671cb7424faf357766bf8221a2a47eb35258b7d
Source/Base Application/Sales/Document/SalesOrderList.Page.al	164	ed2eb8184aa1797eb085c37cb334ebb3e4f021d2bdd4adbec5c41fcdbfc0ce3a
Source/Base Application/Sales/Document/SalesOrderPlanning.Page.al	129	adadd4cfeb2e2ad46784b6f2c2d26ce2ab3edad4e3c6267e6de79991a4be636f
Source/Base Application/Sales/Document/SalesOrders.Page.al	3	2a96b6614447deb0b50eff2806eb44f9f911a4744797881541d54d30caeb4e7e
Source/Base Application/Sales/Document/SalesOrderStatistics.Page.al	345	940ac640311f2f8bc570ae4d56f329039416e99a8de0a50d8fc74fd7a2a43344
Source/Base Application/Sales/Document/SalesOrderSubform.Page.al	687	8b7764bf264fd738c3759fca8a75fcfdd148c1685485ac877b4a27f746e8d1f1
Source/Base Application/Sales/Document/SalesPlanningLine.Table.al	3	c8853e30230ed17e84fc182530c59c17030de3e78caa5b66a565d91d64b0b9a4
Source/Base Application/Sales/Document/SalesPrepayment.Table.al	26	4f78782305acbaab889be5411d06a54354483cb7ce2863fa08353d55971fc92c
Source/Base Application/Sales/Document/SalesPrepaymentPercentages.Page.al	119	71d81775f093c3574a507670c3066460603b75e476f657dc5a346cd721c2b3ef
Source/Base Application/Sales/Document/SalesPrinted.Codeunit.al	11	f877210c7fac1d1503f3ff4dfb6937226af426529148d1b19b39d9b9f402ee13
Source/Base Application/Sales/Document/SalesQuote.Page.al	392	92de6706c3028deb103c708206e6ed93ccc7de641293f5ba8036b48c313698c3
Source/Base Application/Sales/Document/SalesQuotes.Page.al	72	c12a80f2827e13b62ab9b6caccffce964b813336faee65b8f2ab061ee6c9f2e6
Source/Base Application/Sales/Document/SalesQuoteSubform.Page.al	442	fd3c97521d2b78fdd0658247c7c859cf39cfbb5df11c0c9b3aeddf7be3d58ec1
Source/Base Application/Sales/Document/SalesQuotetoInvoice.Codeunit.al	128	ec8e6b17e78315b8ef645deb6d6e5a38044add0b00e0e5636b542fda3cde0d8e
Source/Base Application/Sales/Document/SalesQuotetoInvoiceYesNo.Codeunit.al	41	e948e1401e9a385c049ae113602cf8e5c6711f9b6d3887331759421047b5c4c3
Source/Base Application/Sales/Document/SalesQuotetoOrder.Codeunit.al	275	f6beeeca0c793fa1bc3a145fda98ed888a21f793df7a6c6e51b4abedd9499009
Source/Base Application/Sales/Document/SalesQuotetoOrderYesNo.Codeunit.al	54	c6756041f25fd0bcff37af1d39ef981504aec238d9946fe9dc000d3deb2f7a64
Source/Base Application/Sales/Document/SalesReturnOrder.Page.al	328	f376325110939ba3cc56da5bf5c1e961db0643972d7ebcad919c9e1b8eac6b9a
Source/Base Application/Sales/Document/SalesReturnOrderList.Page.al	84	191942f84212d44eddf9c6c6ffd4d72ea7bca2809f41b3af2c4e22cf0233a8e3
Source/Base Application/Sales/Document/SalesReturnOrders.Page.al	3	348c742bdd57a32efe10affb8b009596cecf71346156d01485e83db343d2bb34
Source/Base Application/Sales/Document/SalesReturnOrderSubform.Page.al	502	a48f796a7780c04b33cfd40ad893bf6db0c557b23a4e940bd8369babbc7eec27
Source/Base Application/Sales/Document/SalesStatistics.Page.al	169	b22b1a799f3565118bb7d6a69ae863c5c8c7c58973f54917ee48bcde3967934e
Source/Base Application/Sales/Document/SalesWarehouseMgt.Codeunit.al	343	215f1efc5644f73a7e7d4726880a4aef7df42081d57058d83efd68fb98bbbbcd
Source/Base Application/Sales/Document/StandardCustomerSalesCode.Table.al	210	d1248396f050a4308aaf71bb87108600d603d6685d5ebf0d91ac87f74903bca8
Source/Base Application/Sales/Document/StandardCustomerSalesCodes.Page.al	2	ab4f378eb86a445138979837c96a61c0430ab2373f2b81125ecf60c58daebb24
Source/Base Application/Sales/Document/StandardSalesCode.Table.al	36	a6fc8316d7e08b38b63fdf32e6792952cd99a89c1f88fe25c553a573b1b8f953
Source/Base Application/Sales/Document/StandardSalesCodeSubform.Page.al	96	cdcb5c4193129c3de2819cbf9fb5ec32ff64bc94e6da0cda54187af42ff7a49c
Source/Base Application/Sales/Document/StandardSalesDraftInvoice.Report.al	255	09072147420aaf2c2f71f81364a3b1be7b2c0af99d0b46955bc7bf8a66425890
Source/Base Application/Sales/Document/StandardSalesLine.Table.al	128	0a4c4b22d3b1ab91d785392e1243bcfe7824037335ed847c2d8ec84664886e76
Source/Base Application/Sales/Document/StandardSalesOrderConf.Report.al	261	6fdea275b037713bbe367b7a717cd33cad6bbf804e96266381aae93542a7baf2
Source/Base Application/Sales/Document/StandardSalesProFormaInv.Report.al	98	7478e52500c3586f563f4f6fdeb0d8184b6b0a06932014004a8fe2201b444779
Source/Base Application/Sales/Document/StandardSalesQuote.Report.al	244	49f99ec6d77f5af76351324e8d307ddd0651b656c98a8d6280fd6a2c4dba1b52
Source/Base Application/Sales/Document/UpdPendingPrepmtSales.Codeunit.al	2	61ebae3e0f318e001046eea642b71da550cd1bb76731d99d41df74fed85b047f
Source/Base Application/Sales/Document/WhseSalesRelease.Codeunit.al	135	ebd336dd44573da807b5c4211ae5d16008cbba0086f8258c6f5fa19842c3b132
Source/Base Application/Sales/Document/WorkOrder.Report.al	2	e05b20f118bb3ef0d7b46e057a49c2e32a7b675d8bb9e20c530a273572424b66
Source/Base Application/Sales/FinanceCharge/CancelIssuedFinChargeMemo.Codeunit.al	212	14ef7b2dab9b132ff3ba6be7b3310cea19b53b77544be848c5c9e4d33c39936d
Source/Base Application/Sales/FinanceCharge/CancelIssuedFinChargeMemos.Report.al	64	cae54a76815f65385e4c0256794e43f72831345bd8832120095d4761ec704ffe
Source/Base Application/Sales/FinanceCharge/CreateFinanceChargeMemos.Report.al	63	d3c3fb047e5336d66baf38b417ed02002ce45436df2b070ac64fbeba80a353d4
Source/Base Application/Sales/FinanceCharge/FinanceChargeMemo.Page.al	61	e9566ac51ed4b028f1f4a121e3d6adec1335ccff177876073859d1877b1233dd
Source/Base Application/Sales/FinanceCharge/FinanceChargeMemo.Report.al	191	fe565762c760ce4475e9df595746df6e3996495670b814a4a7f4f5c06e6d9a71
Source/Base Application/Sales/FinanceCharge/FinanceChargeMemoHeader.Table.al	550	3a847d39467c25bab2e43840a71e37716ce9314928debe25219ffa1eeefb16cd
Source/Base Application/Sales/FinanceCharge/FinanceChargeMemoLine.Table.al	533	2cf8857a15588c412b351a08ca209c5d265f13747d65552fc1e3ef1d123e2c7d
Source/Base Application/Sales/FinanceCharge/FinanceChargeMemoLines.Page.al	60	9f5fea7e35d6a1546d93d4c49808b9315e834e725017306e09eddc26692fc7c0
Source/Base Application/Sales/FinanceCharge/FinanceChargeMemoList.Page.al	26	c18597d90301f3a2f348b7315a96528338c5dc6dca6011b7e1ad569ede95256b
Source/Base Application/Sales/FinanceCharge/FinanceChargeMemoStatistics.Page.al	25	58ff1f934100cd26f3ec9f4b3a50d4435a2db51ba55d67dc849d2caacd52f746
Source/Base Application/Sales/FinanceCharge/FinanceChargeMemoTest.Report.al	185	15fa511fc050bec18da4e2aa1e9581f1ddbda2cf2fc8285f6e52520e9771e424
Source/Base Application/Sales/FinanceCharge/FinanceChargeTerms.Table.al	12	021d32ef171c15824721d4905722e1becd380ef6ce693c3e21248f39a7b89197
Source/Base Application/Sales/FinanceCharge/FinChargeCommentLine.Table.al	32	2752bcc9524ad0b72ccc5cb23e06d21fa892682a9cdd4683242e7bcc201f9fdc
Source/Base Application/Sales/FinanceCharge/FinChargeCommentList.Page.al	3	629cb6febbed59e6b14a87c95a6d4f5842c2016a0ff63c1f9d59906001cd6962
Source/Base Application/Sales/FinanceCharge/FinChargeCommentSheet.Page.al	5	272d9e70cc2f058a3619395bdca07ac31ad2cd8434e770023f7d06ea7b24cdfc
Source/Base Application/Sales/FinanceCharge/FinChrgMemoIssue.Codeunit.al	379	f7b43eb7b910a829957ec16d1ab37a81e3beaf37ed4c46808cb664482a1e5c08
Source/Base Application/Sales/FinanceCharge/FinChrgMemoMake.Codeunit.al	206	84bffbd1843dcad9649ad30478106e43f5025b405be2e26522fe68bad6e0c06b
Source/Base Application/Sales/FinanceCharge/IssuedFinanceChargeMemo.Page.al	35	92e2206d25180731587576635bdaa55752d5efd45518d3e4a3dc8e30a714260f
Source/Base Application/Sales/FinanceCharge/IssuedFinChargeMemoHeader.Table.al	35	c334476cb07a1544345812a62eb6e02ec6b9662f31a534145889ab816852c61b
Source/Base Application/Sales/FinanceCharge/IssuedFinChargeMemoLine.Table.al	19	5542b8d07574069b57f56addf5986fac2d125a68b606336f1fad3346d0097b54
Source/Base Application/Sales/FinanceCharge/IssuedFinChargeMemoLines.Page.al	18	2fe64b60c9bfb151b8127bec2aa2d3499317e538cd41be1bf4d980f350011b04
Source/Base Application/Sales/FinanceCharge/IssuedFinChargeMemoList.Page.al	18	5fe0389a2f90f3b431c09585117e43b9479599f4a7e7dcb080e044e82644f9a3
Source/Base Application/Sales/FinanceCharge/IssuedFinChargeMemoStat.Page.al	21	f1e11ba8817dc673e022f6e777c762529afc27e332d43b2ef4bc102c86684b59
Source/Base Application/Sales/FinanceCharge/IssueFinanceChargeMemos.Report.al	97	4951ad58ae7cb0d2b68cc360711251aa36c76a8b81c9e3c56d952f5867cbff20
Source/Base Application/Sales/FinanceCharge/ReminderFinChargeEntries.Page.al	2	8c473f2bfdffa90a4c036b8bd12a16b96db74dfff1f7ab3e7b485030092960cd
Source/Base Application/Sales/FinanceCharge/ReminderFinChargeEntry.Table.al	11	af06bfda6b2205bebcba9362660ed4f7ddce059a1a2a458a6c0c52566d557663
Source/Base Application/Sales/FinanceCharge/SuggestFinChargeMemoLines.Report.al	46	ec6036792e04419cf9ca3a84625e0b77ea90d57ad39651f4ef9f1fd3febe348f
Source/Base Application/Sales/FinanceCharge/UpdateFinanceChargeText.Report.al	2	de1a1d13070de6c3b7257b021bb0e8961b8f23f320fac538c403ec130ba1a9e6
Source/Base Application/Sales/History/CancelPostedSalesCrMemo.Codeunit.al	292	5d11a8d21082a228daa91adc6dc60685435ee61cfffe0583d1a2e3e04cb80f07
Source/Base Application/Sales/History/CancelPstdSalesCrMYesNo.Codeunit.al	19	cd20b4416c0b7d4db5f231bbd2cdaffd5fff0e6a359e10913f4dd2e2483ae214
Source/Base Application/Sales/History/CancelPstdSalesInvYesNo.Codeunit.al	24	e18e15affbfaed14d7a23a0dd823f02cc4ec9f61c7f7a0be0b28fff20c0c4628
Source/Base Application/Sales/History/CorrectPostedSalesInvoice.Codeunit.al	671	0d826a200bbf8261e8bf4d4f7517b24997ec6ad0297fdfd4d827c2f0cbb4bf50
Source/Base Application/Sales/History/CorrectPstdSalesInvYesNo.Codeunit.al	65	2777abf18fe5683866adc9807ed9244ddd4eb250099abad3f31854e354ce9fed
Source/Base Application/Sales/History/GetPostDocSCrMemoLnSbfrm.Page.al	98	9814248da743d4b8fdc18ae2dd0354402792e417309b251140d5830eff4b8080
Source/Base Application/Sales/History/GetPostDocSInvLnSubform.Page.al	155	57511cbe8618713b79f7db157833b7f6c5e2c748c8c7e8a93dee13fe9c16377a
Source/Base Application/Sales/History/GetPostDocSShptLnSbfrm.Page.al	128	c89c478fa1f46e5f4d7b6d682b5a58f26d931254ccb124d9c557ab6276cccdfd
Source/Base Application/Sales/History/GetPstDocRtrnRcptLnSubform.Page.al	45	fcb1b33d7a662630d163fbab7033c5c849832141ccbd4d19f88247d933c46a8b
Source/Base Application/Sales/History/GetReturnReceiptLines.Page.al	44	5190f5a34073b485985f96c27b66acc1899deccdc5aab19910be49e30d934fe6
Source/Base Application/Sales/History/GetShipmentLines.Page.al	62	b89edd47282e53aca5f3a4a640af45c40d46b432cf200db6cdb1ddd2e255747f
Source/Base Application/Sales/History/InvtLedgerSalesSource.Codeunit.al	27	aa315689940357d0001f82f86db8ae4e0edb3fb2cf90ded3d5ac78e4b7c0f140
Source/Base Application/Sales/History/PostedReturnReceipt.Page.al	44	6eb4834ac1f256422b4d188a5bdfccfcffc7403696db7cb600aa6f3fdb98185b
Source/Base Application/Sales/History/PostedReturnReceiptLines.Page.al	7	229e621a6c52a722de83d1d350371e224aa3ef84210e28140cbad321caa3a5f6
Source/Base Application/Sales/History/PostedReturnReceipts.Page.al	36	1ceb9bbeb62e16f3073e92193d0e07139a10527c59eca0df2934b4072a9363b8
Source/Base Application/Sales/History/PostedReturnReceiptSubform.Page.al	24	de7c8281b907bfa55248ed53243e6c1a49d4a88c136c9292ce63be8cd9815535
Source/Base Application/Sales/History/PostedReturnReceiptUpdate.Page.al	24	d10d7801644eb1e158483286dbd5b5ff50b35baa6ebffcefac1c6d7d113fccc6
Source/Base Application/Sales/History/PostedSalesCreditMemo.Page.al	80	18d0e9d8ffc8e9e6d4fe2fc6cce958f678bb2748fc4d13d0e625d8ffa9795c36
Source/Base Application/Sales/History/PostedSalesCreditMemoLines.Page.al	9	340cc9ee16e4f385d66d0d6a595c31c9a73281757af3fd784fbc85aba49aadaa
Source/Base Application/Sales/History/PostedSalesCreditMemos.Page.al	66	b567be5f1c37cd66b2f36515c6b8e58a54fbd7dce8684a389d10afb98005eefa
Source/Base Application/Sales/History/PostedSalesCrMemoSubform.Page.al	53	84836cefe0dc178030db2874de9cc51489bd11be5f5d1630870363de2c6db56c
Source/Base Application/Sales/History/PostedSalesDocumentLines.Page.al	134	52a0741f353aaa362e62401408a2ba1fbbd58aafa23de99bad40d6f8c50e22a1
Source/Base Application/Sales/History/PostedSalesInvoice.Page.al	129	af05f850d2aafe589b9d1118bc181321c96d738157b80131c71b3d90ce9243db
Source/Base Application/Sales/History/PostedSalesInvoiceLines.Page.al	9	90dc9dd4bf16d13a7a026dbca37da3e54604091c5f06f06bde3b1e92e3870722
Source/Base Application/Sales/History/PostedSalesInvoices.Page.al	101	170cc61ad36ca703c79e6833fe920ec53b07b4b5d528a066f9377f580d1c26b2
Source/Base Application/Sales/History/PostedSalesInvoiceSubform.Page.al	51	fcfdeaaff68aed42a19eb98db04753489f0778d0d44a4882ef5046ca751dcf8d
Source/Base Application/Sales/History/PostedSalesInvUpdate.Page.al	38	f7f7d68a8ffa6fc42220c4272d6e05f6dc77f4f77d23e35e28442e4038ccc557
Source/Base Application/Sales/History/PostedSalesShipment.Page.al	44	20643eb84c33b41c36865d126f00015f9b47f2983850bd8793a98fc321f05dfb
Source/Base Application/Sales/History/PostedSalesShipmentLines.Page.al	9	fd23d8f8c7495e234c688f113decb3fd3531c76b39a352eb16a1af906b07a5dd
Source/Base Application/Sales/History/PostedSalesShipments.Page.al	43	4300df4ca4da4c7314618540136d60ea97c87cbdfb45424a10d7dcf69e75f4f2
Source/Base Application/Sales/History/PostedSalesShipmentUpdate.Page.al	17	b4bec47a66b6324be11b34562d5e868ed7370950a5ec76ce97c95b5bc95b3a1c
Source/Base Application/Sales/History/PostedSalesShptSubform.Page.al	64	b7a497c92357a453a2a03cf23d7c6a29bc9a7c9637015aa8565329326571ed88
Source/Base Application/Sales/History/PostSalesDelete.Codeunit.al	251	bc6a3a7d4e151f890dc50b5f2289ec7f7fd8a0434477c76a944430752460f29a
Source/Base Application/Sales/History/PstdSalesCrMemoUpdate.Page.al	21	b3da9a9bc7b3d395d32e0af5c906278215767e4682a5c44d32cb566773e1d16f
Source/Base Application/Sales/History/ReturnReceiptHeader.Table.al	82	c1c24d9d23a82a9ee4ed8cb1862da7f177b9da2f14b1c0073684e108117cca8b
Source/Base Application/Sales/History/ReturnReceiptHeaderEdit.Codeunit.al	13	475b446f36dfe0b6cfe11bcc1b20345a3dbc791ad26a8faec7dbda2ad1a1eb5b
Source/Base Application/Sales/History/ReturnReceiptLine.Table.al	277	f00697b9f0a19475f041c0c8923cdc1fd4a9c3ddcb1d8c661c816809fcfe9cb5
Source/Base Application/Sales/History/ReturnReceiptLines.Page.al	64	9aa230fbe4c6ef1dc80d13b662c687276aa1f8421f1c0fad17ab95ecf9870241
Source/Base Application/Sales/History/ReturnReceiptPrinted.Codeunit.al	8	1208e3b79e7322318b1f9e27fa691c9156111f8d73ab29724b5faa0293476d14
Source/Base Application/Sales/History/ReturnReceiptStatistics.Page.al	21	7d7b42d254443fdfa090dfa00e194411118820a5f6597b8e56b23dcd63725b14
Source/Base Application/Sales/History/SalesCreditMemoHdrEdit.Codeunit.al	27	b503a37cef5cc68071eccfc9718d6d80278843cbc1dbf1bfa88da6cc9b688df1
Source/Base Application/Sales/History/SalesCreditMemoStatistics.Page.al	78	9d4e877d23f4958774b2d3c63fc0a5fcb692c3dc7b4d8aa4a8540590b1c3bd92
Source/Base Application/Sales/History/SalesCrMemoHeader.Table.al	134	1d9b835fd408cc003d2ad4e0696498c368bca0356f37d8a94107cb8dcda46204
Source/Base Application/Sales/History/SalesCrMemoLine.Table.al	189	fa416681bba7f4ec62be9a02b511902e106c64af1d0598cbfc054824d2cea791
Source/Base Application/Sales/History/SalesCrMemoPrinted.Codeunit.al	10	33ccf03f1d3fc9aeae7134e96bdd2c58eaefc82bacd81bf30a84f45f72a47554
Source/Base Application/Sales/History/SalesInvHeaderEdit.Codeunit.al	62	0fbf7f7007a21fbe0c3cbbaae310f3d7d17134397a86a15c7b0ddd35a10de422
Source/Base Application/Sales/History/SalesInvoiceHeader.Table.al	195	9845500fd4f0e28626bc2ed61650d6542f10565a31ca68bdb73c60a5399c3eaa
Source/Base Application/Sales/History/SalesInvoiceLine.Table.al	207	e0bfb08fe8183035bb415957e217c58ca4a02ee386f4012cb12976e07a246087
Source/Base Application/Sales/History/SalesInvoicesDueNextWeek.Page.al	12	fade1d313544190b8aa5090814bd5477963b294a30208abacaed0e3a3bf9ecdb
Source/Base Application/Sales/History/SalesInvoiceStatistics.Page.al	85	bfe3229daf2969d354fd5812c75981fd065accdce4f74bd4910660a2e14e32f5
Source/Base Application/Sales/History/SalesInvPrinted.Codeunit.al	10	6833694619076195f87735c59340d11fdd4b451fca6cf9d12d1f4fe919669953
Source/Base Application/Sales/History/SalesReturnReceipt.Report.al	137	1f08023c6993feaa65d6812035b1da08990d67b6db0887458f1ed655d0c16c55
Source/Base Application/Sales/History/SalesShipment.Report.al	217	7478884ec5c10b7e1b42a239b3c275346a83780b60f9da34165e7830ec3766c9
Source/Base Application/Sales/History/SalesShipmentBuffer.Table.al	163	522aeb1dc5c9ee32f8fd813d1bc7a16978be05554055f97ed51ec85ca723ad5d
Source/Base Application/Sales/History/SalesShipmentHeader.Table.al	145	9949cc324d747e7396a3d4a762fdb7772fa51edfe75959f24ccb089f497f1ab3
Source/Base Application/Sales/History/SalesShipmentLine.Table.al	407	cc2c0872b11abdd59c061999f47fc5b1bd111fbf6cc6dabcb66ec32eda1ebeb4
Source/Base Application/Sales/History/SalesShipmentLines.Page.al	71	6204ae21179c82dc2a16a9779eddaf32f72aa3d173835fd6e7e0a9527a768d6b
Source/Base Application/Sales/History/SalesShipmentStatistics.Page.al	21	1e4131bf0d925fdb9386e6b348803592cfd0e46e9033b2537e13d8a44dc1dcf2
Source/Base Application/Sales/History/SalesShptPrinted.Codeunit.al	10	21881bf60c4e919708b4fea2de2071c446d9851b7d2198ce0be28076d5809a79
Source/Base Application/Sales/History/ShipmentHeaderEdit.Codeunit.al	13	243ac0614b8575aca5b2cb0d9957f173c935f58d0201c51a93f24b90f081165c
Source/Base Application/Sales/History/StandardSalesCreditMemo.Report.al	287	72e32050bdbb845e2098431c48a4b5657e335d8e22efc1d6449b99068040180e
Source/Base Application/Sales/History/StandardSalesInvoice.Report.al	453	e8068c0873c2f835bc120ae9b90a5e6aff0eaf07df320b011e9e73eb9eefc208
Source/Base Application/Sales/History/StandardSalesReturnRcpt.Report.al	134	81908855f5ba7a3f504b17ec87ba7e03f75abda95a47165823dffb8e87103af0
Source/Base Application/Sales/History/StandardSalesShipment.Report.al	282	af8c0b72c85932cec66da3fd974a13259e278f83b403aee3d35445bd024b1f2e
Source/Base Application/Sales/History/UndoReturnReceiptLine.Codeunit.al	232	97d9945196cf8f873430d8cef8bff91aa5daddbd96de3478283b0a84c1cfc42d
Source/Base Application/Sales/History/UndoSalesShipmentLine.Codeunit.al	452	abe1fae177876d25ee6f5d23e060c625bb61a341aede39d851165e9ba729c83d
Source/Base Application/Sales/Inventory/Tracking/SalesGetDemandToReserve.Codeunit.al	118	c15948a4c19c82c17d21cd6b47752f850ee594ac62a0c47c03174701401d6403
Source/Base Application/Sales/Peppol/ExpSalesCrMPEPPOLBIS30.Codeunit.al	11	b401e62edfb3c8ace95b1afc50ad7108cd184a0cb2414864be1bf592178c5435
Source/Base Application/Sales/Peppol/ExpSalesInvPEPPOLBIS30.Codeunit.al	11	4be9f113a8241f6c785f97012dc4887c133400a37ecd487b45e40440646cbe89
Source/Base Application/Sales/Peppol/PEPPOLManagement.Codeunit.al	1006	f7a661bd3323594d98b4b6e0185c4625f43deeaa26d451532bda6b96bc9e8bdd
Source/Base Application/Sales/Peppol/PEPPOLValidation.Codeunit.al	198	29cedfbf2f4a314e7bf9a4df8d5dc57e7f66a91491b6cd9b4b07649cf1fa6acf
Source/Base Application/Sales/Posting/SalesBatchPostMgt.Codeunit.al	249	c21ed80478538c3874df0dfa6b6b0726e73d2f427e4fd02029c4228598c099d8
Source/Base Application/Sales/Posting/SalesPost.Codeunit.al	6542	e4412381687cad1a5397fc875b71a3a78acdb15145f740cd055add90191ad5ac
Source/Base Application/Sales/Posting/SalesPostandSend.Codeunit.al	91	88188a231435420463dc0eb62c61443f05554b9fed14f13902a0aa4e0fa174dc
Source/Base Application/Sales/Posting/SalesPostBatchViaJobQueue.Codeunit.al	153	fb697c6196ea2784beb3143409034773eeaf817a7e25997d2f87a71bc46fa625
Source/Base Application/Sales/Posting/SalesPostEmail.Codeunit.al	49	df5e6f2ef3fe8bb21b07bb2d0d0c4294c97f10d180f35635d72c41ec08f2f2a7
Source/Base Application/Sales/Posting/SalesPostInvoice.Codeunit.al	604	78e8d73a00fad4c45efbabf415419c50f8d8272fa845a0fd30d81b4df81fbc23
Source/Base Application/Sales/Posting/SalesPostInvoiceEvents.Codeunit.al	152	1b1c2b3258656f2baf1601b221f623c8bf588e0e792f2e1f060df0a152898099
Source/Base Application/Sales/Posting/SalesPostPrepayments.Codeunit.al	1316	4e3dba8b654c0f821a06d4311acc3ad54cdb7ebd2c3eea7d44a3134e4fa3f5d6
Source/Base Application/Sales/Posting/SalesPostPrepaymentYesNo.Codeunit.al	73	dadb553e0f2c75e265897e8281448520b88f6dfb83761a885781914bfb35e454
Source/Base Application/Sales/Posting/SalesPostPrint.Codeunit.al	140	a9184dbb88d4c192c192e41107111917a67bad55cbc47962dad67555e1f93970
Source/Base Application/Sales/Posting/SalesPostviaJobQueue.Codeunit.al	109	2b91d5dc510bb1435f2ad6b6461c015de4b98b7898d6d9a47d298a4f18524555
Source/Base Application/Sales/Posting/SalesPostYesNo.Codeunit.al	84	e2bcde23168f5e70332e4008ae4eb9bfa0737a56ece7b11ab8dbece66542aa22
Source/Base Application/Sales/Pricing/CustInvoiceDisc.Table.al	23	073f90000ca823f6a1412dbd8196379db8536220115f537038ed5bca7ff9ca37
Source/Base Application/Sales/Pricing/CustomerDiscGroups.Page.al	15	cec02260ef99a12ee229f9d8a8a1c90f827bbc472d7232816581703077929fd0
Source/Base Application/Sales/Pricing/CustomerDiscountGroup.Table.al	12	a395286d48e9349f423c670df1dc189974b512574e0451d997d2456d7e200318
Source/Base Application/Sales/Pricing/CustomerPriceGroup.Table.al	19	377a818651245f858d6e1ba5f1525bb49935ae44c59fac1e1c434dc35fbaf14d
Source/Base Application/Sales/Pricing/CustomerPriceGroups.Page.al	32	004688593c1e690178f252f407b042455afd98c01a15adf754ca911d528a672b
Source/Base Application/Sales/Pricing/ImplementPriceChange.Report.al	49	679197310835f5f35b238ed6747cf22923c02c8a27f3943bcd852d6edc7e22b9
Source/Base Application/Sales/Pricing/SalesJobPriceLists.Page.al	16	7ed0de088f1f3ba938b3114528292f88d7e6a9dcdc70106e5cbe37687cce0016
Source/Base Application/Sales/Pricing/SalesLineDiscount.Table.al	57	59a1fd0c8d4a0fc39557e8ab4934d1ee63543824b4dc1a97db06a07e7e3289f1
Source/Base Application/Sales/Pricing/SalesLineDiscounts.Page.al	252	b8002be597095b9c9d8b3d23d6283d32c120db644aff3508a27232ea93c6ca61
Source/Base Application/Sales/Pricing/SalesLinePrice.Codeunit.al	185	7bda8828a522a9825dcbbb66b2029d7ecce2a2c579c787637ad82b3aaf812035
Source/Base Application/Sales/Pricing/SalesPrice.Table.al	92	3631d7c1ad4d0a4e89dc4362c7d6102b66659d8c0e23f30b24a96125d151da08
Source/Base Application/Sales/Pricing/SalesPriceandLineDiscBuff.Table.al	478	4bafd1e75fe39c8d732a525d80bc9050fff1fa347df6437c4f6752cf4c55749a
Source/Base Application/Sales/Pricing/SalesPriceandLineDiscounts.Page.al	95	990a92753042d0fb168c1257ee707c9766d645f7e4bf340b243a5b7cbc3ea772
Source/Base Application/Sales/Pricing/SalesPriceCalcMgt.Codeunit.al	958	4d3a9a99a86ecae6e14d44e93b0ca9e9780365080be18d20449f44a5f6a319af
Source/Base Application/Sales/Pricing/SalesPriceList.Page.al	169	e059168d6b32cf2334d349e4a3743c0af2b8e9e2948c9d7d9b5199ccfa3a5083
Source/Base Application/Sales/Pricing/SalesPriceLists.Page.al	45	92b8377e6ed355198a09947cb490f729df0e5b85b083870ea4d09da654d5d3e4
Source/Base Application/Sales/Pricing/SalesPrices.Page.al	258	55741e2ccbb80d0a4ccd7ce706068387bbccccfee3bdb78b7a08b3a367123b4f
Source/Base Application/Sales/Pricing/SalesPriceWorksheet.Page.al	14	a77e4bb1762500ab8227f5195bd15a765c5968dc8b3d6dfe56254f28472191a9
Source/Base Application/Sales/Pricing/SalesPriceWorksheet.Table.al	123	5ed840c819d81a5e8d6565320e8377274dd6b9e54b9bb5221ab4a7a42d0a1c4e
Source/Base Application/Sales/Pricing/SalesPrLineDiscPart.Page.al	123	33e8b4de4febac13f6ad881801fcf763d00f32607192e969dd1d18181f0ff2aa
Source/Base Application/Sales/Pricing/SuggestItemPriceonWksh.Report.al	170	a350d307bde244e442456830a5749597df3186c039ce3c02471c8ef2552342ab
Source/Base Application/Sales/Pricing/SuggestSalesPriceonWksh.Report.al	272	a78799643b686bd787c9f066628506509e3266c326161cb357659cf5c39e54a2
Source/Base Application/Sales/Receivables/AppliedCustomerEntries.Page.al	95	e4472cbdb3c4636974d6437b952eb61d2d27eb10a421ca27a0890be41394d318
Source/Base Application/Sales/Receivables/ApplyCustomerEntries.Page.al	708	39c941317df39c8ea3d1c8d63ea1eb624bfd3e59184c911003e8cc99984530fd
Source/Base Application/Sales/Receivables/CalcRunningCustBalance.codeunit.al	19	ae9936320b35752d1d0d13c70b7a0868e6e50d9ce94add043c7babd8374e9baa
Source/Base Application/Sales/Receivables/CustEntryApplyPostedEntries.Codeunit.al	435	1f3f21e5498cda09634982ee645ff9c83ed32f111de34444318320d441ec8e7e
Source/Base Application/Sales/Receivables/CustEntryEdit.Codeunit.al	94	88431d64baaeee67ac74fb6eacda94cb160575347f9aa25bb60f1336777f96f8
Source/Base Application/Sales/Receivables/CustEntrySetApplID.Codeunit.al	82	ab61cd800b9a42875e19bc2839f9a465ac9430af723c0ca9e4771ddfa852bcdf
Source/Base Application/Sales/Receivables/CustLedgEntriesPreview.Page.al	66	ed755fbdceb094a83f4175f889d76275fa72d545ae2677e495f4a280387193a1
Source/Base Application/Sales/Receivables/CustLedgerEntry.Table.al	348	76b3a122034d2c06c52c1e857e0a7a52a7871fd8f095f2457b2df68a3d66b7ae
Source/Base Application/Sales/Receivables/CustomerLedgerEntries.Page.al	104	60014eece5ebdba7ff58d823cb539f41d79266d21816d1b6c8a1732438e62d98
Source/Base Application/Sales/Receivables/CustomerLedgerEntryFactBox.Page.al	107	b8fc9c59ac69144cc7a105fd55f71ed71e6cd1ba1d69b428810d9b8c16cf1db8
Source/Base Application/Sales/Receivables/DateCompressCustomerLedger.Report.al	415	b24343b1e579bb4d57af3ad3d60060c19ebd4d56f3f6a30bf177fe0e359b4f8c
Source/Base Application/Sales/Receivables/DetailedCustLedgEntries.Page.al	18	8c11b14ab6b346fb14024c914499e908bd3edee918e47c9e49cab2cc75d42b8f
Source/Base Application/Sales/Receivables/DetailedCustLedgEntry.Table.al	60	e75901687cfa760585f253d027219b8358982ac8c24df4936da43d85980ccf6e
Source/Base Application/Sales/Receivables/DetCustLedgEntrPreview.Page.al	7	24bcce8bdaa6472f830d548800176f5ffb1727d362100217eeb8ba67d972a3a8
Source/Base Application/Sales/Receivables/LedgEntryTrackChanges.Codeunit.al	4	79a8688f74097108b5d823ee4805683ec6fe771068f54aec47b3b21da3bbaa6b
Source/Base Application/Sales/Receivables/UnapplyCustomerEntries.Page.al	53	5479fae8a213c0ac03a1be5a50ee74d9b3fd3ceceaeebab9f163c9a82d51637d
Source/Base Application/Sales/Reminder/AdditionalFeeChart.Page.al	22	05cb389dad7f56470496cb49665038eafd6dfa7696565ae80963a4f1ed8595d9
Source/Base Application/Sales/Reminder/AdditionalFeeSetup.Page.al	22	b4f52870904bdc676357ca27045be008cd6a00e2feff8b432ae704b48bc08bf0
Source/Base Application/Sales/Reminder/AdditionalFeeSetup.Table.al	85	0b0b31d180539b16e54a8a3c434afe131513bd442ef878d2042609f70ade5038
Source/Base Application/Sales/Reminder/Automation/Actions/CreateReminders/CreateAutEventHandler.Codeunit.al	26	c53612bbd9407c636d4035c992cb08b48ba8711b1701f6ad211101963b4d6753
Source/Base Application/Sales/Reminder/Automation/Actions/CreateReminders/CreateReminderAction.Codeunit.al	32	c03cfe0af54f3f77ff73cc9c4f568e6f2334f788d1f76d01d77f0947a4ebe5dc
Source/Base Application/Sales/Reminder/Automation/Actions/CreateReminders/CreateRemindersActionJob.Codeunit.al	68	a7b952dc869ebecf41ae454d4ab00c7a6a4df6a7ef22ea19fcb42de156abd986
Source/Base Application/Sales/Reminder/Automation/Actions/CreateReminders/CreateRemindersSetup.Page.al	20	7ba0cb3d158cc0b1a6da121999b9e4603e120e4e9165011db013ba1bea8cf8e7
Source/Base Application/Sales/Reminder/Automation/Actions/CreateReminders/CreateRemindersSetup.Table.al	45	ee24203255fb343a6c18bd211bd87a08fa573082126fa8f2a80ce1d67f27cf90
Source/Base Application/Sales/Reminder/Automation/Actions/IssueReminders/IssueReminderAction.Codeunit.al	32	a537da83ee49931cff72df58e97c3b7501e3414f72886bc0e50d6c9561799141
Source/Base Application/Sales/Reminder/Automation/Actions/IssueReminders/IssueReminderActionJob.Codeunit.al	84	91d3e17cb3d63ebfbd2a4eb54219c21069659cd5212a0fd99202f8319cbacb16
Source/Base Application/Sales/Reminder/Automation/Actions/IssueReminders/IssueReminderEventHandler.Codeunit.al	29	83fbe9fb29313f41f875f25519cb688bcb6504fc5c19f247d1b7424ad81207fc
Source/Base Application/Sales/Reminder/Automation/Actions/IssueReminders/IssueRemindersSetup.Page.al	22	0f0b322a33471ed8f5a02118cf7bafb9a746fede9c660ef6f2ee3ff8e88a149c
Source/Base Application/Sales/Reminder/Automation/Actions/IssueReminders/IssueRemindersSetup.Table.al	30	8f71b247c96bdfb62659440ac1ad04732c4f2945e7b2424094ad3c3cd11b9949
Source/Base Application/Sales/Reminder/Automation/Actions/SendReminders/SendReminderAction.Codeunit.al	39	91d81670744fad7cd7c4e481b0bf400bf7fc159b6ca68894c0067f8a98b1396b
Source/Base Application/Sales/Reminder/Automation/Actions/SendReminders/SendReminderActionJob.Codeunit.al	71	470a914d06cde3f3454660906ddf0f2644e8ac60e1077203cdf1c1552a0c8dfd
Source/Base Application/Sales/Reminder/Automation/Actions/SendReminders/SendReminderEventHandler.Codeunit.al	121	6d5aa3f56518585b9485e9567d6f6c99309d6b406b9ca59326a8bff0a7d68b61
Source/Base Application/Sales/Reminder/Automation/Actions/SendReminders/SendRemindersSetup.Page.al	11	916ad329798cc01decec329af76c88cb838af35b3a2203f6da911ddb9a5cc9af
Source/Base Application/Sales/Reminder/Automation/Actions/SendReminders/SendRemindersSetup.Table.al	19	c87be690bb30dabc3a0a50ac9ab0a62797856db18908caa23e2f0dd6c38b6d20
Source/Base Application/Sales/Reminder/Automation/ErrorLogging/ReminderAutErrorOverview.Page.al	21	36f23e7b65af1dbaa020c2493b60e7e007ed0da93d7801d1875c7108a6c99752
Source/Base Application/Sales/Reminder/Automation/ErrorLogging/ReminderAutomationError.Table.al	18	5fe6b5fe16ce48225ff22130ca7ffd097c4f19b7c9698af1c99464b84aa6bd5c
Source/Base Application/Sales/Reminder/Automation/ErrorLogging/ReminderAutomationLogErrors.Codeunit.al	17	c3a2aaceee49ad4f9c38966c310772b7fe0a38b0a556207a63b6f783c01b9e47
Source/Base Application/Sales/Reminder/Automation/History/ReminderActHistoryDetailed.Page.al	6	a6f777294ed14b4274eb9a606917e0fb9bf57ce86255b167fe90f1174e6a797c
Source/Base Application/Sales/Reminder/Automation/History/ReminderActHistoryLog.Page.al	2	e4c14255fd5b2f2f7d4a1347b64147584568782a904b5ff23af0d8a88dcb1a96
Source/Base Application/Sales/Reminder/Automation/History/ReminderActionGroupLog.Table.al	18	e71f6831ff3e256758ee37ddd90918e99d4562f32402774599f1f61e18b99258
Source/Base Application/Sales/Reminder/Automation/History/ReminderActionHistory.Page.al	13	b270f1fc65c0da5a73f1896bd43345f20398ff7e650e10f0f5252833253cee56
Source/Base Application/Sales/Reminder/Automation/History/ReminderActionProgress.Codeunit.al	44	a932afef2d7787f603e9709040a1395cb8a6cc88231dd96ab834339a872e958f
Source/Base Application/Sales/Reminder/Automation/NewReminderAction.Page.al	28	8994bfeb593493d4dad3c1b6bf0bf92eacea29cdb1eb435d1e7ed146588e8b32
Source/Base Application/Sales/Reminder/Automation/ReminderAction.Table.al	48	dd0645f41e5bf061c9eeba41382d4e9a9d6418a174a4370b59972375b31535ed
Source/Base Application/Sales/Reminder/Automation/ReminderActionGroup.Table.al	120	d37d45f81a7905780581807dd1aa37ca21cc81ac4313fbc3f08a5238aa314d55
Source/Base Application/Sales/Reminder/Automation/ReminderActionSelectType.Page.al	11	1916f22f588ea19c9b1f4c7dc5c499b9bef0afae06d17c719a8f078a7ffba2f0
Source/Base Application/Sales/Reminder/Automation/ReminderActionsPart.Page.al	65	83ed2dfe697f865bb17efeb9d22ab15e3bd1e84d987b146f8ae9a76dbbf26070
Source/Base Application/Sales/Reminder/Automation/ReminderAutomationCard.Page.al	72	dca706c57ba85308675bdae3fb7b3fc265fe23e75d1ac4a9d3eac36ee52e0f27
Source/Base Application/Sales/Reminder/Automation/ReminderAutomationList.Page.al	19	c85dadc2de1910d69d7bab50b53713267ae711df8c764df74a7107876fa3f727
Source/Base Application/Sales/Reminder/Automation/RemindersAutomationJob.Codeunit.al	31	81de1783d0096d43e665c6ed171e02081cfd64b9d6168a558c57b250cf567983
Source/Base Application/Sales/Reminder/Automation/SelectRemTermsAutomation.Page.al	47	0a33c7829ba6f054cb54404bfcd8e1a61005d675031f22d4983dc4ae4ea5db29
Source/Base Application/Sales/Reminder/CancelIssuedReminder.Codeunit.al	291	fa569cd29adb56fbf78834cbc3593b527a25af44d45ff2f976379d1fa57c1e02
Source/Base Application/Sales/Reminder/CancelIssuedReminders.Report.al	81	d2701badfd708715c41196b543539bd82fb13f2ba6b7f50e929f2d9a7e368ddf
Source/Base Application/Sales/Reminder/CreateReminders.Report.al	140	6003caf40c5de19abbfa34ba408b5077b3dc024c8428ae41a31609f597f3b1ff
Source/Base Application/Sales/Reminder/IssuedReminder.Page.al	46	ed1d30ac426aeb70b1c0aaeaa797f6ec4f02ad89b603da099bb4a119002c98a5
Source/Base Application/Sales/Reminder/IssuedReminderHeader.Table.al	77	119a08ddc0e22149a0de1a5dff5c874b330c5be4bdc222b67e8412468c1bde7d
Source/Base Application/Sales/Reminder/IssuedReminderLine.Table.al	31	334a8916979d89a6761d58f655bd7fc23a7981b962b47804308d7506c7c61ad6
Source/Base Application/Sales/Reminder/IssuedReminderLines.Page.al	18	2d351b788fcc7f1d03c949c4dbf35fdeb0679ca8b134eb4e4eb783fc18e8df9d
Source/Base Application/Sales/Reminder/IssuedReminderList.Page.al	35	e87a75e2f7e69de18fda585669e59f32ae4a6a2207d2017809300ae24f2387d5
Source/Base Application/Sales/Reminder/IssuedReminderStatistics.Page.al	29	189b81c86fe91a4a4e357dfbce0ad899f29932082c507a0ddda4e43c8092a095
Source/Base Application/Sales/Reminder/IssueReminders.Report.al	125	b6b9b75239060827ad7bb08be300d5d89a0f434864dcbe31aa3e8ae0d0ae01c8
Source/Base Application/Sales/Reminder/LineFeeNoteonReportHist.Table.al	56	0db63ab0713fc30bc9c235f40a4e4a6b19fbb4f7591aa1f119888dc39b752cdd
Source/Base Application/Sales/Reminder/Reminder.Page.al	61	bd08804350eb60a6e6bc7dd97ef24028979b8a3e34c2f795436953a20a99f04d
Source/Base Application/Sales/Reminder/Reminder.Report.al	322	fc766553358d9a40afd0dc6707c183f9c5d97908439a11a622072d2bd0eabb4e
Source/Base Application/Sales/Reminder/ReminderCommentLine.Table.al	32	8f98df9a76ee8dce1f4d202c9179e7eb1595f3cbdfed1bc76b0863fcaa3668e0
Source/Base Application/Sales/Reminder/ReminderCommentList.Page.al	3	344772befc8b0ac16d3a81d13e827265a0983ccaa45a8cf751227f28e57b3441
Source/Base Application/Sales/Reminder/ReminderCommentSheet.Page.al	5	3036fc23f902b0746fa8ea5015534799ff57142ea469df0dd92058850c134301
Source/Base Application/Sales/Reminder/ReminderHeader.Table.al	694	5d7e1420069a84e165f2af456f572a48843769954edcbb5d0b29219e0ccfc5c8
Source/Base Application/Sales/Reminder/ReminderIssue.Codeunit.al	479	5f9a0f00d0e5d4d71a643acca1b6853144f819aa2307032d0f9962a8087338f8
Source/Base Application/Sales/Reminder/ReminderLevel.Table.al	69	f6d0f33c2ebb8a23d4d975ff4ba391fcccce1bdf227f55b7d093539d03a045f2
Source/Base Application/Sales/Reminder/ReminderLevels.Page.al	39	0de1917fb10e27d3a6c5d414284b45c25faeaa888c1326c0ed89601ef082dab6
Source/Base Application/Sales/Reminder/ReminderLine.Table.al	610	d28cd36101ccaba50b83f1a7199b5bc12013d79d115d5846bac57542a4e3ff12
Source/Base Application/Sales/Reminder/ReminderLines.Page.al	56	aceba11d81bb2296e96966c864d216cba2fc24332d0f1a18ae703c08eb0a1028
Source/Base Application/Sales/Reminder/ReminderList.Page.al	34	cfc8cb7647506b934ca23b7eeb9b1d97650780bfda7405f0e363ad781312a908
Source/Base Application/Sales/Reminder/ReminderMake.Codeunit.al	550	2383b4ad2566f434da336b196d8bf0290da722acf439c102111c987bc9a65d9a
Source/Base Application/Sales/Reminder/ReminderSend.Codeunit.al	58	a8ac91c069c913f87988990f99307199be3aa6be2a8bb76ebb607f8160910ffa
Source/Base Application/Sales/Reminder/ReminderStatistics.Page.al	32	a1ae3fec184aecdf6c6763cda8da20102e313e55ee819b8b426c1aa7de8b81e0
Source/Base Application/Sales/Reminder/ReminderTerms.Page.al	9	b59662bd3a4c878cf31986f5f7687c36e698827a3c61e5f25623d55f8712c214
Source/Base Application/Sales/Reminder/ReminderTerms.Table.al	42	34e40367859301af77b0e75eb575ab96007be642089eb3677b090ef92d6a5fdf
Source/Base Application/Sales/Reminder/ReminderTermsTranslation.Page.al	2	19f03ec26da833ce232e56aa538327ab2e7295b84d759d55552e74093fc86e87
Source/Base Application/Sales/Reminder/ReminderTest.Report.al	217	076a6f265f4cde13c35fed173cd449e73a7bebac652cfe4c394b5f222aec622c
Source/Base Application/Sales/Reminder/ReminderText.Page.al	2	61c69bbd2d907a2f4ed8c4a939ca29a9a4e8e7fdc1a18905b45236381b89d56b
Source/Base Application/Sales/Reminder/ReminderText.Table.al	2	50cc594cd52257db739050c6f9437e7d8e4eb71a4543f392f048befa1eda966c
Source/Base Application/Sales/Reminder/ReportSelectionReminder.Page.al	32	cd99522e8861b51cbd75f13526d2706b619d91c507106da8371b646487258bc2
Source/Base Application/Sales/Reminder/SendReminder.Codeunit.al	49	96a9110f2ecd04a698b32b31373f3f332c08830d326e2321be6f8500fb6a859e
Source/Base Application/Sales/Reminder/SortingTable.Table.al	107	2440c122b1570bea3eec620979b3b8c6d85c91c95e7a1894b10e67eeb1d662d3
Source/Base Application/Sales/Reminder/SuggestReminderLines.Report.al	71	0dc5e40fd1e72cd4b54823e6d842e6ffe02eec51f39f227aa70f3d6a934e194e
Source/Base Application/Sales/Reminder/TermsAndLevels/ReminderAttachmentText.Page.al	18	7a2ebd2f80d1b472a69b8e05e689c5c4a10acc89bb00fb24d869559fdbd37fd7
Source/Base Application/Sales/Reminder/TermsAndLevels/ReminderAttachmentText.Table.al	65	5aec22fe0d6f479287dc793aa28c62e07296f1fc1fad4d6fb158e93b75e846ea
Source/Base Application/Sales/Reminder/TermsAndLevels/ReminderAttachmentTextLine.Table.al	3	8eaca43bbf10dfe162e1aa60269e864801a65e104ebd09a451936188e0405b01
Source/Base Application/Sales/Reminder/TermsAndLevels/ReminderAttachmentTLLevel.Page.al	7	322eccfc30e9a7e10bd18509bf0d7590f9b692ea45f5635aebdc703d9cd87a8b
Source/Base Application/Sales/Reminder/TermsAndLevels/ReminderAttachmentTLTerm.Page.al	6	9692194489df77edc290bfa17c3a016ec3b473f5d5fc2e2742edf9539719eb88
Source/Base Application/Sales/Reminder/TermsAndLevels/ReminderCommunication.Codeunit.al	475	0fd1eb3210347f1cbddf42d5b222372043e819874f3f748cea6b2ae39fdc9d67
Source/Base Application/Sales/Reminder/TermsAndLevels/ReminderEmailText.Page.al	14	14fc4b651814c041ce1b2ed14942cf106e7436c89a2303a5cca6fec1199f0a86
Source/Base Application/Sales/Reminder/TermsAndLevels/ReminderEmailText.Table.al	94	2fb7dcff26bb7ba59be6410410ea200a7cd207b767061ffb5b9f11d7a143e1fa
Source/Base Application/Sales/Reminder/TermsAndLevels/ReminderLevelCommunication.Page.al	133	da4d5d66d0e5dc0f5063a7d204cea5d185d75a51be7643976d0f47409743a821
Source/Base Application/Sales/Reminder/TermsAndLevels/ReminderLevelFeeDetail.Page.al	8	dba73f409af3d79934910e63ce9f79cd2f0ed299f77bfe8d029d79fde7865efd
Source/Base Application/Sales/Reminder/TermsAndLevels/ReminderLevelSetup.Page.al	12	4d6f145b641e8244bbd108d9af1328a56abb040605a1c2241446618245fb015a
Source/Base Application/Sales/Reminder/TermsAndLevels/ReminderTermCommunication.Page.al	131	83a313823762053289143509f60a824a800cd8ec6820368213f67e27a893a6ff
Source/Base Application/Sales/Reminder/TermsAndLevels/ReminderTermsList.Page.al	48	83f0cde0fa1f8bcf047ac01aa06af5b266410dbe895eff833b6a842eb1ddfb00
Source/Base Application/Sales/Reminder/TermsAndLevels/ReminderTermsSetup.Page.al	4	57c828e0ca3c39209824c40dfbcdd196443ca3da2bc0198095bee68ac7273fd5
Source/Base Application/Sales/Reminder/TermsAndLevels/ReminderViewAttachmentText.Page.al	15	392d07e5f140972fbcb21b071521a2a23c9d83da9e01ceea1e7e2ad3ff2d7f65
Source/Base Application/Sales/Reminder/UpdateReminderText.Report.al	8	b9fd8834a4e824e85f4ccc5d4b7d33b1a06ad8e58678def1a6a0077bb811877e
Source/Base Application/Sales/Reports/CustomerBalancetoDate.Report.al	229	7b1e6124b2278652823dec8f6daab82e014c3e858bd5040020bb041a6dd873c8
Source/Base Application/Sales/Reports/CustomerDetailedAging.Report.al	76	a77d48b38d4c4c639506ceffbd6f2bdf6682d1938c975c625b51c84ae02cf127
Source/Base Application/Sales/Reports/CustomerDetailTrialBal.Report.al	95	02d7e2a3273e36f276c5394ef4a05f3baa51fe7c90c4fc34deeb6420c5207377
Source/Base Application/Sales/Reports/CustomerItemSales.Report.al	106	a3afa11474f1e4e55c41138857c1973413d29064cbe8f7b4d4eafdc1d3020a01
Source/Base Application/Sales/Reports/CustomerLabels.Report.al	41	fc11d807997863b2e900d15e18f3c5e2d57f9af4b01a912e9b7d0fc311fdcb45
Source/Base Application/Sales/Reports/CustomerOrderDetail.Report.al	99	81d8158c2de2ab5921c1dcb3991ec90e6a6927a3845c1c6dc679c546b131196f
Source/Base Application/Sales/Reports/CustomerOrderSummary.Report.al	188	c1cd9b5c3bc004f639dbddc47bdd233779b2132320bd65a642a412ea5262b8c1
Source/Base Application/Sales/Reports/CustomerPaymentReceipt.Report.al	74	23b7989cae4d8c22a5c1201dab757b28ee563bca5d279e9bd3a54380f0c89e9f
Source/Base Application/Sales/Reports/CustomerRegister.Report.al	34	79c4f7d7259c25ae19207f7696ffed096dcdfd6b54b7d01f40494f7fd3ff721a
Source/Base Application/Sales/Reports/CustomerSummaryAging.Report.al	105	223ee269bd8cbb273a5886830feee27dd8accdc1ad36f705cb5bf89c8fe6834d
Source/Base Application/Sales/Reports/CustomerSummaryAgingSimp.Report.al	40	a5aa65e26357b83ba4404990a50ebcf865b0eb71d09cd893646993f45041f161
Source/Base Application/Sales/Reports/CustomerTrialBalance.Report.al	34	10fd000e446a19d02ecd9cced58f9fff0007e0f5f8e30165dc15e2c7008d73ce
Source/Base Application/Sales/Reports/DayBookCustLedgerEntry.Report.al	139	540d4f0632c7aa6376fdc6d4d7f8a619dcbf6f826646617a97067e0bbab51515
Source/Base Application/Sales/Reports/SalesDocumentTest.Report.al	871	ca104970401d9fba27dc827805b6a9c222d2505c63239602c08a0ca78ba3b34a
Source/Base Application/Sales/Reports/SalespersonCommission.Report.al	71	f280818e1861ecfbec854e3812a244a3b51e18d94f3bb73c03566026261b7383
Source/Base Application/Sales/Reports/SalespersonSalesStatistics.Report.al	72	1f15a46122df006d35c1b89ad5472e7d66f1bd1e612ba9fda21d9de6084ff998
Source/Base Application/Sales/Reports/SalesPrepmtDocumentTest.Report.al	234	5f4e1f1766b8ba2d21c1ee3781aa02b8aae41b80518dda9a238fc43f63b66bcc
Source/Base Application/Sales/RoleCenters/SalesCue.Table.al	129	9277210de7fc48e0ffe5b3723970f75181d647bb081b6043b1aa9aafd82c3af5
Source/Base Application/Sales/RoleCenters/SalesPerformance.Page.al	33	854a8ddbc20bdf72d321541566e284fbce6bb2b1a2aa17d041aa39c9eaf15f3f
Source/Base Application/Sales/RoleCenters/SOActivitiesCalculate.Codeunit.al	40	2d0ad8c4424e96a71ed979b4bc9cf32d1dcb77c6520a94d3512b8bcd98986dc0
Source/Base Application/Sales/RoleCenters/SOProcessorActivities.Page.al	68	c782430458c5bbb63a4aaf4d75a0d375e719468e772500d740562eab0c497c23
Source/Base Application/Sales/SalesWhsePostShipment.Codeunit.al	388	c2218303be94613421674f86f11d41c12e8e852117cd3d72c8358a8bb8300208
Source/Base Application/Sales/Setup/CustomerReportSelections.Page.al	151	21a4a6def85e256527e89990f022a5c8725394d2723c8aa879764ae4a5a8fad5
Source/Base Application/Sales/Setup/ReportSelectionSales.Page.al	69	8994ddebad3901e98a746e4fbc873d388d7c41c5d2b8bb167f89798a8db10b66
Source/Base Application/Sales/Setup/SalesDataClassification.Codeunit.al	536	4959fafe38f41be0f9c064089aa4648d710b95255c095ec77d80639068df6391
Source/Base Application/Sales/Setup/SalesReceivablesSetup.Page.al	12	b48f516608fc504a05d7adad63f504619ff7ef70c3e207412b75e91bbab8dfe7
Source/Base Application/Sales/Setup/SalesReceivablesSetup.Table.al	70	9c41307d64b83a180efa778a4d28d111301ad02e882410b221404f45e235f1bb
Source/Base Application/ScheduleTableInfoRefreshJQ.Codeunit.al	38	731e64cc2cbc9cd748b9d4d98adbdae639fc8567e840ec6605d5ccc0f734f262
Source/Base Application/SemiManualExecutionLog.Table.al	12	68233ca97c9aa99eb234d5aae2241a24384612f4b3bb894856e4113e7494f44b
Source/Base Application/SemiManualTestWizard.Page.al	74	714780962e23889c5ac11a2c4a6697d09ffe87467beac7d10b4d1de1dade9341
Source/Base Application/SemiManualTestWizard.Table.al	22	6461c9fedd8cbf05f0bf57a0f1b7d122256658df771b24e1b8e4c4efaa0110a4
Source/Base Application/Service/Analysis/ContractGainLossContracts.Page.al	58	f49354cb8675f85572b1c4e4d525f4050ece513d3ae5a73e1c1b6eba53a69542
Source/Base Application/Service/Analysis/ContractGainLossCustomers.Page.al	80	71a024c1b5fe6260306b1cf4c8366e258829a3ed7bad73c1d737b2b81f24fbb2
Source/Base Application/Service/Analysis/ContractGainLossGroups.Page.al	57	fff4df7e3d04c21dc19560d5f7d0de595edf9a4041f019ea388e1bd4573dda65
Source/Base Application/Service/Analysis/ContractGainLossMatrix.Page.al	299	a4b224ac4d82b8b097f55671584a09e5a640596827746bad13be1c0e615bf657
Source/Base Application/Service/Analysis/ContractGainLossReasons.Page.al	49	ddf6c72c894a3cafa66447ad1af28aca530e3b8316f967dd3a7a0325fe5e6ecd
Source/Base Application/Service/Analysis/ContractGainLossRespCtr.Page.al	57	892240db6f191bee984ad3cb54378abeb64eb933285725de57f58426ec06eb32
Source/Base Application/Service/Analysis/ContrGainLossGrpsMatrix.Page.al	299	92d4963c080fd7e8759c43c490657c864060b1edb748ac5bbdcd9df8fa55f717
Source/Base Application/Service/Analysis/ContrGLossContrMatrix.Page.al	299	4ae95dd091d792fdf53ef17ab2bcda39da5a393119a8fad1fbdf33f08c5faf9d
Source/Base Application/Service/Analysis/ContrGLossCustMatrix.Page.al	305	6a5453515ddc3794e179fec4cfcbbcba100a9e886f3bd2bb8c9cd1cc595a4a60
Source/Base Application/Service/Analysis/ContrGLossResCtrMatrix.Page.al	299	ff359a45376070895ce5d8877d7b0120d3b4257e439d576cdd246142dfbd3002
Source/Base Application/Service/Analysis/ResAllocperServiceOrder.Page.al	38	afbd33dee5e18d07815ed3337cd7b39e7fe09a76ee67194ebf040b5d41ae9164
Source/Base Application/Service/Analysis/ResAllperServiceMatrix.Page.al	278	55cfd6722147eb7fd5a94f571f40da5bcb9ba09dc3b575b88bc380f30fe0c25d
Source/Base Application/Service/Analysis/ResAvailabilityLinesSM.Page.al	48	8b1bff7c1e8fb75165fc7165bcc537920307017cb993b5686ecef0bd59113d58
Source/Base Application/Service/Analysis/ResAvailabilityOverview.Page.al	54	993e55acdbfa6ce72167b286ac765fc5022b2fbc4116edb1fcca240385166d3f
Source/Base Application/Service/Analysis/ResAvailabilityService.Page.al	44	a686d0a0a6cb3a776521c69b6f852201148aa1fc5ba3cfa58a64b54a50db01aa
Source/Base Application/Service/Analysis/ResAvailServiceMatrix.Page.al	351	fee0b4509046cdcd54687096719db978d5592f3b7f7a5cb652f170b6e161623f
Source/Base Application/Service/Analysis/ResGrAllocperServOrder.Page.al	32	803d93fc9a56862d74ab7f53b3f93975d5247285fdf6f05805ba464f7a748cb0
Source/Base Application/Service/Analysis/ResGrAvailabilityLinesSM.Page.al	46	c09ce3ff2c83b2e4f951350c75a7814a4b5fa7652b83db231dfd0449cbeebe29
Source/Base Application/Service/Analysis/ResGrAvailabilityOverview.Page.al	54	14f71647f9110778a5d18bcfa387dfa99acbe4e1c2ad9b3d52221acb0cb358d6
Source/Base Application/Service/Analysis/ResGrAvailabilityService.Page.al	38	727560270d7e8dd22a77e168c5ad7166fca04fdcbdd2d978c3f35e1911083197
Source/Base Application/Service/Analysis/ResGrAvailServMatrix.Page.al	274	e3afe92ff96ef851cc030f8da9048e8033bfcc0e41b6f286ded28ef439f2e271
Source/Base Application/Service/Analysis/ResGrpAllperServMatrix.Page.al	278	a8cf253846458d7a7ed0dc68f56199ab5d45adbbc958db66fb32c304f79d10ed
Source/Base Application/Service/Analysis/ServLedgBarChartDrillDown.Codeunit.al	13	64c6bfa0dc0be89dd867f203d0127c52da5c1851bdfa0d118d8b31da15048be8
Source/Base Application/Service/Archive/ServiceArchiveCommentSheet.Page.al	28	6c9c493188c23cf4a1d3f8f2addcde1f006234bc1d99ce352e9832dc15d6f9c4
Source/Base Application/Service/Archive/ServiceDocumentArchiveMgmt.Codeunit.al	345	61a856f4fd68d9123b862a57b7b6d1d7d9a09975091237567795a1068e185e1e
Source/Base Application/Service/Archive/ServiceHeaderArchive.Table.al	42	405a5412c7d63fc214594f6831081bd22a1a4218413717a99cfda7a4dde00d9f
Source/Base Application/Service/Archive/ServiceItemLineArchive.Table.al	44	9af65ca2e980957e3c1dfc655580a15a1fed177172b40bf30ccd98b591a770d9
Source/Base Application/Service/Archive/ServiceLineArchive.Table.al	24	0de3303bb199b043f07da3f76c2052c855b0b96abd5b5107ebc3e4433fadf3d8
Source/Base Application/Service/Archive/ServiceListArchive.Page.al	4	e158acb7b0cd1d4f73c7c94456d52118596913c07c9683ad0cd98d02237c154f
Source/Base Application/Service/Archive/ServiceOrderArchive.Page.al	32	5513de2e7df753541ecbf8e9d15e2d69d3fe1e41813704c8c755937c5d18ae37
Source/Base Application/Service/Archive/ServiceOrderArchiveLines.Page.al	66	29a27f7bb9bb1eb59881f45323de997b45a32d97dffded591efc0ece5db0492a
Source/Base Application/Service/Archive/ServiceOrderArchives.Page.al	4	9c5af1596c8630ccd0902fbe0cf56471a9c3eaccee68d2c2eb0f3751594b202b
Source/Base Application/Service/Archive/ServiceOrderArchiveSubform.Page.al	79	597f4861890b9b6a3048ead9366d1ecb0d807353b2cb122be5adfc25696d2f9a
Source/Base Application/Service/Archive/ServiceQuoteArchive.Page.al	23	6d2ee5feee228cd58fad876e7acba05c33ef6216b6939dff68f40160c15a0f4e
Source/Base Application/Service/Archive/ServiceQuoteArchiveLines.Page.al	66	00ca2367a1099342f9cfcbf92ff0a2d724b99da145c1e4230a6ee3b4d13cd533
Source/Base Application/Service/Archive/ServiceQuoteArchives.Page.al	4	6281e5826ace761ecfaf6673bcc777f013c8b90577810e458ad120f84de79101
Source/Base Application/Service/Archive/ServiceQuoteArchiveSubform.Page.al	40	294ac355ef43a61b1c1a7db112a349a5f5e603b1b60303239b2f4156d82e6a06
Source/Base Application/Service/Bank/ServPaymentRegistration.Codeunit.al	26	805f6bfad3e5c303834d645708a0b0f65874ae35c22e70df32dfa0f3c6921491
Source/Base Application/Service/CashFlow/ServCashFlowAvailLines.PageExt.al	2	b98fe707762aa8bca3adb182fc83d19c9f3d2cc41d1c69b1ef07660d068b0733
Source/Base Application/Service/CashFlow/ServCashFlowForecastStat.PageExt.al	3	446eab20dd6711120ce409a5010e97c7a6adef89e1b89cd48428014a9c9c19bc
Source/Base Application/Service/CashFlow/ServCashFlowManagement.Codeunit.al	21	da46e70dfa83d7d2f52cf79bb1aba2b165f0ce9accfdae60d8785e6b20be84f5
Source/Base Application/Service/CashFlow/ServCashFlowSetup.TableExt.al	2	d60f3b0f0fb0259e29fee33747cb83f37ccf39e7606b8728633265a749b46c7b
Source/Base Application/Service/CashFlow/ServCashFlowSubscribers.Codeunit.al	7	731deef8d77cd2bae0f6126c3f21631dffc7d45b4e90dbc7224bd4c30390d74c
Source/Base Application/Service/CashFlow/ServCFForecastStatfactBox.PageExt.al	3	931aa6bc6b10ced5828e4146b2dda45629ed779531325053a7dc89eb8492217c
Source/Base Application/Service/Comment/ServiceCommentLine.Table.al	40	083702eb1d3792b820f0fa26c635720f01dd738f44c00bb62ac2a309ed13ff42
Source/Base Application/Service/Comment/ServiceCommentSheet.Page.al	34	86069ff5bd327d15ef1baa1bccdbc35f49816ed62589895b17d879503a8d7da7
Source/Base Application/Service/Contract/ChangeCustomerinContract.Report.al	133	db79781e064b4427ddb6572f03b8f4e73bd44a080f886db02fc3efb995421450
Source/Base Application/Service/Contract/ContractAmountDistribution.Page.al	12	e7e0be9088a35e2beaa397aa4ff258e43cd60659b4e4fa281e48af98b50b4556
Source/Base Application/Service/Contract/ContractChangeLog.Page.al	4	2f1ec6ad0ef9fda661de0f3ae154962aa10a41c140af6173b62258696503e424
Source/Base Application/Service/Contract/ContractChangeLog.Table.al	28	48aaa853b01f857c3f644c5f15eb9fcd09e482cd4f6baef6531895f91db8804c
Source/Base Application/Service/Contract/ContractDiscountFind.Codeunit.al	16	3704a46816d8857ad983592f78631b44419f6ae8243f364f8a07f18cea285b91
Source/Base Application/Service/Contract/ContractGainLossEntries.Page.al	2	66960d353341086204bb290b1d52471269b6511f4d612ab4539c541fe4ff9588
Source/Base Application/Service/Contract/ContractGainLossEntry.Table.al	26	2be13da928e32a5ac50d5e7d44ef2057bc9c1a9c96cf44867330064c9e050390
Source/Base Application/Service/Contract/ContractLineSelection.Page.al	121	b72f18d5f458e5a549719cc64b3b4ae91a18be4fe50cb469ab31616f3e2b5c50
Source/Base Application/Service/Contract/ContractServiceDiscount.Table.al	32	a95746a686b9851c2ef92b81d76d83ceec4fa5c199bd5e9f497802c1f9582397
Source/Base Application/Service/Contract/ContractStatistics.Page.al	52	571f4f27a5af9f422eb99136979a14f55c4ae7768e34f5683a8d30c5d607e5d5
Source/Base Application/Service/Contract/ContractTrendLines.Page.al	89	28c9151f40d983dfd75b98a62c424fe06598d22874c668a19254cfa7ad4a0ba6
Source/Base Application/Service/Contract/ContractTrendscape.Page.al	86	41e8b97381736f0360a09d14db6e4bbf829d67b186fa771bf0b12f2e08ce0463
Source/Base Application/Service/Contract/CopyServiceContractMgt.Codeunit.al	75	af9bdca348f17a6850378a8751731d8ef6d2e3aa5a35b4d5ea381ab186549e31
Source/Base Application/Service/Contract/CreateContractInvoices.Report.al	133	e2a158d55ab47002ce486432fcdaa7a1abf1e1eb58b0f82e512af6d1a4dff717
Source/Base Application/Service/Contract/CreateContractServiceOrders.Report.al	213	d6f99eefd66eed03c0e175199fa9a8d55884fd2a8ace5fe82ae619188f4874a6
Source/Base Application/Service/Contract/CreateCreditfromContractLines.Codeunit.al	48	bed048b3ab41a9c58cdb1229da29404d1d45da34cfe26c40c0cb313c35978200
Source/Base Application/Service/Contract/DefaultServiceHours.Page.al	20	8cd022d8b21275a9ee29889149dda1f66edeca4058c8ad0b80030f5f1a14e623
Source/Base Application/Service/Contract/FiledContractLine.Table.al	12	4b224c2f96fac02aee9051c979ec134321bfe7cf7ee6eb1b0ca5c542834b35fc
Source/Base Application/Service/Contract/FiledServContractCmSheet.Page.al	32	021a559d72ade6220d1b8173be19665f9d464b7334d7ec7ac54afb46c1d246f0
Source/Base Application/Service/Contract/FiledServiceContract.Page.al	7	9858d9a684c93df150a03506691c6c7c772cf7f3a92707e94fa405e0a48b8154
Source/Base Application/Service/Contract/FiledServiceContractHeader.Table.al	154	5c4bff4122e7386ec3db1cd04afc1474a3c894cfb4eeccc442b766e3312ffb4b
Source/Base Application/Service/Contract/FiledServiceContractLines.Page.al	3	9fa98cd87904bf127fcb0971c5b90e2a4c4219da0ad5319ebf2b13e208f8685b
Source/Base Application/Service/Contract/FiledServiceContractList.Page.al	7	a7eae1f797bc06ce87574f3f375df049670f4e54326aec42a99ad0edbc9c53f3
Source/Base Application/Service/Contract/FiledServiceContractSubform.Page.al	2	fd5f868e8da6ed9bc664cdba0d214b24f2b6de6592056383ef1e4826eb9a6596
Source/Base Application/Service/Contract/GetPrepaidContractEntries.Report.al	91	dc1a7e33021187fba305de6baf7c1782cee227007c7a8d2dba308266dd03f2f5
Source/Base Application/Service/Contract/LockOpenServContract.Codeunit.al	93	5ff08efe60fa2512171fd3c1b1fed4106135eda23e180f9ad09c52812d051e35
Source/Base Application/Service/Contract/PostPrepaidContractEntries.Report.al	205	d8df03e23a55c2dc158875053957c64fa86601621a1bbd2c0d66046c2c092d0e
Source/Base Application/Service/Contract/RemoveLinesfromContract.Report.al	66	7499bf5515f9bb6e4d095cd07cec16946a29b473493d0a363f2d6a1db4f245e7
Source/Base Application/Service/Contract/ServCalcGLAccWhereUsed.Codeunit.al	13	f8e5dd9aacdeb5fa33bfea87ee40f6c9818d034e3d559a2a81195f467f582b9b
Source/Base Application/Service/Contract/ServContractManagement.Codeunit.al	2010	42538583840b4861271d7980a2b36bd62c8c29c9160d6bb2de534357cef7a481
Source/Base Application/Service/Contract/ServContractQuoteTmplUpd.Codeunit.al	71	f052a14c8a0262abd6ec680935469466f7f3d74a3c91d24151e7161774219697
Source/Base Application/Service/Contract/ServContrListServItem.Page.al	10	86c32e0c3adb845de2fcad2716d9e9ac625c7104885e4dfdcac226ef7038b199
Source/Base Application/Service/Contract/ServiceContract.Page.al	269	e73803b20b41bf96ceb705aeaca9f1cdc57e88acc6a51783c6140f7542f451d7
Source/Base Application/Service/Contract/ServiceContractAccountGroup.Table.al	29	389af86abed0d07ee6448af67d9e210afd2ca60514d162b8287d49a6f68b2f10
Source/Base Application/Service/Contract/ServiceContractHeader.Table.al	1523	5aa866290510526913964947cb1ddee4c6fdfa1740e75523cdbdea217d43ff20
Source/Base Application/Service/Contract/ServiceContractLine.Table.al	637	07141175c8951132778adbf9acad67e64ba7009dccc85108ace26d52248d931a
Source/Base Application/Service/Contract/ServiceContractList.Page.al	5	244d205ad4cb1c94b7587ed8c1cb2d24832e0cc23ae1a22509e214b159341832
Source/Base Application/Service/Contract/ServiceContractQuote.Page.al	162	88209d8ab414405f68818e58a5d93211215ba95d1cf11589b0c9eb9471c004c7
Source/Base Application/Service/Contract/ServiceContractQuotes.Page.al	15	85f1bebf257656faa76c7f5c295d1006592e872c96b5d657cd66109388f00887
Source/Base Application/Service/Contract/ServiceContractQuoteSubform.Page.al	37	8b666cf56e253f71599c7e9f0bdc8aef0857a59c6cb73e5585879043a06b7203
Source/Base Application/Service/Contract/ServiceContracts.Page.al	23	a09fa45698ed9b02fe887f466fe32942b7d72c426dda705c95655d1862355dac
Source/Base Application/Service/Contract/ServiceContractSubform.Page.al	48	c5f89e1fbf1e38ebb2ad816dde4351b1c91168efd0b19d3d792c4933ac1ecc63
Source/Base Application/Service/Contract/ServiceContractTemplate.Page.al	26	13185b349e21924c76bb7c9574a9e6f85c0619ac55a8198721f8475a898d733e
Source/Base Application/Service/Contract/ServiceContractTemplate.Table.al	47	5465e87548af556a66a33c477ebd10f0342cf94801e178e754bd6d7877ac41ab
Source/Base Application/Service/Contract/ServiceContractTemplateList.Page.al	3	b96eecdee87cb5402e98d4eb797aa0858b33dcf07efc1069f7ffc07df3a86f43
Source/Base Application/Service/Contract/ServiceHour.Table.al	36	4955697c4a3b653f9f6325f05449737399921fe745e89b99e283d314bf9242e3
Source/Base Application/Service/Contract/ServiceHours.Page.al	27	7d63ae5d614e6d0558d33cbab5c9923c38771ce19f2b5ddf9af2094a92f2db92
Source/Base Application/Service/Contract/ServItemListContract.Page.al	29	9a30ec4c2118fac2e492b3b4b43f3502379dd0ad8a5e930042987c19aa1a8a34
Source/Base Application/Service/Contract/SignServContractDoc.Codeunit.al	822	b2e753af637e01a596067d4405beaa431b047845e284b6b90fd6cf2ebd508ebe
Source/Base Application/Service/Contract/UpdateContractPrices.Report.al	103	0b59c7e0409a726b8cba275011a25c0d504d9e09f52432d25e2ee5d6a4ce6838
Source/Base Application/Service/Contract/UpdDisconContract.Report.al	26	8953ac7178a6db3d3bbb543304f8f1441801fc920c65eb39bbeb56a5384949b2
Source/Base Application/Service/Document/AvailableServiceLines.Page.al	89	e6667b7113e3d98f194ce631cbfd68c219baf9e811b14f49c61af1d0b72b6274
Source/Base Application/Service/Document/BatchPostServiceCrMemos.Report.al	68	d85339c7243f3eabeffd6402c5df3e5f8ae17a7eed6d88a9d20ee5873644a5fa
Source/Base Application/Service/Document/BatchPostServiceInvoices.Report.al	68	e2ed0aecffcd6a3c5b0dab3f6af984e15174f15f0238eb414f52bfb4a7f9e289
Source/Base Application/Service/Document/BatchPostServiceOrders.Report.al	89	60ba3daab2a8ee3e19ed656eaad1fc6f7b3ac463b9d7eaf22eb0c45bea6d5b2a
Source/Base Application/Service/Document/CancelledAllocationReasons.Page.al	12	65589d5997d0f140219b3d8740ee6951b7f98cd63120b624fff6695dd4224132
Source/Base Application/Service/Document/CheckServiceDocBackgr.Codeunit.al	50	9a4e42da7cbc6df24aaec99182ad1ca02eec06846d67103a280f813b09213700
Source/Base Application/Service/Document/CheckServiceDocument.Codeunit.al	42	35382752fd86719509909504b5245ddc8996b4e36b398d7c800dc7463607445e
Source/Base Application/Service/Document/CombineServiceShipments.Report.al	272	4757f7335d446e79dea99e6633678cdebe27bea5518b47a54d60f8fda98a3d5e
Source/Base Application/Service/Document/CopyServiceDocument.Report.al	73	969a41d6fdf5071e497a03622032fc98346ddfeb3fcfa494552c16b8ffae96f1
Source/Base Application/Service/Document/CustomerNotifybyEmail.Codeunit.al	30	d2c4243bf4658d7ad8c2acb947eb70c10251c16d7618641c1215ab13f2fa791f
Source/Base Application/Service/Document/DeleteInvoicedServiceOrders.Report.al	70	546ec94a64bc68894d9d6a867b07d0216a5ad8df41804b64ba7be54f5f037385
Source/Base Application/Service/Document/DeleteServiceDocumentLog.Report.al	82	e474da994cfc2152d8be8073f7ca93cf861f737b40f5ec940adcbda24a7ae8df
Source/Base Application/Service/Document/DispatchBoard.Page.al	224	0bb86b9334a0a8b6760bfa7e72be15129f8e567b0bcab8df7663d479c49db579
Source/Base Application/Service/Document/ReleaseServiceDocument.Codeunit.al	89	ce581b56b011245887afad1f5ebafca3f44306f998bb132348cf19c00f44d6b6
Source/Base Application/Service/Document/ServAllocationManagement.Codeunit.al	234	fbe61031cc627068f4ce50e34401036f3d65e1c76122174a2d4b78bd754ba7ac
Source/Base Application/Service/Document/ServAvailabilityMgt.Codeunit.al	314	0083163dd72fd6e5571ee3151bd9b0f2b42d7028f3203de8e0d71189b5d6c5e2
Source/Base Application/Service/Document/ServDimensionManagement.Codeunit.al	16	3fc4a9109ad1922ed71270c35a9bb910f40d2cf5161cd8e1192fcb33e708c166
Source/Base Application/Service/Document/ServDocumentAttachmentMgt.Codeunit.al	493	3c778057fd4a48c9669cbe33989da1153f95bbe82c66390ccecbc10e590f4dd7
Source/Base Application/Service/Document/ServDocumentPrint.Codeunit.al	128	4b8ef7b32a497f3a2fe5b9ee5d21a41377b8141f0842711507a35b9951b62745
Source/Base Application/Service/Document/ServiceCalcDiscount.Codeunit.al	182	492248f3c3814f291c4121171a5af0f2052791bb96df8dc3795b6bc89d31b7e7
Source/Base Application/Service/Document/ServiceCertificateofSupply.Report.al	77	16b061468654886918713c541073f0db9fa8c2d6fc976ff76dfc1b2f03221021
Source/Base Application/Service/Document/ServiceCreditMemo.Page.al	192	8457f562ec1fadcc451439c5576b8783b34f24f382fc9134b79a6f5ce4238636
Source/Base Application/Service/Document/ServiceCreditMemos.Page.al	31	6cb1575efcbc9761453c4b529e5b025459aaf515d561d5a2b4c314a54e86afa5
Source/Base Application/Service/Document/ServiceCreditMemoSubform.Page.al	171	03dc7863112fb4f9fcfe5097f81a75e8d183eb0f2cf6bce678f7c364bb0c9c08
Source/Base Application/Service/Document/ServiceDiscYesNo.Codeunit.al	6	7ccf096cf318551de5c0f55fe87d23314dd14b1d54ada1d4cb322af67a16ff4b
Source/Base Application/Service/Document/ServiceDocCheckFactbox.Page.al	52	b83300da544208aed0cd48ec501bdb486d5c91b98cf2fe601476ab8ff5cb304c
Source/Base Application/Service/Document/ServiceDocumentLog.Page.al	64	e168fb3a5f8fde819726ba40f802c0f8dbeea840753e157d7306b82f24afb898
Source/Base Application/Service/Document/ServiceDocumentLog.Table.al	39	8bec681e220d0f04a958f91d10508d1982f47e8194134fcdeb42e77ab8e6dbd0
Source/Base Application/Service/Document/ServiceDocumentRegister.Table.al	67	a423064630f4436334b9a6b6ea058eb4fbe098bd0f104a5418b4cb3e47c61159
Source/Base Application/Service/Document/ServiceDocumentRegisters.Page.al	32	b642c98e545fe7f408fcf105753134126cf4aef965777b2fb1b0cf3b0f48b0b8
Source/Base Application/Service/Document/ServiceGetShipment.Codeunit.al	107	6b3430b4e1d3baddbc21a10d08dcceecd486d32bdd22733023cbcbcb550d3e11
Source/Base Application/Service/Document/ServiceHeader.Table.al	3426	386e5c64a19110d98bab92db8855fc145acb6c88c80b5e08d3dac456d8d1dd97
Source/Base Application/Service/Document/ServiceHeaderApply.Codeunit.al	39	4ac5a5cb850523ab83eaad689d6dc532e6c2e6cb5c5a69fbd2cea3a273686f1f
Source/Base Application/Service/Document/ServiceHistBilltoFactBox.Page.al	91	ca8598d73fe6ba485634785e82a3cb94eff37f5f689941e593f84f93b0ef368b
Source/Base Application/Service/Document/ServiceHistSelltoFactBox.Page.al	88	4db4ca84ba49ce33c967ac6f8f30fca2924cac9a7266862a3bd80481971d58f2
Source/Base Application/Service/Document/ServiceInfoPaneManagement.Codeunit.al	112	5c444a5e13113a5e0217767ad905f81a9a5e7dd22ccd14b13272c25d122c91e7
Source/Base Application/Service/Document/ServiceInvoice.Page.al	183	37c9624efb220f6a09e5e12052c12906a40dc86fe2042deedc899e6771f29b6e
Source/Base Application/Service/Document/ServiceInvoices.Page.al	30	e6847d8d122cc16573eeb5ffddac4996534ba6d694443252d6a7036ca0722bb4
Source/Base Application/Service/Document/ServiceInvoiceSubform.Page.al	166	01dc97a2db7e850c26a3895e21bcf5f1c353d93e67884b157b0c319400382e0f
Source/Base Application/Service/Document/ServiceItemLine.Table.al	2001	47f85c982130edeba6c2832aed3e16feb5b977973f41157d5feed604be51f5fb
Source/Base Application/Service/Document/ServiceItemLineFactBox.Page.al	11	8464e70557e0b4785d692a87876ca98c510a8b6499fcb7c532440f32a06a7f2f
Source/Base Application/Service/Document/ServiceItemWorksheet.Page.al	68	59db9a5504c710bfe313f449aae16ca5a9fd175f1dd69eca28a9ebfe42001167
Source/Base Application/Service/Document/ServiceItemWorksheetSubform.Page.al	203	a264782537721edfb8d0d47a29ffba8ce6571aa1c8427a339dc3698258b3b408
Source/Base Application/Service/Document/ServiceLine.Table.al	4029	72a1366bb3253d118f3601028903e66417e8e6aa5c31cced3902d056bfa4046e
Source/Base Application/Service/Document/ServiceLineFactBox.Page.al	19	3dbfc38e977c234aefd21ddc9d7bd8a438eee5a6f5ce61f73d501be18b501eb1
Source/Base Application/Service/Document/ServiceLineInvtProfile.Codeunit.al	60	30b9fe97df6f337fb5474d88c657f598b3185f5bd775320ad5b806441bd89e49
Source/Base Application/Service/Document/ServiceLineList.Page.al	3	8d6a197aabd5de587dfa75a06a9ffa7586433db1915e09be8301f1bf6a66a41e
Source/Base Application/Service/Document/ServiceLinePlanning.Codeunit.al	94	919341a59d3ebe6abbedaa651107de37d3aac8e041079917b9658b535c3817a4
Source/Base Application/Service/Document/ServiceLineReserve.Codeunit.al	646	2c7dfd6a640a742bd23c5e9f646a8e46d488ba085b9446e5d01e793d402d066d
Source/Base Application/Service/Document/ServiceLines.Page.al	390	f6aae1e5106de036f1b0c699413e0fe10ab73cf9fad4d811031b8afda2562a63
Source/Base Application/Service/Document/ServiceLinesSubform.Page.al	25	d4f1d99db00ff8f3cf2bf4cb56679b99fe99de8b68234247203ee385418d1356
Source/Base Application/Service/Document/ServiceList.Page.al	20	f35c069c8fb7ef92e9a497f9f63520498bba47da9a85cdf142da2a76d1794e5d
Source/Base Application/Service/Document/ServiceOrder.Page.al	225	670fd577cc9d8f801445ac2d60d6e74e0b43daf0f9603a271a0ff6c9e801d987
Source/Base Application/Service/Document/ServiceOrder.Report.al	128	7a09fac2f7374471eb435ea690a588fd59bbdf0f0c86de2cc8aceeae13154c0c
Source/Base Application/Service/Document/ServiceOrderAllocation.Table.al	371	93431a403e4b826325fde7f31fd9ba72e950850504a9cb73ae00d2c5d0c46654
Source/Base Application/Service/Document/ServiceOrders.Page.al	52	739f3456ff248436a6fb520940ca377512d33a9b428c7ba4c0fe2abc79d6f1f8
Source/Base Application/Service/Document/ServiceOrderStatistics.Page.al	290	2cf05cb311cd4a8ae8291a95755522d29264ddea2696a970c93f17183f79c1c9
Source/Base Application/Service/Document/ServiceOrderStatusSetup.Page.al	6	da5853b8e17bc79da9d35cc36a53cfcc7d1d27f0d19b2b5e588f18e77ad39897
Source/Base Application/Service/Document/ServiceOrderSubform.Page.al	175	446cf3cd080420af167cd80c4a7da42cb29b2d49da4468171f649e1aabdb256a
Source/Base Application/Service/Document/ServicePrinted.Codeunit.al	8	3d2410181362678240a9600e47f4a701e9b174a097b050d2ec1c9b54021c9721
Source/Base Application/Service/Document/ServiceQuote.Page.al	131	898d1671618affafe331cf9b31eb145b9507128098300b4a8552457d6dcf48c0
Source/Base Application/Service/Document/ServiceQuote.Report.al	152	a7be526b92cf42eb533dca86e72916f5d33a50177ad2a333d296b78d3782a05f
Source/Base Application/Service/Document/ServiceQuoteLines.Page.al	211	65563ecc8360e1d5df3b2328323bb76860cfd4dae2af3597dd6725a2e524c225
Source/Base Application/Service/Document/ServiceQuotes.Page.al	18	0b5a5d40cf9d23b54f5a2530f8af79e36a000f7027c2a6d802edfd41bd7b92dc
Source/Base Application/Service/Document/ServiceQuoteSubform.Page.al	116	7111e216efb22003d058e632418ee2e58acd89a6cc9b90ae9003a2fb9523eda2
Source/Base Application/Service/Document/ServiceQuotetoOrder.Codeunit.al	259	13df86397d778c715ab2ccb087f8eb3cb49625b61c71e9abe41fd0aa1f5f116e
Source/Base Application/Service/Document/ServiceStatistics.Page.al	180	6a956fdcbfb4ea2c41d48a3b51ff6527c90b0adb08658b68e57e247893c76e67
Source/Base Application/Service/Document/ServiceStatusPrioritySetup.Table.al	15	cf8d49334ec25c76803b0886170de38922098756ee4340cc02eea406f55c25a3
Source/Base Application/Service/Document/ServiceTasks.Page.al	287	d24e1c6a1d41fa11189ad052c23d3f111c5cac6eebe22ba0249df18ac1b079f2
Source/Base Application/Service/Document/ServiceWarehouseMgt.Codeunit.al	250	20e828e81e4fa6144c92ddf3242a9cc014d300e2e968c01c9356e93d64078b7a
Source/Base Application/Service/Document/ServInteractionLogMgt.Codeunit.al	21	79d0ff05fe31872332f99b8a0510082392eaf4892c0dec3101c8a15b828b62f0
Source/Base Application/Service/Document/ServItemReferenceMgt.Codeunit.al	401	806540311b6cbe5c63cfdf5ade9263a719189a71c9a0aab0a2e1775b1048ea13
Source/Base Application/Service/Document/ServLogManagement.Codeunit.al	477	ddc98bf2b88f3425281dd8729c68f4a37a173a2e918ccf60c60ca2dab0bae3a1
Source/Base Application/Service/Document/ServOrderCheckResponseTime.Codeunit.al	158	d13c49f9a8fa157c22f9f4209ae8611ee4c37e1d391e84e7316e1f00713cf391
Source/Base Application/Service/Document/ServOrderManagement.Codeunit.al	608	ba95d56828f52efdbf698f8c67e04c46df6ed135e61178780efcaeb1ce144935
Source/Base Application/Service/Document/ServPostingGroupChange.Codeunit.al	28	cf032cb98b4c2a4163a5ef581ca7f5873b2970854db89ff93407e56cda077854
Source/Base Application/Service/Document/ServPostingSelectionMgt.Codeunit.al	75	bfd66d8d878319841519e815067ddbdc0623b3edd903195cfb94af58099a3c5b
Source/Base Application/Service/Document/ServQuotetoOrderYesNo.Codeunit.al	27	c262b3c5c740e31d6d4a39531e1e4f5daf6c59e3ba302b61de681ce5ba6887ef
Source/Base Application/Service/Document/StandardServiceCode.Table.al	114	a78b51a770e2c0468aae785d060f06eb6d69e8dad0a51368faea04b10300a996
Source/Base Application/Service/Document/StandardServiceCodeSubform.Page.al	72	3bc4a9263ccbe9c9f91f524715e1288de1cd51c9d8ac2cc1059a3bde3cdddcf5
Source/Base Application/Service/Document/StandardServiceLine.Table.al	136	8c6098d2927cf8877de354f9354f52c9a588010040c4465dc0a9948112150df2
Source/Base Application/Service/Document/WhseServiceRelease.Codeunit.al	99	31e68a2f47195fd389e6c0426a088e3fa779484d0e7c82cd7ced6417744953e0
Source/Base Application/Service/Email/DeleteServiceEmailQueue.Report.al	11	4d27080fc3c46352bde361bba4797b380afc25ff0aa913213c06f09e88d4362c
Source/Base Application/Service/Email/ProcessServiceEmailQueue.Codeunit.al	22	22f3d94a507376df284314d336d66d1513dc9f24fe9917200e1feccb736715dc
Source/Base Application/Service/Email/ServiceEmailQueue.Page.al	22	477ca08db6d3e8293570236c239fb3d82cf01de494d92f4c779d1c2d10b5b75b
Source/Base Application/Service/Email/ServiceEmailQueue.Table.al	21	804f6682014ebe72887929feaed25b2026875beb9c85ed8ac4c5af22dea48325
Source/Base Application/Service/Email/ServMailManagement.Codeunit.al	27	8fe31c96e62efa4e11a8e0e14da0525a630213eaaa9b9a85d2916eb5f8bcee6f
Source/Base Application/Service/EServices/EDocument/ServDocExchangeMgt.Codeunit.al	201	3271b3e60748733c2670645a59e1c43915aacb2a15d5074c0542d416e8d34897
Source/Base Application/Service/Finance/Preview/ServPostingPreviewBinding.Codeunit.al	9	92835fd77c0489ec60580a51836ea54b02f5a48a361b3b9c25553dbb81747386
Source/Base Application/Service/Finance/Preview/ServPostingPreviewHandler.Codeunit.al	31	f7414f1ff403314be20da05121af0e8d777c44c3b4717c2f83cffea00917f488
Source/Base Application/Service/Finance/Preview/ServPostingPreviewSubscr.Codeunit.al	15	bad2a9ce12eb6d63bd2f6500f82a3525fd2c6852651066bbdb55b18b352ae22f
Source/Base Application/Service/Finance/ServVATReportingMgt.Codeunit.al	29	8121cd78a33d7d487fa55774aae8fecd3c797b5b7a2fcde135fb85efe30f47d2
Source/Base Application/Service/Finance/VAT/ServVATRateChangeConv.Codeunit.al	323	62c32d2752c86568edc9a529df07917d9e8eecb941ea5fb05998975f349a4523
Source/Base Application/Service/Finance/VAT/ServVATSetupMgt.Codeunit.al	9	188d7b15b88a333566d3f87108fca61e7ca6f26704b3b9b98adb443f17bb832c
Source/Base Application/Service/Finance/VAT/ServVATSpecificationMgt.Codeunit.al	24	52d20cba006a5833f5bc4d55a0523f8e7afa8a33e71e3523e49f7ec3b52a5732
Source/Base Application/Service/Foundation/Address/ServiceFormatAddress.Codeunit.al	147	a38590ca44d9e619c7cc863eedec9b730e44e15f76bc0798775ad9baa13d5802
Source/Base Application/Service/Foundation/ExtendedText/ServiceTransferExtText.Codeunit.al	122	0c94816add6dabaab702918876f0f15defef44621feaf5741da72eb3710727bc
Source/Base Application/Service/Foundation/Navigate/ServNavigateMgt.Codeunit.al	281	aadaf686d98327f87c7e75a59576cd8f36282471ac70b884ead5e139a6a15aba
Source/Base Application/Service/Foundation/Reporting/ServElectrDocFormat.Codeunit.al	56	da065e01f122bd0d281b40c3aff49d8fbee6550b29d20c0eb6676dbab540d03c
Source/Base Application/Service/Foundation/Reporting/ServReportDistributionMgt.Codeunit.al	44	2131078f3bcc8205c48f60c44aba42bb9dd44e9c0ee96a22068dae1227a4207c
Source/Base Application/Service/Foundation/Reporting/ServTestReportPrint.Codeunit.al	18	e26c79ba000746c42384c73f5f47d474589214838bc33b49c95bf0c706f85d71
Source/Base Application/Service/Foundation/ServNotificationMgt.Codeunit.al	52	92b23b37a80755f3668fd580776c44789502d9e06ad7e1c98d8d08cc1513dee8
Source/Base Application/Service/Foundation/ServPageManagement.Codeunit.al	20	0f3d7543479cf4bdfc68ab919cdc1ed59be05a76b6bd6c4eb4e5e8abfc94ef2e
Source/Base Application/Service/Foundation/ServSelectionFilterMgt.Codeunit.al	4	610bc4c0fa284c84acc7b25f137d97bd9cac13060c489573da836db1726e8fc1
Source/Base Application/Service/History/CalcServiceHistFactBox.Codeunit.al	41	fc231ddf7d9f121492884fd19be621b77ae552d44f0d0afb7b50db2fcd5567b8
Source/Base Application/Service/History/GetServiceShipmentLines.Page.al	42	37e9848cee5ad58e2a1346b032738df833a4ed1829c49bd4c133b0e86e375e6b
Source/Base Application/Service/History/InvtLedgerServiceSource.Codeunit.al	7	5ef2223e1ab1d62e7166c2d76a2236960d299ca68cdad07e0200a8b7e449564d
Source/Base Application/Service/History/PostedServCrMemoSubform.Page.al	34	24ae355b12fc53c9b66918848b42777fae7942231267639af0851ba78a026abf
Source/Base Application/Service/History/PostedServiceCreditMemo.Page.al	66	f2030ca5da2591bc3ae63eba600f4799f098330b333b58d2b7f5faf10c25660e
Source/Base Application/Service/History/PostedServiceCreditMemos.Page.al	30	c885687cd3c1e6632c4c4752ce9cf3a95661a0b9012c68fc9394380e1574f1ff
Source/Base Application/Service/History/PostedServiceCrMemoLines.Page.al	9	728598ebffc6f5e763ccb03d37e568e9b1eb24c41c10fe6cad32a862fdefbfec
Source/Base Application/Service/History/PostedServiceInvoice.Page.al	72	ca7b3d6b687bfc1f75de3cfd00a21fc88b3a6e04c24f355c471b2ab47e2c373e
Source/Base Application/Service/History/PostedServiceInvoiceLines.Page.al	9	43ffe4d6b9a05be4e2a83631d68687d5d13d7935ace6585642964e567a5b4ba3
Source/Base Application/Service/History/PostedServiceInvoices.Page.al	38	aa27e8aa0a4ac39350fe793b20ceaea39426740c45cd37034e3f45795432c120
Source/Base Application/Service/History/PostedServiceInvoiceSubform.Page.al	39	0f8d84aba7a87fd4e621397e168af7c8a1e0c13acc00a1b71aebad7e4b82fa4c
Source/Base Application/Service/History/PostedServiceInvUpdate.Page.al	17	65f670c4fa39672b268cc02bdaa29d9f49c9b9a512a99f287c3996ee3e2942e4
Source/Base Application/Service/History/PostedServiceShipment.Page.al	46	cb01dfb89d73005dbe72617cc581bca67711839aacc655975fd29f8b122932c8
Source/Base Application/Service/History/PostedServiceShipmentLines.Page.al	49	48bb5a650fc529f99cd52a2f076d3ded1458908f13dbb46d26ae97b5253a8581
Source/Base Application/Service/History/PostedServiceShipments.Page.al	21	8a7d8f9a01a4d1013f201c2d67f1730864216e3ed953673b30ac0b3e30d05ea5
Source/Base Application/Service/History/PostedServiceShipUpdate.Page.al	15	305fd3ddd55c75a8feafccf9aa7c9a464ae716b2764d19d2c1c27eba4462e198
Source/Base Application/Service/History/PostedServiceShptSubform.Page.al	41	93bcfc85a2ad1c029437a26b750cdf7e1267f09f758aa8bc06846e02e639c6fe
Source/Base Application/Service/History/ServiceCreditMemo.Report.al	243	d4c855e6c10f47d7b50c274e8a568dfd8b8128d75762585f5b36451a1aa30ed2
Source/Base Application/Service/History/ServiceCreditMemoStatistics.Page.al	95	ccea0a611cebb45cf9317a1e77383689841e8f4d2541c5a01312ed2213ad3045
Source/Base Application/Service/History/ServiceCrMemoHeader.Table.al	83	0b6b5e098af017cee0bcde9d932e4f83a90c2cf5278cb5508fb6fc0da92d09d4
Source/Base Application/Service/History/ServiceCrMemoLine.Table.al	64	1157f95ed86fa604119dd902b071bebd3dd8feefdb3e8e6e79727ccfda074c55
Source/Base Application/Service/History/ServiceCrMemoLinesSubform.Page.al	21	9e2d49196be9aad2eb9a9daca2b22f1f3169b8a9ca884d2a88bd75da2377d8e0
Source/Base Application/Service/History/ServiceCrMemoPrinted.Codeunit.al	8	36070cc9551d1434192d9a16c5762693b38247a66d765361d3bc9c4e089c7b5a
Source/Base Application/Service/History/ServiceInvHeaderEdit.Codeunit.al	13	49ad1220d2177f563a6855c1a9487891b23fad3e487b5c51d9af36c7c655667c
Source/Base Application/Service/History/ServiceInvoice.Report.al	356	19cfc830d279012031dcd73ee32762e20223c8be176c5310ee43771cc1d8a4c4
Source/Base Application/Service/History/ServiceInvoiceHeader.Table.al	84	458e131a99a770b060499548250945ed95163b703633ffd9eb221164e5095864
Source/Base Application/Service/History/ServiceInvoiceLine.Table.al	84	bc18bcfe1aaa70a3cffe8e85fe894410b52e4a7bc9b986dd6470df691b3fd821
Source/Base Application/Service/History/ServiceInvoiceLinesSubform.Page.al	21	88a3e81b69702d041e4233c9b5bc1a42cf3e649d8fb268ce83aac7decfb326a2
Source/Base Application/Service/History/ServiceInvoiceStatistics.Page.al	92	a8429f05fcd4eb49fff29f8313b20aa167a48cb016d193d0a31a018b7c6d8c7e
Source/Base Application/Service/History/ServiceInvPrinted.Codeunit.al	8	c6af667ea143a1b0e87e9e210f4292c4a8327b60d239f09018ed34dee2720117
Source/Base Application/Service/History/ServiceShipment.Report.al	154	160fd909a44ebf34e3af50a81511f02fc5815c96a9b14f325554e12bac7fddd2
Source/Base Application/Service/History/ServiceShipmentHeader.Table.al	91	ef9b6924a52dc53ac9ab85647416ebecb42337869d35c904c76ac624756f2e7b
Source/Base Application/Service/History/ServiceShipmentHeaderEdit.Codeunit.al	10	f16a8b0f7470ec202bfe6acb1d698a21857af832821026fdfb042492f4fb5e9a
Source/Base Application/Service/History/ServiceShipmentItemLine.Table.al	19	afae513b62d106897e9b2eac0010ee0e0b126b1d0456d8c728abe0ba63795d3d
Source/Base Application/Service/History/ServiceShipmentLine.Table.al	265	c7302d376a7771a4b3a365931b3198477d59537591536c0921a1ed666576db83
Source/Base Application/Service/History/ServiceShipmentLinesSubform.Page.al	22	74ae84f086ef86ab80eb25651c0d95a886e15ca1851c031b8b29ea085ba238f9
Source/Base Application/Service/History/ServiceShipmentStatistics.Page.al	22	b7396438f4b4e336f6fe01b5f6796f3aafe0683e68c92763cb58b5965fc2248d
Source/Base Application/Service/History/ServiceShptPrinted.Codeunit.al	8	49d89d2382f924e522540ed32ec9e4485e7e0286d1f2ac198ff3954258c78596
Source/Base Application/Service/History/UndoServiceConsumptionLine.Codeunit.al	352	1feef3f987d1da40a120723074887615431cfef9fba8316c4b4769a2659a0708
Source/Base Application/Service/History/UndoServiceShipmentLine.Codeunit.al	276	898ccd87aafc059f19916a739c4c07eb16c82579b20484f8497f06fd1330fe6f
Source/Base Application/Service/Inventory/Availability/ServItemAvailabilityLines.PageExt.al	2	337cf6d51a426aac4a19b6e3f39484c981b10e216e2618903322d9d495ef741d
Source/Base Application/Service/Inventory/Availability/ServItemAvailbyLocationLines.PageExt.al	3	4f02281b9a04048d67c7f2e0a2f020675bee8ef34e5c0d5bbb90cff08a065437
Source/Base Application/Service/Inventory/Availability/ServItemAvailbyUOMLines.PageExt.al	2	d21b59fb31b53330be63583c34c4d698a70b194b4fcac6474ec837253a0a5b0d
Source/Base Application/Service/Inventory/Availability/ServItemAvailbyVariantLines.PageExt.al	2	6bf5448daa3155b9e00f3a7d12c6c5a1d128ae3b257c5c80b0415c1a5f0aec1c
Source/Base Application/Service/Inventory/Costing/ServCostCalculationMgt.Codeunit.al	119	d459d193eee242accb7343be61d1cd18435620ee3c67eb306426218a47d8acd3
Source/Base Application/Service/Inventory/Item/ServCatalogItemMgt.Codeunit.al	70	5d8ec2d4c1f7e770e3d1de4bf4f8c11337776d9858ad5ab698525b75fd95b339
Source/Base Application/Service/Inventory/Item/ServItemUnitOfMeasure.Codeunit.al	16	aa773c15c05dac141fbd236230e4054e082e18cb6cb9fb49125d82ac2318b855
Source/Base Application/Service/Inventory/ServUndoPostingMgt.Codeunit.al	98	758e959316ceb1963794c9f31b2d7724e0c1b16818f8920ee796b1c48b3b8a2c
Source/Base Application/Service/Inventory/Tracking/ServGetDemandToReserve.Codeunit.al	113	ac4823133fd7986fbf3a6b7f0c25c701f7c3169fe47a05ec8c2668dee95c875f
Source/Base Application/Service/Inventory/Tracking/ServItemTracingMgt.Codeunit.al	33	d6cf25ca05123134ab791ad57b647af4b2d9f65df87824dc6a7b8c97ca8948e3
Source/Base Application/Service/Inventory/Tracking/ServItemTrackingDocMgt.Codeunit.al	79	9cdf8bfadeeb8d12bf61768a11267290560aa3616b1813e83fbb0600e3cfd720
Source/Base Application/Service/Inventory/Tracking/ServItemTrackingMgt.Codeunit.al	17	90f728ef51c9e48cb0961bd5f4263a36a3ed753e53c33ddd5c614f718520205a
Source/Base Application/Service/Item/DeleteServiceItemLog.Report.al	15	0280769b1fd657df960bf268b17b09597a9050df231c2f98cc62f35104353e77
Source/Base Application/Service/Item/ReplacedComponentList.Page.al	2	0c4a78e2ee1efff6ac09b0d965af173bde6892a3fdbd4edb90a89fcb043bda51
Source/Base Application/Service/Item/ServComponentCopyfromBOM.Codeunit.al	49	d8a5bc09156ac940d729a9665b76652e1efda20234ae06e0a0814ca4ceea1019
Source/Base Application/Service/Item/ServCopyItem.Codeunit.al	15	99c56b7d44858ff214c39a23482afab8c31ce7d2f6211314ec08b7f0ac8f1978
Source/Base Application/Service/Item/ServiceItem.Table.al	498	600033dc21694ac48dcd166920b10497c97b475ed4e93cc0a311a2cceb359a77
Source/Base Application/Service/Item/ServiceItemCard.Page.al	101	e600bce5829cd61879e761c604b6a22a0951fce2925c13c1a4c7a7d3c334e433
Source/Base Application/Service/Item/ServiceItemComponent.Table.al	170	8f4e9a1818f708505fc3829c3456c3428bd13938820316260f97e223735306f0
Source/Base Application/Service/Item/ServiceItemComponentList.Page.al	7	a8347e94a5bb1d37e1219ac6a2652729bcfe8a4075a1d2cf15d87cf50ce9a331
Source/Base Application/Service/Item/ServiceItemGroup.Table.al	9	d352e9009fed0db21758ec006d7a47ca6c81440aa0b886f36780a7845e2d10b7
Source/Base Application/Service/Item/ServiceItemGroups.Page.al	8	7fa558b6eaeb673f5b0fa29525a47334916b6b15326de548f72258d8139757c1
Source/Base Application/Service/Item/ServiceItemList.Page.al	27	2f287cbbd6590662c366014a022f88c0705f5a847c311de4dace0a635e8542a8
Source/Base Application/Service/Item/ServiceItemLog.Page.al	19	b81ae7233346162ef1330d438aee962fa1a19a07ab64a9ed4eec204795586633
Source/Base Application/Service/Item/ServiceItemLog.Table.al	13	ef54b545d09e139d80e29da7e8ac3c3f476379c01c4287590fb186597016e9f6
Source/Base Application/Service/Item/ServiceItemReplacement.Page.al	64	81929257bd350026842c786967d7c22e35a2a46642e67f41a61b34a79221dad5
Source/Base Application/Service/Item/ServiceItems.Page.al	9	e436dd1f3e6d9d6fe47dffeb634c33d6f7e31d951d317c58695b77a2d3d35bb9
Source/Base Application/Service/Item/ServiceItemStatistics.Page.al	36	1e45301062c8625413a3232a6a8933723ec47ed16ad1629f6171799459a952a2
Source/Base Application/Service/Item/ServiceItemSubstitutions.Page.al	6	a41346deb37f0dcffa6fdf7386cccaab59d4926c73b6bf000535f4ff6e59b5f3
Source/Base Application/Service/Item/ServiceItemTrendLines.Page.al	71	19c06d7968e3bec818206b8a0fe47ae896a2676e587953d2cf8c304e7c172f1c
Source/Base Application/Service/Item/ServiceItemTrendscape.Page.al	80	e5db5901d279050d8209d91d9a90d1e0c63d290560e9946637e26810c872eeb5
Source/Base Application/Service/Item/ServItem.TableExt.al	9	d2eac7087d2826fd66d8909c7dd32ffab69bb3b6df8bafb56cff468f8924aac6
Source/Base Application/Service/Item/ServItemCard.PageExt.al	6	43aae5a61d60af413ee1ef7303b88ccc543744d2b3439fd0afefbd110a7b5494
Source/Base Application/Service/Item/ServItemCheckAvail.Codeunit.al	49	c11c7b610fe6b222e44ce56bb19c845b0280c6d36775c2635fa0503f827393fa
Source/Base Application/Service/Item/ServItemList.PageExt.al	6	513262b00dd58685c43aa7ea3ee9532f41c6aee3458c07a1fd5cb2a6fa1de8be
Source/Base Application/Service/Item/ServItemManagement.Codeunit.al	594	2c890c153ed787915183cd0621c7455d2119f859b760ff322500387ccd5fb147
Source/Base Application/Service/Item/ServItemSubstitution.Codeunit.al	145	0338b1859f3c19e6cd30a6a2dd06631cc5182924949cf5899bd08b32a6d14fe6
Source/Base Application/Service/Item/ServItemTempl.TableExt.al	2	a8e37c85574e5603dea71911d1cb6d25b1e5dc7cce156a678765d85b84dab84d
Source/Base Application/Service/Item/StandardServiceItemGrCode.Table.al	104	9bd470593e90e057f5d83fcf4a1ceec6e79033d68855d6cfe148135c3660ea31
Source/Base Application/Service/Item/StandardServItemGrCodes.Page.al	69	955255500b9c0adf8a395a39c2f2500d19fda4ec044b051101a518d04e22362c
Source/Base Application/Service/Ledger/ServiceLedgerEntries.Page.al	13	8f230f3afbaf92111e62d7fdd1e730bc4cc317efa6ff3fdceb61767b7f75899c
Source/Base Application/Service/Ledger/ServiceLedgerEntriesPreview.Page.al	10	4c7bc3a8fc6324f41b3cb76da2d07ab5d40c3f57d6df9b14aabd3df6e81385c2
Source/Base Application/Service/Ledger/ServiceLedgerEntry.Table.al	56	2cf17ccd286789460435d97b690e95798165b957a09041e81e264bd04516bdfd
Source/Base Application/Service/Ledger/ServiceRegister.Page.al	2	2b22931680ec735e9a629e013015057548ddf016b9cfc8a1ab198bb917cd80e6
Source/Base Application/Service/Ledger/ServiceRegister.Table.al	2	319a553a0b31aabaf2aeee52f16c8e7f25908e2674d916740cf97403a5512796
Source/Base Application/Service/Ledger/ServRegShowLedgerEntries.Codeunit.al	4	540167132b737e7d2f3c866986affb6605a9922d8ca3fb8dd8e4ce95b875245c
Source/Base Application/Service/Ledger/ServRegShowWarrLdgEntries.Codeunit.al	4	0524d086409c8cbde0331cc2a1b2e7bb78a0ef1af39b3d3e9f5c1476ff1c1e41
Source/Base Application/Service/Ledger/WarrantyLedgEntriesPreview.Page.al	8	07d3c2fc9e390c1774ec93c98be8dddb7b27163b5122ba19f20736392819d274
Source/Base Application/Service/Ledger/WarrantyLedgerEntries.Page.al	11	596dfecc4c98061aa84d0bf62826a31ac4468bd577815396c126e725bafd2f95
Source/Base Application/Service/Ledger/WarrantyLedgerEntry.Table.al	9	2b44d661ea4cc5b951b433850865f3a91eb4512e7f556087c34f4cec164e079d
Source/Base Application/Service/Loaner/AvailableLoaners.Page.al	21	7961fdbf011641cc4e59147b0cba9506c9fc97d706358b158af977f546ebf459
Source/Base Application/Service/Loaner/Loaner.Table.al	57	a423238f8bad12bb807329d9d3daf295f6407ca2b17c9a12c96b3f1c3a1fe406
Source/Base Application/Service/Loaner/LoanerCard.Page.al	5	27937adf948c142568f19c34b70812ff7a957db6821c183e35ad3a174a56eaee
Source/Base Application/Service/Loaner/LoanerEntry.Table.al	15	2c97685e4bab776deb7972f5bb7d2e77c85bb77e39bc62be887acf3c5fb2c5c0
Source/Base Application/Service/Loaner/LoanerList.Page.al	2	7ed8177863a64c1cf3b11965888b1026f01028d35b936deb24dcb9cf6f33a5e9
Source/Base Application/Service/Loaner/ServLoanerManagement.Codeunit.al	150	a477ee37b0b50f1148c829ffdf31c7e571a1252d3fe92171f72e27d98eebe363
Source/Base Application/Service/Maintenance/FaultCode.Table.al	6	5282f95c87c9b8517bfa734e8d72fc5c502857cb9cdf9bde460fe84f3aa9d180
Source/Base Application/Service/Maintenance/FaultCodes.Page.al	10	2497938fa06b830f510bc78e5d7040f33c62cf6b010e7d10002eff1c08d47f5c
Source/Base Application/Service/Maintenance/FaultReasonCodes.Page.al	3	65ab335e6387c11152db1d749bc1a7438b6a2682fe5da1b6b35a98694b43b3e4
Source/Base Application/Service/Maintenance/FaultResolCodRelationship.Page.al	111	84acb6bc3159f89c6c78eb9a650fe2ac3b8e6304f1b926e83659d73677be4e64
Source/Base Application/Service/Maintenance/FaultResolCodRelationship.Table.al	14	e364d715d0ffe7f2616bacc12534b152c0ef555e3598e624c5306f4432a2d3f4
Source/Base Application/Service/Maintenance/FaultResolRelationCalculate.Codeunit.al	157	7f67ea20e2dd297aca0e02435ab6414a38edce9e1c7bc43f5f61b22d18cad090
Source/Base Application/Service/Maintenance/InsertFaultResolRelations.Report.al	19	687e9ffe9abc47823ceb3983fc045440b5fc5e214c8860ec2b86e6c95854ac28
Source/Base Application/Service/Maintenance/RepairStatus.Page.al	3	7413b595edc4345903b8295db21373f43934eb983989d8c1c887caea26341f81
Source/Base Application/Service/Maintenance/RepairStatus.Table.al	117	188b206a8de0817d4bbcd91d2eba6d127ae89814889d10d073a5d5a527424f39
Source/Base Application/Service/Maintenance/Troubleshooting.Page.al	14	471a48b689904436b500ef375a91ada7597e34a14c25fda7e2a6433f75933b5a
Source/Base Application/Service/Maintenance/TroubleshootingHeader.Table.al	111	f22c02f2c75d4d98d2d3d3b1e2f168f95996f7a6d6baef8deab97015a7c03846
Source/Base Application/Service/Maintenance/TroubleshootingList.Page.al	8	8e600de085c6405b62f8583d84e0bc55734b7d56cca5115c6131668222eaf466
Source/Base Application/Service/Maintenance/TroubleshootingSetup.Page.al	34	26b100b36794d6c34efaebaee9bd5e592a2d548935d9c0524f77114bcafdf77b
Source/Base Application/Service/Maintenance/TroubleshootingSetup.Table.al	7	0ef998a038da35efdd519b20919fc06fa08d423554dbec333dec79182cede68e
Source/Base Application/Service/Posting/ServAmountsMgt.Codeunit.al	484	e6bcabb4a3ffea9c7943dde06b9656bb03430e8007534299cc2820d6c0561fe1
Source/Base Application/Service/Posting/ServDocumentsMgt.Codeunit.al	1895	5a32aec8da4e5e8df334e0505ac969dc21a690ae694905e346fe89b96e4e2d0c
Source/Base Application/Service/Posting/ServicePost.Codeunit.al	439	3cd3a5b0b1e0a858b90be35fc5f83b871fdde4ce498923474b458f6238f363ba
Source/Base Application/Service/Posting/ServicePostandSend.Codeunit.al	50	f98a7d8fbd8c8fbfc51331ae6fdcb2ef9e777b5c2458da6060e3dd9ca93bfac0
Source/Base Application/Service/Posting/ServicePostInvoice.Codeunit.al	273	df7e0278ba31757191fbcb3a1b3429f997d079e93bf09fc21f1c2fdf53acb72d
Source/Base Application/Service/Posting/ServicePostInvoiceEvents.Codeunit.al	63	86039403e343a7c1083296c04e4dcdb4efe799ccf9576e6d77f6188577a75377
Source/Base Application/Service/Posting/ServicePostPrint.Codeunit.al	93	0dd967e2fe1a280ddc651b311dde308a1fe9fe9e9a20348a76595e96df1d2e9e
Source/Base Application/Service/Posting/ServicePostYesNo.Codeunit.al	74	729de914bc58e57bf5d5dfdd40514fa63225b298df0ccdd696960d3fc207755f
Source/Base Application/Service/Posting/ServItemTrackingRsrvMgt.Codeunit.al	198	3e457fb85733f6d9c3e01c48d2c8203162581590f7371a00b82fb8710bfc04f0
Source/Base Application/Service/Posting/ServLedgEntriesPost.Codeunit.al	823	78dbb6a8192b747b2f1e48ac0b07f152b581558ef0c0ec525e7d55358fcdf87f
Source/Base Application/Service/Posting/ServPostingJournalsMgt.Codeunit.al	444	753028f548b01e5066185da3a013d3085599b1f00a2d2b9e84e559db2a5d5681
Source/Base Application/Service/Pricing/PriceAssetServiceCost.Codeunit.al	74	9c335ac8daf66a102c60b606b341769005a5c46897827058f1e8bfff243e1858
Source/Base Application/Service/Pricing/ServiceCost.Table.al	16	dc6efd5c13c8fde72bf9a5d895a5d8fa6b38f5c5794c1a461aa8a96434ba0cab
Source/Base Application/Service/Pricing/ServiceCosts.Page.al	4	bfa84a4d11dbdf51fb482a13a200752bf3c907094daf44d9854360bdf139176e
Source/Base Application/Service/Pricing/ServiceLinePrice.Codeunit.al	179	ab6210919c5d47ba522847a392b8eb4d40ad348814405636d577677ac2ff4e0a
Source/Base Application/Service/Pricing/ServiceLinePriceAdjmt.Page.al	57	5886ea74377d5871224c25e9b24639c1a26d4388f68134734958a3d5aa388da4
Source/Base Application/Service/Pricing/ServiceLinePriceAdjmt.Table.al	46	89c68d512686a4758e2f5625eb0c303b73c5c267d339264c80e692922f724f96
Source/Base Application/Service/Pricing/ServicePriceAdjustmentGroup.Table.al	5	8b43c1a968346a8a19580b562dd6df336828687624e4a167665f26c0293d6c9b
Source/Base Application/Service/Pricing/ServicePriceGroup.Table.al	5	beaa65f5669fd68b956f4258a0deb8dcf10526703e49716141383b2c666add40
Source/Base Application/Service/Pricing/ServicePriceManagement.Codeunit.al	292	046b43036fe473a613acf4a94d237be222d0780fd760c6d8ef9dadf1157419f1
Source/Base Application/Service/Pricing/ServPriceAdjmtDetail.Page.al	17	27c25a1f624ed497844eed6fde2d264b95b3ba1e75250b3ddcfc168ae6aac27a
Source/Base Application/Service/Pricing/ServPriceAdjustmentDetail.Table.al	50	1341e008a04aa62c4830bc0efb63eccfdd28a2ea0a0ca8e3a85498ab017f381c
Source/Base Application/Service/Pricing/ServPriceCalcMgt.Codeunit.al	545	8eaec45ad5f63df838151a450f1cc884bf7d2ea9a02fcbd9635e21545d4d5b91
Source/Base Application/Service/Pricing/ServPriceCalculationV15.Codeunit.al	39	fcc39fce2f126f18f7690d1362ba9c42654ffa4f239ef638ad6fc42e49c2d5fb
Source/Base Application/Service/Pricing/ServPriceGroupSetup.Page.al	17	5abc07064a6c4a96a173fc405cedb4a17880f858362dd40836c923a0281bd0c7
Source/Base Application/Service/Pricing/ServPriceHelperV16.Codeunit.al	8	0216a739d157eeb000351ed47d1eedd73796b9db29f29dbc119ec64721e7942a
Source/Base Application/Service/Projects/Project/Journal/ServJobTransferLine.Codeunit.al	15	106919b67fea5259165152c102c8810fea41656895149c3b74101a175cb6e247
Source/Base Application/Service/Projects/Timesheet/ServTimesheetLine.TableExt.al	9	7828916c66ebf62b8f4e38adead26ac3cb3b572bb73c46595aabca1c492e4ddd
Source/Base Application/Service/Projects/Timesheet/ServTimesheetLinesSubf.PageExt.al	2	43a2fbb7be7e8c6640f2e76b0b03e52aec9a7c87bdf5947fe9a23f2e3c036aee
Source/Base Application/Service/Projects/Timesheet/ServTimesheetMgt.Codeunit.al	171	10239f41bc324c341e15c860c60d6362d39b01494605a3454d74b46241605043
Source/Base Application/Service/Projects/Timesheet/TimeSheetLineServiceDetail.Page.al	8	7418bb56af065f8620759ab58f6bbbd815b19562b4f6cbccfb68f36c92248c37
Source/Base Application/Service/Reports/ContractGainLossEntries.Report.al	19	3edfa9ab5360a82fe2c66072995397449483467ad556f88360787c8b31562aaa
Source/Base Application/Service/Reports/ContractInvoicing.Report.al	119	168ca708a28f31fe812a4f4b905a62483376649d293da7daa4fe515a297c21eb
Source/Base Application/Service/Reports/ContractPriceUpdateTest.Report.al	87	261bd443413ccf876defa6c73ccdb393189348a78046c892bb75a42d6cf48ef7
Source/Base Application/Service/Reports/ContractQuotestoBeSigned.Report.al	13	8c12da8762ecb60904dc24beba9f801ce719de9bd69f8519a88c1b7f1ffec958
Source/Base Application/Service/Reports/ContrGainLossRespCtr.Report.al	15	bae5675bac7553c2e60128cc223548a3e18e06d5e06aa9e0a3dcea08b2ebe3dd
Source/Base Application/Service/Reports/ContrServOrdersTest.Report.al	66	9e9f2d638f4025a3750da170d99cec6480b2c14520d98a4f22afca10ad929b25
Source/Base Application/Service/Reports/DispatchBoard.Report.al	2	e0414f3649e101b623387677ecfd6444e589dd5c34a81de7960a33a2c081f530
Source/Base Application/Service/Reports/ExpiredContractLinesTest.Report.al	30	b236f1b7a7a62078a6382c2ef3345d563099d5a08af9e163c929db05e3db5c0c
Source/Base Application/Service/Reports/MaintenancePerformance.Report.al	83	ea8c52f67a797755a5e9ea18adb19548608e165820d20130e9cc422f9322f018
Source/Base Application/Service/Reports/MaintenanceVisitPlanning.Report.al	13	3971657ea299629c92c07abc9c112f7e88c9ff4e0a24f2cf841ea10c770edd14
Source/Base Application/Service/Reports/PrepaidContrEntriesTest.Report.al	35	44683370299a90f56e1a8c5d8051d04292a443b23657f7ccdbdd6f6e9433e878
Source/Base Application/Service/Reports/ServContractSalesperson.Report.al	2	5de20811324da44c6f2f1f2ec65e0ce118f7ff50f74ad00871a82a32e1f6637a
Source/Base Application/Service/Reports/ServiceContract.Report.al	64	023da862dfbe20360b1358726a9c2bdc423fc2fa44f6b37666d92bdc882fdaf8
Source/Base Application/Service/Reports/ServiceContractCustomer.Report.al	22	7e86dabd04fa4eb00d573f3e562a96fbb999513ef6943d8d77329c513f01cc79
Source/Base Application/Service/Reports/ServiceContractDetail.Report.al	19	b2616ab2c40c768c6ec8af4d588d086a894bd705b5db0d00ef738fa5bb2a408a
Source/Base Application/Service/Reports/ServiceContractQuote.Report.al	59	ba10533f28bdf505fc23a575e2c32872f507721fed0679d01a5e2f2492aca9d1
Source/Base Application/Service/Reports/ServiceContractQuoteDetail.Report.al	21	b3fa1850911421ed2233433587539e088825886579ead5781d8c54a047a703eb
Source/Base Application/Service/Reports/ServiceDocumentTest.Report.al	574	f8ac89104cee4363416c96b67c267a4207b6d41077b06f26b45bbfa4f05546a0
Source/Base Application/Service/Reports/ServiceItemLineLabels.Report.al	23	309d6af8a7f65eed07f0d5f171ed2bf011b10394c40124e942e8a008310e33b5
Source/Base Application/Service/Reports/ServiceItemResourceUsage.Report.al	14	c07ddc9a989f42dc11aebbc744d52b944a9d800f1634848da1f9ed7005b7c117
Source/Base Application/Service/Reports/ServiceItems.Report.al	2	7d9eabb506d390ecef11c89163c940f3a63c6b5ebc83279e53f8e2090b125125
Source/Base Application/Service/Reports/ServiceItemsOutofWarranty.Report.al	8	5aee444d38900b0863e6c8601a86b39c681df21a1527f0f15762061cf0c43e8a
Source/Base Application/Service/Reports/ServiceItemWorksheet.Report.al	34	dec8daf8103dbe219322031109ce6a194808f86a567b73ada169ef7210b75814
Source/Base Application/Service/Reports/ServiceLoadLevel.Report.al	38	10ad54f55a770e0a8119f73e5dd9eff87a9d58d8f67020255ceb39cea1d10016
Source/Base Application/Service/Reports/ServiceOrderResponseTime.Report.al	26	7a609e1c9fbb0a41579e7a4c3bde9db8381356f424638458b7f19e0103f0c4c4
Source/Base Application/Service/Reports/ServiceProfitContracts.Report.al	28	1be0e60c90d7dc2702587e2e11295181c5c7cead2fa175f5e0c76d80721103f2
Source/Base Application/Service/Reports/ServiceProfitRespCenters.Report.al	45	f0f10914eb194da94a49805acd3d70864ab0ac12b959febeada47bd1db4613cd
Source/Base Application/Service/Reports/ServiceProfitServiceItems.Report.al	46	c10263d53dd3aab7c688d5a498109159e178ed261881c587b67efe62634b666a
Source/Base Application/Service/Reports/ServiceProfitServOrders.Report.al	46	79579e9c1f04e95da7295bb89cca4e9342b7595756848f63cd12c9927cccb3ae
Source/Base Application/Service/Reports/ServiceTasks.Report.al	12	70f8ba1603d36ac9a15a21f77f47c0ca674525bb449f6827c9b2b0c528b1084f
Source/Base Application/Service/Reports/ServPricingProfitability.Report.al	81	e7a6bc61a97aef02d8e92760391356e84e071d92c17a00c86b90b912947b21e9
Source/Base Application/Service/Resources/ReallocationEntryReasons.Page.al	12	102cec86669bf3451323f14349cbefa2bc90a0a24ffb9a8668f89d31374b34ba
Source/Base Application/Service/Resources/ResourceAllocations.Page.al	51	9876744219e1dd9bf1ef4340b2b688e5c5319ae4888513f56cf918948eba526d
Source/Base Application/Service/Resources/ResourceCapacitySettings.Page.al	116	fdc8292ac6f09376689a7f2d94a207149f162aa3470c4e02d7a2f5acd8ca749f
Source/Base Application/Service/Resources/ResourceLocation.Table.al	4	ae36cbe2be8c353d773360d7f724c33cdc861cc8742308a4dd141ba5fefd5934
Source/Base Application/Service/Resources/ResourceSkill.Table.al	14	833f841f9d36b70bc66ec937c41432f82bee8b7b601292dcd94844fefd32fef0
Source/Base Application/Service/Resources/ResourceSkillMgt.Codeunit.al	569	4de774ea2287a6183922d8a0fc4e25801e1812b7e6b927e6f8df51c7ba2a8e14
Source/Base Application/Service/Resources/ResourceSkills.Page.al	31	d5e1cdafb0e3aba80f7d36118a500db555e913ffcc41e3468056784a3ee14e2f
Source/Base Application/Service/Resources/SkilledResourceList.Page.al	9	2b7de9b65d7c8868cb4de7136af744082957075f345e8d38d41c86c2889dc962
Source/Base Application/Service/RoleCenters/ServiceCue.Table.al	8	a00e3dcace89245c8b5d15bd65689778a6d4c88f0388733592c7211e23cac79b
Source/Base Application/Service/RoleCenters/ServiceDispatcherActivities.Page.al	12	fbcfd27b4417e5cef8b93660398ec34314323bc4fbca2b87908ddc7868fb51f5
Source/Base Application/Service/RoleCenters/ServOutboundTechnicianAct.Page.al	9	18d7c335c984a2ec2c9f618022960b56bfb9c5b805abf9be2c8e873336a3d271
Source/Base Application/Service/Sales/Customer/ServCheckCreditLimit.Codeunit.al	83	6d6b8bb56b4e11528c65467c0fa365067080da54566e8b3e10691d6480322f9f
Source/Base Application/Service/Sales/Customer/ServCheckCreditLimit.Page.al	224	ca57239feea7351d4a473e1d573c89baf41d61bf783ba98e6e14a0e08d387521
Source/Base Application/Service/Sales/History/ServUndoSalesShipmentLine.Codeunit.al	35	6fd63cfb10efce297f11cffac2cb7f92b928b500fe5c340450c849f484d9c5db
Source/Base Application/Service/Sales/Peppol/ExpServCrMPEPPOLBIS30.Codeunit.al	11	c59237eb0019aa4d4e453232fb85bac5d9390a661215c72b7749788073882cc2
Source/Base Application/Service/Sales/Peppol/ExpServInvPEPPOLBIS30.Codeunit.al	11	b2606a9363dd0032df2b11d6be775d7d06dcd33bc016461d69806d5691c4c2d8
Source/Base Application/Service/Sales/Peppol/PEPPOLServiceValidation.Codeunit.al	39	7f200cc8a39ab8aa51c685169a4fdfc839a5411fcf9ce66df3941ba8964f1378
Source/Base Application/Service/Sales/Peppol/ServPEPPOLManagement.Codeunit.al	135	f5e2032adbe42fa18814c17db938d82240da33c70880561a979dfbf5999392be
Source/Base Application/Service/Sales/Receivables/ServApplyCustomerEntries.Page.al	639	5ced3e4179898f1f7984ff013c8423cb7474f8b2d780723ffa9c5bf5961be6f4
Source/Base Application/Service/ServiceExperienceTier.Codeunit.al	90	0bf4a7a120d0225d0e0b972247fe815759766b8baa893f8b72e3bd8f0aed39f3
Source/Base Application/Service/ServItemTrackNavigateMgt.Codeunit.al	166	a72a974d07b78d70a9b8f9c867dcfbd7ccd4f2bed1dfc6d4294ec356c61d442b
Source/Base Application/Service/ServPurchPost.Codeunit.al	6	d360757003dc6c5aff9996e641bd646d9bb77d4e2b9663143118cde9c74002a4
Source/Base Application/Service/ServSalesPost.Codeunit.al	104	a43f8fede4d649c9c8595c1e4e8d3026d83e74a0b42c4dd48c4db25cd62c0cd4
Source/Base Application/Service/Setup/ReportSelectionService.Page.al	49	6ec7b904994a7cfc3b655df3fd04d87bc2901d7adad478c87c5735701fe9d54f
Source/Base Application/Service/Setup/ServiceCompanyInitialize.Codeunit.al	17	d516b84d6b344793ee17d7092f7ceddf48c00bd0cfc0d2242ab7912f9a93db92
Source/Base Application/Service/Setup/ServiceDataClassification.Codeunit.al	474	0b827486a68ade84bd8635e3f4fb128133e565aa0b19e8a967debd5b6634fe52
Source/Base Application/Service/Setup/ServiceMgtSetup.Page.al	12	7fc4aaa9bf8fc0cbed36bc7a8e9107d923a5cb1927186c15ef1b3527b7d9aaae
Source/Base Application/Service/Setup/ServiceMgtSetup.Table.al	7	c62bf5849115e5b80d3e1f29b61abe469a8ea786fbc575bedd3d4eeee4101b2c
Source/Base Application/Service/Setup/ServiceNoSeriesSetup.Page.al	11	50f963d117f4d7af20740913148fd7060cd6a14de34c63356065e1d9da56bf96
Source/Base Application/Service/Setup/ServiceOrderType.Table.al	5	1fb3f4fb661e9b619363f05c6ed2cba5745f0aa9765cc7cc077378e87686b1c0
Source/Base Application/Service/Setup/ServiceOrderTypes.Page.al	4	7bb4b50e2513505ae9dc7f2417d086f18d6556a5da77b12c228d24d036f37e5c
Source/Base Application/Service/Setup/ServiceShelves.Page.al	6	59a7ccd7ab9b3ca5c59c481ab078762e9d0b8dc1881f1917cd623beb7d835ceb
Source/Base Application/Service/Setup/WorkHourTemplate.Table.al	16	78fb86af1040c02536468612dd70256575a4868ac34b8e1b7d1000831d3db5a3
Source/Base Application/Service/Upgrade/ServUpgradeBaseApp.Codeunit.al	164	f0b1fe50de6d5e05cc9ce411460f8ce24d2b777cb636eb89e8a33f9d7fc80dc0
Source/Base Application/Service/Utilities/ServDocumentErrorsMgt.Codeunit.al	47	cd3292e5a7f0cb0665b1b9c0eea7bd6b274d809c3e583cf403477a8c88bead12
Source/Base Application/Service/Utilities/ServDocumentNoVisibility.Codeunit.al	49	66395ea51e09b07c0ea1ede5b58c1f93cc3aedb3ad23268ef08a5ef1de088840
Source/Base Application/Service/Utilities/ServIntegrationMgt.Codeunit.al	320	7dcc509aae1ba923a772baefcbc3f370d5f50f1d60b24f7c2f181718cf8414fb
Source/Base Application/Service/Utilities/ServMoveEntries.Codeunit.al	273	d4a94458d603145fc4bdc7194ff116a958d7f95729ebf3068741ec30dc76ae44
Source/Base Application/Service/Warehouse/Request/ServWarehouseSourceFilter.TableExt.al	8	b181963dafb46c2d08f3911a3c072bb88a87a65d7e5ab6fb5b81680ef1bee0a3
Source/Base Application/Service/Warehouse/ServGetSourceDocOutbound.Codeunit.al	14	811dbeb18ed3dfdc290bd0b1ccbbc5e844032e1b588b90dcb6c7cf98597a3106
Source/Base Application/Service/Warehouse/ServWhsePostShipment.Codeunit.al	208	e6c6e429fbb9fab3f2cf6e8ee605d6d27184301aaf5473a7a9bf25a2e8307d5c
Source/Base Application/SignedXMLMgt.Codeunit.al	38	9368a19b06daff95256146ceab662ffbe6a2b63548d253978e76f8d33ba41214
Source/Base Application/StreamManagement.Codeunit.al	31	2f41498d079d269d2f21a584799c29352dc9d4301fd559a87f5a93c6c9b05aae
Source/Base Application/SupportContactInfoEntity.Page.al	11	ba61912cb3fc271c3b87eafb09eaee6c6bee2acb86f86ec8c5246fb1227a4191
Source/Base Application/SupportContactInformation.Table.al	7	b27902924a267031c15f5ba09e35f8e75ec6a09fe446c92ad0a4e534ba42d312
Source/Base Application/SwissQRCodeHelper.Codeunit.al	42	86e6134d09d4afc1cea1c80e4e60afee197423f0f06f59a4966ade358fd405b3
Source/Base Application/System/AadApplication/AADApplication.Table.al	81	c5d97a24ad677f6e83a0cb67198d69d12bc15cf43ace3046830d0f8c53d49215
Source/Base Application/System/AadApplication/AADApplicationCard.Page.al	50	ef1341386462dbe99eea6a00cfc45d79fbe437bc7445885573c6cb7f8f637dab
Source/Base Application/System/AadApplication/AADApplicationInterFace.Codeunit.al	21	a37e893b051879163d97a0bb95bfeb612b94d550565312f4dc0d5879fe08cdde
Source/Base Application/System/AadApplication/AADApplicationList.Page.al	5	bf86c472261ada954da20cd3b4fd1cd7df566e2e7853f35a723e9b0ad0491ade
Source/Base Application/System/AadApplication/AADApplicationSetup.Codeunit.al	44	2d35a42d4aec660619ee953ff792f3508a181a0c81826db2e26f889532a71b6d
Source/Base Application/System/AI/AzureAITracing.Codeunit.al	16	8f27c8df6bdc2929772771e82fc114fb7ef6f10fcf928dc9ee81a11baf99cb16
Source/Base Application/System/AI/AzureAIUsage.Codeunit.al	12	24af1f75713f6f76aaae1eef23474da075d823e1c5f77cb5f8c401d5b3b783cc
Source/Base Application/System/AI/AzureAIUsageImpl.Codeunit.al	129	82b6e2bc4ce4938d5f6fa91f4b1ffc0587b9e634722a841a5af0420b1f413935
Source/Base Application/System/AI/AzureMLConnector.Codeunit.al	82	248b717c74c1e0c1f336850207f6b9d31b280bad989fb9076eed3669ca59f436
Source/Base Application/System/AI/ImageAnalysis/ImageAnalysisManagement.Codeunit.al	174	3f082c7e31dac7fc5540866688cd78ca7da9dbdde0163c4b5ee89eb24bb57398
Source/Base Application/System/AI/ImageAnalysis/ImageAnalysisResult.Codeunit.al	59	b63f54785d503015e98ce0a351a86ed192bc15d0baee189e0391e1a4a0898da9
Source/Base Application/System/AI/ImageAnalysis/ImageAnalysisScenario.Table.al	28	be5fefeed7dffd6d4bfebf8ae71cdbff24f352b667f4d6f0f8f834531524925c
Source/Base Application/System/AI/ImageAnalysis/ImageAnalysisScenariosPart.Page.al	8	9545b75f7d893aa5f1299ca530984f0bff0731b1addb790abe968a7221164ead
Source/Base Application/System/AI/ImageAnalysis/ImageAnalysisSetup.Page.al	44	5a0374d57821c6c77af755a56672d434c644a12f345c547ac8917aa54400315e
Source/Base Application/System/AI/ImageAnalysis/ImageAnalysisSetup.Table.al	54	590c1d97207fb975a3e70b7117a8802eda9bfea725069279cd003a53b89c64e1
Source/Base Application/System/AI/ImageAnalysis/ImageAnalysisWrapperV10.Codeunit.al	58	d49b90dd4bfb1ed4d1d7b56b97f307e5484d4cd9ee209b3eee672c0fbebbcc61
Source/Base Application/System/AI/ImageAnalysis/ImageAnalysisWrapperV32.Codeunit.al	110	5020f8c42098ac2377ba4e6143d00e4fcef19bfa6128a63ffbd5057f67abc9cf
Source/Base Application/System/AI/MachineLearningKeyVaultMgmt.Codeunit.al	150	c41ccf8155bfda081f61dd3b2879c6686f4fd8fadeed5abcfdd2da912b20d0f9
Source/Base Application/System/AI/MLPredictionManagement.Codeunit.al	279	869a3163327087091b18f67ba0353280743e8fa315b6308274f73c3e0392c81a
Source/Base Application/System/AI/TimeSeriesManagement.Codeunit.al	241	c876a239780d6c6718e896de0df4954cfc74316669ab667834a5e1a2c06bc51b
Source/Base Application/System/API/APIEntitiesSetup.Table.al	6	dff362d5a47689db912ceaccbd8aba93a14669ec03f934cc4b0d06832fa753e3
Source/Base Application/System/API/APIUpdRefFieldsBinder.Codeunit.al	15	cb89cd1c995a6d86748aab6443cb0d9b732dcf7d13651bd85f743144fae15626
Source/Base Application/System/API/Upgrade/APIDataUpgrade.Codeunit.al	719	48a4f15e715e13ff45777b796cd4b4c686cb9a7f309450cef6f2382a0c6995a8
Source/Base Application/System/API/Upgrade/APIDataUpgrade.Table.al	18	8f37e825fc6d120d1bf032ff3c161ebfb36773ecc2ac8f5a04ee99b569d06edb
Source/Base Application/System/API/Upgrade/APIDataUpgradeCompanies.Page.al	11	7841230f4901f955aa9eba335ce3565a37680bf5f5434763c82c260cc8eb6855
Source/Base Application/System/API/Upgrade/APIDataUpgradeList.Page.al	25	a1ce14856272dd9acce5c1aabf4b3565afdb0d5fc4252f7b784969e4da7b5302
Source/Base Application/System/API/Upgrade/APIFixDocumentShortcutDim.Codeunit.al	25	8e311c1bb72e144a67440f3b255ad8e4e4bc1194b4faf7b15b312e902e5fde62
Source/Base Application/System/API/Upgrade/APIFixItemCatCode.Codeunit.al	11	815a463f783bc74b9077bd625308c4e9af1e0a84e62f2eec7f3482f1ab290634
Source/Base Application/System/API/Upgrade/APIFixPurchaseOrder.Codeunit.al	8	ad527ff2dc1c5d984c7d9ac52241ca3f3858320507f6cd0c63deadc06ae5996d
Source/Base Application/System/API/Upgrade/APIFixPurchRcptLine.Codeunit.al	28	7283fd3e314d4d15aaac105d244414871f0a62f099ce577eabd9dcbbde2d92a0
Source/Base Application/System/API/Upgrade/APIFixSalesCrMemo.Codeunit.al	3	aa36cbd44a5d89e5cc4b2200ae917bd2dda0cf7a411ebf93c331687a5b513363
Source/Base Application/System/API/Upgrade/APIFixSalesShipmentLine.Codeunit.al	28	c970652b0b06918ab04c6292aa19fe2d341b245e6262243e40fc88353985fc8c
Source/Base Application/System/API/Upgrade/APIUpdateReferencedFields.Codeunit.al	37	8a231596092a60dd6bf94ca92b4299e4c2b59a6b242c63b4458836829558218b
Source/Base Application/System/API/Webhooks/APIRoutes.Page.al	28	57840051cfca4828c3c278baf3f9e0160d093514cd38d3855dbabf5a3d4861ab
Source/Base Application/System/API/Webhooks/APIWebhookLogs.Page.al	13	0250dd6c84c5de70b96f18e9b7c8803413b52e8346158acb14f356b07d9613bd
Source/Base Application/System/API/Webhooks/APIWebhookNotificationMgt.Codeunit.al	515	63346946ce485fcea399b40f52054425f57ad618a09415996607a23c547211ed
Source/Base Application/System/API/Webhooks/APIWebhookNotificationSend.Codeunit.al	1083	2cac8d5980c83ba90497f4bb6a0f59f47d85996e0a3e9c6644c507dce115fdf2
Source/Base Application/System/ApplicationArea/ApplicationAreaLocalization.Codeunit.al	5	f81496cc3aca4147c7397868d0ed196ee1eebd0c78f63f93b62960ed61dd8534
Source/Base Application/System/AzureAD/SetupAzureADMgtProvider.Codeunit.al	19	d83cc9fcbd67c1b344a6d2ad3748317cf8f71e8bbbd113a40463e0b61c2a391e
Source/Base Application/System/ChangeLog/ChangeLogDelete.Report.al	59	90dc31fca97e6c05b553232b3f0dfdeff5ed6f6f0ad9cbe81f4dca5b547f558c
Source/Base Application/System/ChangeLog/ChangeLogEntries.Page.al	9	4321592e7a844c2e36dfe10f516d47ec4a293e804236ec6bb07dbfeca0d4038c
Source/Base Application/System/ChangeLog/ChangeLogEntries.Report.al	3	7c177a8a8a005279e55240e7733783b98de98aeb1b09598c25f7f93773d5408c
Source/Base Application/System/ChangeLog/ChangeLogEntry.Table.al	44	bca3e46be36cfdef75087e2376df87b0536926b50f0301d5492762ffedc4f020
Source/Base Application/System/ChangeLog/ChangeLogEntryDelete.Codeunit.al	6	01124ecc6350dc89f554980120a14f809062dc96673d26f38736c24d32aedc52
Source/Base Application/System/ChangeLog/ChangeLogManagement.Codeunit.al	396	b4949f4fbd4fb2c709408154219434cf0e41e3263a4e6b505f343d1b10a15b52
Source/Base Application/System/ChangeLog/ChangeLogSetup.Page.al	28	7476bddac415d1c480ecbbe9c6174f7ed0b027a1e90c60773580dc225e992386
Source/Base Application/System/ChangeLog/ChangeLogSetupField.Table.al	16	e8604ab012f899f74fa43efe65f4262d26d74664c76f5916712eee0baf8f8ae0
Source/Base Application/System/ChangeLog/ChangeLogSetupFieldList.Page.al	78	384842c8424749fbaa0e611a5095fb83a8858b2d5fcc43dc702bb733262b7113
Source/Base Application/System/ChangeLog/ChangeLogSetupList.Report.al	8	d17e66799d36503097cdab239b84d79c55e75b86a0e7c0e01da414d8d6fc6b84
Source/Base Application/System/ChangeLog/ChangeLogSetupTable.Table.al	57	b53ff1821a233b712d5925fa4ea5c700a66763b2cc5f3decb87fdefc84aad017
Source/Base Application/System/ChangeLog/ChangeLogSetupTableList.Page.al	120	62a8fe6888458f0446e6aab2cab25495a6b60631af1c0ac7b2b6116f14ee2e37
Source/Base Application/System/ChangeLog/FieldMonitoringSetup.page.al	15	6c125961e2d0393d8eca53db9922fbe96ce9600cee9b2841979283cfd3db21c0
Source/Base Application/System/ChangeLog/FieldMonitoringSetup.table.al	2	7e64ac7281b8ff2c5d73b3c4b7942c0fc8a6914e34843e7fa48e3fd427e7c611
Source/Base Application/System/ChangeLog/MonitoredFieldLogEntries.page.al	15	3a5c10b26572f60eaffd625b68dbdf5a52a8e159c6b7dd422c48d08684cc98b5
Source/Base Application/System/ChangeLog/MonitoredFieldNotification.codeunit.al	59	ca8137ec845b0f19d96236cb7ee0bf2f5730f8344557b754cc493e45a4d5c074
Source/Base Application/System/ChangeLog/MonitoredFieldsWorksheet.page.al	57	bce036be8fb4f4f28dae221916dc7fc41ef14dc92b151a2d98e3da2e8a21b1e9
Source/Base Application/System/ChangeLog/MonitorFieldSetupWizard.page.al	89	bb52e24473ecaad25323f2dfbbe51bfdad673faa7aead5aa86aa53a32a8fd58a
Source/Base Application/System/ChangeLog/MonitorSensitiveField.codeunit.al	348	335ded74a8945c4d9a10ce878ce01ddfd7fbb7bc41f4fb96ea1cf385e3577f79
Source/Base Application/System/ChangeLog/MonitorSensitiveFieldData.codeunit.al	93	5a36df9420f72913fe33a3a4f5545c448ceb02fcf6cabdbc4643c1625a05eb35
Source/Base Application/System/DataAdministration/DataAdministration.Page.al	6	d4b0eddbabe6764a41f3610d39da86de50539f47b36d9b0691eb9922bee3fe86
Source/Base Application/System/DataAdministration/DataAdministrationGuide.Page.al	108	42e3a673f1f54e92e7daf54f566919bd1830e077b278f417ca228317ea8b7070
Source/Base Application/System/DataAdministration/DataAdminPageNotification.Codeunit.al	29	95489bbf77f96b94e572aad1181d4e20e9f0acdec330fca8aff1ac16d8058a20
Source/Base Application/System/DataExchange/CSVBuffer.Table.al	169	9546010e9d946084d77e80af9bfbbb0b0376ee9ec7cfe9c2aad7a2a77565f1be
Source/Base Application/System/DataExchange/DataExch.Table.al	70	f1ddf8110bcbccc479715d17e784a626a524f1f507fa223146d4691b8a856616
Source/Base Application/System/DataExchange/DataExchangeType.Table.al	5	00aa9f90ee6d3142820b4172271f2a51c450acdc0af0998ee723d6850277fc64
Source/Base Application/System/DataExchange/DataExchColDefPart.Page.al	11	0c2b1bdf81d8bb84d9dfe23e8a13eb4bc84b2f1f2c911d27f1c638b3e7abb3aa
Source/Base Application/System/DataExchange/DataExchColumnDef.Table.al	130	68b3c1a28793aa972ca8c16ca8d51121bb501d9b8e6ecc01fc7b51b31c551607
Source/Base Application/System/DataExchange/DataExchDef.Table.al	108	76f70df3ee869549f5c9357528a35f46cc7abd929b6c8e919de827403863724e
Source/Base Application/System/DataExchange/DataExchDefCard.Page.al	36	203884a064e5b28d90a9848a77948a101cde387477e182742d0b27b16de68b10
Source/Base Application/System/DataExchange/DataExchDefList.Page.al	9	4d4d337752629624e77c966171d3658333ff0115a764c47af6864ab771016869
Source/Base Application/System/DataExchange/DataExchField.Table.al	59	3d98484cfef850f742f3b53111282cd88760412f86d7509bd76339daae425aec
Source/Base Application/System/DataExchange/DataExchFieldGrouping.Table.al	8	cddc94c80dc0e2ad1dbd7823240658e765f7b803441f9b78213f94b96e099ced
Source/Base Application/System/DataExchange/DataExchFieldGroupingPart.Page.al	22	2be5ed654fbbcf720026826f2dd4a9ac4e0dba5b5785e38e2f03ccb85ead026b
Source/Base Application/System/DataExchange/DataExchFieldMapping.Table.al	77	227c60a3e85adbf7bfc30e7931c3732c58c2f149afc7740a092310a0d1df1b5d
Source/Base Application/System/DataExchange/DataExchFieldMappingBuf.Table.al	176	43eea885ba6f996c231d53fb7edc96aa947730f1b89c70404392e56dcd50b797
Source/Base Application/System/DataExchange/DataExchFieldMappingPart.Page.al	22	6e3277f9f68dca2ec2f4b5422659a144c08e151e381f370db0a40d4744fa6ef6
Source/Base Application/System/DataExchange/DataExchLineDef.Table.al	44	d711a1557fffe6367b69ef37e33124d297adfe0c3f6ed98759c5b3efa4a8c947
Source/Base Application/System/DataExchange/DataExchLineDefCard.Page.al	10	e810f62b936930ae0b8e0ae18f2ff7b81744208a943b38fda89ca036b855e3c7
Source/Base Application/System/DataExchange/DataExchLineDefPart.Page.al	4	47156accff462026ae103c24e7a3963306e8b85e7858b58b3940b77cbba02cee
Source/Base Application/System/DataExchange/DataExchMapping.Table.al	104	ad34f0df92d73e9f9ddde5f1a651489153d97045f1a8cc030c6bd30c4480398e
Source/Base Application/System/DataExchange/DataExchMappingCard.Page.al	9	ac6218bf7eef333b67bec05e5392ad73692df44e9c459fc39a04a37969bfc76f
Source/Base Application/System/DataExchange/DataExchSetupSubform.Page.al	51	2d6494ac43a34bccc702f1973f9d5b105672e5147a24da7e08945d24adedac25
Source/Base Application/System/DataExchange/DataExchTypeSelector.Codeunit.al	80	56ba483b2625ee71a7654cbc65a37866e1396c2de430c9a30f4778cece5b6941
Source/Base Application/System/DataExchange/ExcelBuffer.Table.al	746	8db43a344a11b1e22f926e5c9e591611749dfc50d22498f4919d18b2914c488f
Source/Base Application/System/DataExchange/ExcelBufferDialogManagement.Codeunit.al	16	262a01194067c2633250986cae981ea8596840634bffa805fced05cdfe06390b
Source/Base Application/System/DataExchange/ExpExternalDataGenJnl.Codeunit.al	15	7f36e0ccfebe89cd59700ca29cd873e16b75a32e224cff2a68000254a20c3157
Source/Base Application/System/DataExchange/ExpLauncherGenJnl.Codeunit.al	21	c81ffe0fcb8021df978d1dfc4f93bffddcc3202d0e17860b92fe5641b6df8204
Source/Base Application/System/DataExchange/ExpMappingGenJnl.Codeunit.al	16	09d3dbdb6e019102caff600040edd89a34e43dbc1fe78f61c7d86628b1b95783
Source/Base Application/System/DataExchange/ExportLauncher.Codeunit.al	26	0c93b0c32aae08b8af43881c8a74da7d30ff0797d1fac8ce139e43b1814366b4
Source/Base Application/System/DataExchange/ExportMapping.Codeunit.al	129	cb448d7ecba4915dda50d222220923df0af0ad12c01a88d8911a0c6daae15ae4
Source/Base Application/System/DataExchange/ExpPostMappingGenJnl.Codeunit.al	19	3657252bbd76fab38eee6c64ee631f134cf20b0eeec7de8445c7913e3cbbd4fd
Source/Base Application/System/DataExchange/ExpPreMappingGenJnl.Codeunit.al	81	a7845a4cb9be3acba31d92a54b204d4ea304461a9cb4926f33583ffad9e3ec97
Source/Base Application/System/DataExchange/ExpUserFeedbackGenJnl.Codeunit.al	86	69de0df906255c39ee4747fd710531fbfa901f40621077c2d5cba06f6657f425
Source/Base Application/System/DataExchange/ExpValidationGenJnl.Codeunit.al	11	d5fcc9b4190d39e174ff63f18c414460d4811eb321892bdd464b4e2d5ff8e8bb
Source/Base Application/System/DataExchange/ExpWritingGenJnl.Codeunit.al	8	0d70a48b0caa7f83ba5896b8a7e775f83cc937a01a9aa18cad910ffa387423fc
Source/Base Application/System/DataExchange/FixedFileImport.Codeunit.al	42	ee2ec98e325e373df5d7bb8911b12400c9f986344ebe300e7f91931492aaff58
Source/Base Application/System/DataExchange/GenericDataExchFldMapping.Page.al	10	fc4a01fddd5d7b7a08021cae8da334d081cbec07776f193e421f5140d5d8e019
Source/Base Application/System/DataExchange/GetFileStructure.Report.al	19	5a5f5ee54de052884e30757163ef0eb3f98a72fd84f8c67672ac409329fb0560
Source/Base Application/System/DataExchange/GetJsonStructure.Codeunit.al	32	cf7c904d04e4d25b7ecd12327ce1345e9e8c9f3bfc45e71bfbfc6dab7c22e367
Source/Base Application/System/DataExchange/ImportXMLFiletoDataExch.Codeunit.al	121	1aca2684c7beecffa77a47b98f6ae77b754837fd8e90b8a736688432075e2e86
Source/Base Application/System/DataExchange/IncomingDocwithDataExch.Codeunit.al	51	28dd9760ae75b99645a4d5c04f1fc2c5228edb7e975761b96c21d209900105da
Source/Base Application/System/DataExchange/IntermediateDataImport.Table.al	42	81b7c3d81f498c92c6887953cfa1008c80a7a8069bd7b68bc875ad3711d07e77
Source/Base Application/System/DataExchange/JSONBuffer.Table.al	100	f4d779f9bf55fe775a3e61942e0d19ec3c17c5a4653fe7848fcd5d0d08bb5b46
Source/Base Application/System/DataExchange/JsonTextReaderWriter.Codeunit.al	67	5f6d1691d5ee7286324ac1c81f57d9a2d2edd6a3db558c20e952359bdf2234f8
Source/Base Application/System/DataExchange/MapDataExchToIntermediate.Codeunit.al	76	43c942c3731b2af178078267cec960565a1482cf116f77cb8fcc6526dc5ff202
Source/Base Application/System/DataExchange/MapIncomingDoctoGenLine.Codeunit.al	153	ee1d13b0b18bfe717b9b37b1fad5ab8edb3ab14fd38bb5bba101511bb1722f75
Source/Base Application/System/DataExchange/MapIncomingDoctoPurchDoc.Codeunit.al	390	16433addaa3a96cb9451ab35c1e04c070e4702b489481ef47b2ea99bdccd1027
Source/Base Application/System/DataExchange/PremapIncomingPurchDoc.Codeunit.al	996	12fa7265402f7b431e2c0a18f7b1e3fd39dca261ca258bba3e83088ffb376b83
Source/Base Application/System/DataExchange/PrePostProcessXMLImport.Codeunit.al	113	a701b1c6147205c7c397f50f3446c8d06d1b503ed0f63cd6219615c7f2f5d34b
Source/Base Application/System/DataExchange/ProcessDataExch.Codeunit.al	185	02bfbfa6e642c2dc6f719c27eaa734e0204494d6d8ae497af930ce1ecd44bd17
Source/Base Application/System/DataExchange/ReadDataExchfromFile.Codeunit.al	12	2602d2f804484e0b5f26a12ca099d56186f93a77b850051ca2803ac2fa60df55
Source/Base Application/System/DataExchange/SelectSource.Page.al	11	702cffd76b9ec16d4a2aa0409112e40355de57fe5f9fd61d1a0482a723f08e1d
Source/Base Application/System/DataExchange/SuggestColDefinitionJson.Codeunit.al	25	392738f0b7d14212de19b59bda7d39011f8119a1081d78b91344fa437d0719d4
Source/Base Application/System/DataExchange/SuggestColDefinitionXML.Codeunit.al	25	5943a98e913d08c5c14dca76d4d259eb436cac5fa2d5d8812bd5125b18e25e55
Source/Base Application/System/DataExchange/TransformationRule.Table.al	261	1d8a525fdab29961688dffdd709f1ede2d80af6838211632792488250916ac1c
Source/Base Application/System/DataExchange/TransformationRuleCard.Page.al	21	7abe0dc3085f64fe392fa95048465cc6f6419cab73349991b7681381c3a0a9be
Source/Base Application/System/DataExchange/TransformationRules.Page.al	4	88758ddb24bbf9f0b766bb1541a259e49f6044cb8b4a3b9b915e770be0e308f1
Source/Base Application/System/DataExchange/Transformations/TransformRuleBasic.Codeunit.al	16	4b9ca94bacd57dc8f8f8661e77c3bc676216bdc7b74dfa84292b0526a190cd4d
Source/Base Application/System/DataExchange/Transformations/TransformRuleCustom.Codeunit.al	6	3c3b60d75ac09e9d52d356b697942417c07b5148724989a31a559d806aaab996
Source/Base Application/System/DataExchange/Transformations/TransformRuleExFrDate.Codeunit.al	9	e2f8b0191367a9e8dddf6d8cc665d8e78ff3cc9830ae430faab25bf0d88b7a79
Source/Base Application/System/DataExchange/Transformations/TransformRuleFieldLookup.Codeunit.al	19	03ef61000f51cf6b001c2d66d096b520b95c3818645627da2a21466f884561f2
Source/Base Application/System/DataExchange/Transformations/TransformRuleFormatting.Codeunit.al	49	f9ccd1e8ba84d9e3eb2a910a3e3590ebfb9472e6fae0552f5e718cda0ed3b2f2
Source/Base Application/System/DataExchange/Transformations/TransformRuleMatch.Codeunit.al	23	4768cacd370eeef538096856868e75e1d2a7c4da022f79e02e6170966aa6c73b
Source/Base Application/System/DataExchange/Transformations/TransformRuleReplace.Codeunit.al	21	dfd3b1d19242cba717a9d8ed91191c099b1f6b7dbf2b1d15fd2f4c49b94da687
Source/Base Application/System/DataExchange/Transformations/TransformRuleRound.Codeunit.al	11	63317f472d02807d4730de4b22456c18ae0aafe1a5f71370720e7d3318fc6279
Source/Base Application/System/DataExchange/Transformations/TransformRuleSubstring.Codeunit.al	96	dad292b2c5119770b52fb82f1a56bcf76312c7a2727cfee2bb567341d5ac75da
Source/Base Application/System/DataExchange/XMLBuffer.Table.al	184	4493394472128333e8b32422622b43b11ca005ce350ce32515155d232d12e3ae
Source/Base Application/System/DataExchange/XMLBufferReader.Codeunit.al	56	97ba38781544fbeaee3078450a4700dcfe24b64c14298c9a99a30982cbea49a8
Source/Base Application/System/DataExchange/XMLBufferWriter.Codeunit.al	278	976517ec070b5cb38058427a3f6bc6f6a2c1cbcbab6faa51820e6e0daf7b358b
Source/Base Application/System/DataMigration/CustomerDataMigrationFacade.Codeunit.al	425	9a54b76e28461875fe8e8edfc9b9994a69975e7893428946963937481d01d531
Source/Base Application/System/DataMigration/DataMigrationAbout.Page.al	9	4996d00fb9003a3622f2c802edee879af2ef07622f5a82e8d1f86476c14793d0
Source/Base Application/System/DataMigration/DataMigrationDelGLAccount.Codeunit.al	155	98d97814918ba151571d54317eaef9844127cafbe7c31e5f572f9c184a85755a
Source/Base Application/System/DataMigration/DataMigrationEntities.Page.al	31	0f860f9a57c18b47ab1b8f3a5a84c0bd8920a01acaf9a72a4060895dabb7f884
Source/Base Application/System/DataMigration/DataMigrationEntity.Table.al	23	e97bcf54b545610f708ea402197abecdd0ae815b37953bcea5989f26f07de9e5
Source/Base Application/System/DataMigration/DataMigrationError.Page.al	70	c954d45a045aa5834524c8a1d41326d8cb77c988b59b4675924c318fa9b89335
Source/Base Application/System/DataMigration/DataMigrationError.Table.al	109	6e42a7a1f0297a034073993c13f98c4d28cbb58b67f683b0f290e7c79f1117aa
Source/Base Application/System/DataMigration/DataMigrationErrorLogging.Codeunit.al	31	11cabd2126daa7458cdd4923422352d338f6e84e3115a8a4adb09e7beb349ee2
Source/Base Application/System/DataMigration/DataMigrationErrorPart.Page.al	60	666714b5e22c94bbce28d2ba6e743546517da2b3909ecc32fffbe1b04f125e81
Source/Base Application/System/DataMigration/DataMigrationFacade.Codeunit.al	23	16e6a2b4a235a9b25fbefcc4df30f2bbbf0bd91b958c2f5978fc69facd8d4f75
Source/Base Application/System/DataMigration/DataMigrationFacadeHelper.Codeunit.al	352	637d8b659cfeca1b93f9747d6fa92fdb30f301f66a80e1fb48e61825ee3d88ad
Source/Base Application/System/DataMigration/DataMigrationMgt.Codeunit.al	423	5ea033c69364a0da300719810ba2fe8617a7ed86802c88129c7dfd40d9d4222a
Source/Base Application/System/DataMigration/DataMigrationNotifier.Codeunit.al	97	1bf2aff36ae83ef4a9d539b8892d5074677ce1c8c7483de2d45dcaa24caa82df
Source/Base Application/System/DataMigration/DataMigrationOverview.Page.al	148	ada3cd76916f340cdc4284395b788356a1f016754926633f6b57e1efde1baac9
Source/Base Application/System/DataMigration/DataMigrationOverviewPart.Page.al	148	197b68f0a38a99e5684213b98a4321e497bea444915b5a8786610eb39e5f1fd5
Source/Base Application/System/DataMigration/DataMigrationSettings.Page.al	6	a4bb0217ac8b87935bdbda51b7de6eeaf650be5822e3fa344815f7f5266ade3d
Source/Base Application/System/DataMigration/DataMigrationStatus.Table.al	12	f2b186bf095d339f83a49d02d9271fc3292b049ae192e11d23947b063ab98bff
Source/Base Application/System/DataMigration/DataMigrationStatusFacade.Codeunit.al	59	33e0fc2ca63e889d4bf25709662b54e3f3198001d539b8568f2593559b153a5d
Source/Base Application/System/DataMigration/DataMigrationWizard.Page.al	300	d1b373927fed88ec20ef2520936deb8018c6d0314edcaf084630ae0d4175ac1f
Source/Base Application/System/DataMigration/ExRateDataMigrationFacade.Codeunit.al	23	94fd65505a5d7b7ae88b7d48f6c0e9ee91b421b466b29ff70f65d3ff5283a542
Source/Base Application/System/DataMigration/GLAccDataMigrationFacade.Codeunit.al	345	d9596ebab4b289606e419cd0f86359fc0a2a6f5a994e95665a4e5979db6538cf
Source/Base Application/System/DataMigration/ItemDataMigrationFacade.Codeunit.al	605	0a738e503561aab675cd00b132348397f1539adbc55ecd6151868cecb15cd0ec
Source/Base Application/System/DataMigration/VendorDataMigrationFacade.Codeunit.al	392	fe83cef7e46507bbbf6f4e0d93541a738f5a552515d8c2ba230f54131f5a7753
Source/Base Application/System/DevTools/CALTest/ALTestObjectsToSelect.Page.al	13	56456fd06209dd5ea71895bad1a267e328d3154565777ee38f2383bc81a57210
Source/Base Application/System/DevTools/CALTest/CALTestCoverageMap.Page.al	14	204bb143b276e92445f01c28f18659e9b56e16f97399a3a4c49bf86249224490
Source/Base Application/System/DevTools/CALTest/CALTestCoverageMap.Table.al	9	cce7ea91d983a0cd901bc7fa512c97ff568ef26bb30661d94e2a348ac4c88830
Source/Base Application/System/DevTools/CALTest/CALTestLine.Table.al	161	db2ffef68a99a36eda4c5646e72a1739ef5fdab3be07ef8a3adab77b25fac09c
Source/Base Application/System/DevTools/CALTest/CALTestManagement.Codeunit.al	347	b3f0f59eac2c55d5b36f3b163f259607efd7e7cea9fcbd112a42e3daad850765
Source/Base Application/System/DevTools/CALTest/CALTestMethod.Table.al	8	12b81b61f2a3920626a49c00ea75ad6b845d680097a8e0c8f277478719ece0df
Source/Base Application/System/DevTools/CALTest/CALTestMissingCodeunits.Page.al	7	ad01fc50e9efec3ad42878d3cf4b44a67009202c69a0edb4f703cef70df879a7
Source/Base Application/System/DevTools/CALTest/CALTestProjectMgt.Codeunit.al	58	7f452e455e2d570648ac62caf31dd2d2021490adaf17afb38cb003d255521ab3
Source/Base Application/System/DevTools/CALTest/CALTestResult.Table.al	54	b116191cdd160c77b39d5c2590f059061fc1e7d3e6b1385fdcf865c1a60717e0
Source/Base Application/System/DevTools/CALTest/CALTestResults.Page.al	13	01b48f0caca1a08f020ba7cd302f6b64462ef40c6e4a40e7c31b31a73cc1b401
Source/Base Application/System/DevTools/CALTest/CALTestRunner.Codeunit.al	211	be07fb1f7fe0aa0474c3e6f372186c57af4cddbb07cb9c81c992f71b94169718
Source/Base Application/System/DevTools/CALTest/CALTestRunnerPublisher.Codeunit.al	2	c11390840ea8b45ae87cfd8e8bf68401901b2c35a4d8010e5501bc37e1725659
Source/Base Application/System/DevTools/CALTest/CALTestSuite.Table.al	34	a9e560d91fbfc1c1105861daa8e1a4f0c4b01e181470c426476e3a3fc48ad877
Source/Base Application/System/DevTools/CALTest/CALTestSuites.Page.al	16	bd6358f021bd7444bd402759ec71f742e189a6f7b4b7c70f555b480583b8c491
Source/Base Application/System/DevTools/CALTest/CALTestTool.Page.al	127	232f6ce56441d412f85fc6509c1089ae241d2060e1afcb0009bfa3b4ef659b2c
Source/Base Application/System/ErrorMessage/ErrorMessageExtension.TableExt.al	23	9f023462868c369decdbc0e7cae7cc15ced6e9f6b21371e78712a0bd34bc37fc
Source/Base Application/System/ErrorMessage/ErrorMessagesExtension.PageExt.al	15	ea51eb94c61e485458bbf1771fe0eb341442fb9546e55de2eeb3008395d2c6eb
Source/Base Application/System/ErrorMessage/ErrorMessagesPartExtension.PageExt.al	5	bfd6c68c1dc666e21c4e9d65c8f4791eed6b2b9d31055b3a6d807bcce712ecf3
Source/Base Application/System/Exchange/AddinDeploymentHelper.Codeunit.al	19	89a1ec91cbf06ed2f1aa7db223e3d86ec331058d718130cfc7d52519dc49a80b
Source/Base Application/System/Exchange/AddinManifestManagement.Codeunit.al	249	b07600bdf1e2e8babfd0c2141e9223abdffb2803ab9b1e59502c47c54c018c19
Source/Base Application/System/Exchange/ExchangeServiceSetup.Codeunit.al	9	57dc4e9973c022e13631e3b1ca361aee45920a90903e6168774daf8c5d2e92c6
Source/Base Application/System/Exchange/ExchangeWebServicesClient.Codeunit.al	292	d1a505271b10460e2e855cf29312ec9c6cff4aea6a339bc1bfc454e4513e615e
Source/Base Application/System/Exchange/ExchangeWebServicesServer.Codeunit.al	150	4ddb343e4ce059562b96ee10db1c1d0fd2eb944e9d6040f705cf79438f774c12
Source/Base Application/System/GenericChart/ChartDefinition.Table.al	27	6ac4c7645b8a700f632877647f96dc050a4df5cb838db46bd1d10fbc578dabc0
Source/Base Application/System/GenericChart/ChartList.Page.al	25	bc73e1757c62b258a8bfd3a307df833fbc73e70f3a0fcb01a0c2202712a6d358
Source/Base Application/System/GenericChart/ChartManagement.Codeunit.al	224	33983bd339f2321c84dbcdb3947cd9f07c63ec0a353dc13417ea3a629cb157dc
Source/Base Application/System/GenericChart/CopyGenericChart.Page.al	13	0c56140bb656c2d666f968a65d58756abef04fa13d540912a77b19ac8b6dd58c
Source/Base Application/System/GenericChart/GenericChartCaptionsBuffer.Table.al	14	89f7a3104d80c4a2cba17aabcbc56f03e2ee2c611edc099aca8c667a2b55ecd5
Source/Base Application/System/GenericChart/GenericChartCustomization.Page.al	364	342079df2ae44ae32aa9edca9b6b28af52aa9501aea535d71088e919761e6721
Source/Base Application/System/GenericChart/GenericChartFilters.Page.al	25	d87186c4a8d76bab8f36dbc91a9e11e89eaf8956dad924d83c5754c65e219ac4
Source/Base Application/System/GenericChart/GenericChartMemoBuffer.Table.al	32	d32dba17c3219fe6a3223eb4a6529029f49490456e6dc9f1f34ee0787e601072
Source/Base Application/System/GenericChart/GenericChartMemoEditor.Page.al	11	fa39eb14d646e59d40723e65e4f157a312f9f6f81a55cab3a9ccfdf6eaf25883
Source/Base Application/System/GenericChart/GenericChartMgt.Codeunit.al	548	764fe171f1bcdf00b2d868a751ff9f3ef408248885bc21d8b0d670b0775a1734
Source/Base Application/System/GenericChart/GenericChartQueryColumn.Table.al	20	48c60298b84347d804556f422d395829ec354e26e1fe052ed3e9616a91ac9cd8
Source/Base Application/System/GenericChart/GenericCharts.Page.al	31	0ee9e6931182c121bcca5644cebb9e9c6d860dcdb2c83a08b40f8995b9842d23
Source/Base Application/System/GenericChart/GenericChartSetup.Page.al	457	3405466e44007d7e9f72354c4b6f5c6053d7a245977d52a1ceaa46298bda41ca
Source/Base Application/System/GenericChart/GenericChartSetup.Table.al	2	b26484d40ad80df638c16bce81967a200715458a4374d87b28418014f4cf0f84
Source/Base Application/System/GenericChart/GenericChartTextEditor.Page.al	6	b41ebfb5d8a7abd03e2ae4e0a09194985653fe7cacb9ca02fffb77112826eb37
Source/Base Application/System/GenericChart/GenericChartTypePreview.Page.al	46	a789c429a7345246df65f66ca31a9300385124c4fbfb370beb6ed24090694891
Source/Base Application/System/GenericChart/GenericChartYAxis.Table.al	2	253dbc015127adb1ad0ca0135fb1c91b45772c11819ed4e2ac8f9d6d28041573
Source/Base Application/System/Headlines/RCHeadlinesExecutor.Codeunit.al	38	ecc9a31da7c2dcb30db0f45e0ed22b07913e03501dc3102438caf4954bac0575
Source/Base Application/System/Headlines/RCHeadlinesPageCommon.Codeunit.al	46	ebd70c4349d00f42a287de373ce8bd7e2bd91a0e121d92fb3ad19632c67bee37
Source/Base Application/System/HttpWebRequestMgt.Codeunit.al	251	4fd2ca5f141fdc3f2a9794d4f0d6a5da6d549ccfa85ef99b13d69d0cf6a0dd43
Source/Base Application/System/Integration/WebhookManagement.Codeunit.al	86	516f208b0d0c61447ab512e20097bb08a1f683021d777a8b76648fed1c6c9643
Source/Base Application/System/Integration/WebServices.Page.al	19	c71985ddd33113db32b87f6bf0201c3ca4ef6cc9f7af9e7c4914f1628f3391fb
Source/Base Application/System/IsolatedStorage/Certificate.Page.al	118	061450e7e39900f658bb2481af23a4eaade48d89dfe775f57a49c1afa1f66217
Source/Base Application/System/IsolatedStorage/CertificateList.Page.al	9	61e215dd0ab07eff954947e56cef2fec5f80b12e74b72673eb78c5f31fcc947c
Source/Base Application/System/IsolatedStorage/CertificateManagement.Codeunit.al	127	90a8ae9acc522d630cd06862142002fb3275d26835acc53d27c65799c7757149
Source/Base Application/System/IsolatedStorage/ChangeUser.Page.al	3	7bf00b8a2dedad301906013fc38faffeb2fe870971d942c1883f7d36b185e019
Source/Base Application/System/IsolatedStorage/IsolatedCertificate.Table.al	31	b026968f9b825c629a5e66502136fddded6ccde9eb2ef8155ffa18ae898d0884
Source/Base Application/System/IsolatedStorage/IsolatedStorageManagement.Codeunit.al	22	e318780a10cf3a24a0f9c0405ee7bbf6a6fdf3d883e3d910c826d09408e54b1a
Source/Base Application/System/JobQueue/JobQueueEntryExt.TableExt.al	48	faa099e37ae7414f4e573887606265fe99c3ac298eb39cd0132fa7463870d516
Source/Base Application/System/JobQueue/JobQueueStartReport.Codeunit.al	95	da1bb0a06fe523de10307f199f6bc711078c1b1f9550be5ac6a2bf32bfeafefb
Source/Base Application/System/JobQueue/ScheduleaReportExt.PageExt.al	9	bc1c177dd097898bb91cad09afcc72f3707529e2cb6e309cb0745ebefc3c5a1e
Source/Base Application/System/Logging/ActivityLogExtension.PageExt.al	5	024fa1b17280f0aede639c376af316fc3a54f3410da4d2685050a28ca17ee85d
Source/Base Application/System/MemoryMappedFile.Codeunit.al	41	c55b24abd54e5c36b24ee8b87ca259df79b3ddaf00f2694249bc684e8ecd57fd
Source/Base Application/System/MemoryStreamWrapper.Codeunit.al	24	a2d566fb6ac8a51fd7d51740a68577fc40ff73a6fd313004cf77277144546c71
Source/Base Application/System/Notifications/CreditLimitNotification.Page.al	11	a117acd4942556f14a9e597bc6ede475d0723dabc8331fd157d95db3c99b8432
Source/Base Application/System/Notifications/MyPlatformNotifications.Codeunit.al	22	db70b0b315529a29c071beda6d9299049d24f7c7f7d9a9e565a52fd7ba91f710
Source/Base Application/System/Notifications/NotificationEmail.Report.al	206	b94f8f46b9651ae69dd7d9be280605d62067af610259c00483ac1a6ae5c2086d
Source/Base Application/System/Notifications/NotificationEntry.Table.al	43	ede0d167d9543cd9f5a83c97b8d0f5b20323af9065f3a337ddcde0cd9468866d
Source/Base Application/System/Notifications/NotificationEntryDispatcher.Codeunit.al	240	b8977de465f4c22afbcea6bcd37a364588ab2fd6b635629b406cd88053650329
Source/Base Application/System/Notifications/NotificationLifecycleHandler.Codeunit.al	230	705e06f520fda666110ced267b851596f065028c88d74756253b1283118a131b
Source/Base Application/System/Notifications/NotificationManagement.Codeunit.al	142	c07b22eca156eb88c021b3c5a34a5472541151ef8fc9ce56e1b365d283412de9
Source/Base Application/System/Notifications/NotificationSchedule.Page.al	11	13b0ef518a5282515c15971ecd0410f269738f562766502b035010db3bc1c609
Source/Base Application/System/Notifications/NotificationSchedule.Table.al	155	6a94e5ff4532f0a2f06b1554435518bf5765192b2617ef5479c959ebec69dd80
Source/Base Application/System/Notifications/NotificationSetup.Page.al	4	9acbb49e2feb24d47e9569a2c629ad2e526c7a6431aeff071e46bf42f641f68c
Source/Base Application/System/Notifications/NotificationSetup.Table.al	12	0ff069d3a656ced3e9ea55ed4ba3ca84229e98f11b995182390c63bc8d376857
Source/Base Application/System/Notifications/SentNotificationEntries.Page.al	3	56138988d4130df3894b9726a57ab1d80f8b2f04e70525c22799c5e11f404803
Source/Base Application/System/Notifications/SentNotificationEntry.Table.al	27	3ab286b4b6b7b9ad0f8ba417ddbefc8b28a4195bd67543416ffb0432e0222c9a
Source/Base Application/System/Notifications/WebserviceNotificationMgt.codeunit.al	18	79aff4a4009dcb18ca596e86feffb8f6f360a67e6a5892a87178b236f79f5b9b
Source/Base Application/System/OAuth/OAuth20Mgt.Codeunit.al	449	7403507c8b24fd637c7062c5e5d686dc709cf40c38f5ab5c9caaaad7b47256cf
Source/Base Application/System/OAuth/OAuth20Setup.Page.al	30	39556af207b1642a35131d56415db6c7aba6c2388a540694e063612cf79c1bcf
Source/Base Application/System/OAuth/OAuth20Setup.Table.al	74	76c94fcc90dbb9d6e904c60619abb7a41586d00943ceadf48ba6208bad0779b6
Source/Base Application/System/OData/ODataActionManagement.Codeunit.al	31	936082cbf133fa9033c5ea220acf13bef3a29704c4028be92ff72f3d4d7b27b0
Source/Base Application/System/OData/ODataColumnChooseSubForm.Page.al	111	a88dd009ae709d91a073449ffb8e6f0e4ad7266ddbdbce1e6b0712f7c9c2f637
Source/Base Application/System/OData/ODataEDMDefinitionCard.Page.al	15	24d413efe28befbb4c2ce7cdf4acc89e9bd28762563ad010eb0307dbffff6cca
Source/Base Application/System/OData/ODataFieldsExport.Page.al	24	b50248b0a9dc9159981235e307afddff29d52244f8a6ff450a6302db16a44f79
Source/Base Application/System/OData/ODataInitializer.Codeunit.al	32	6ef5b94d3be9289505b8450d70232f78234547436e84258dfdccbd991b7ebf0e
Source/Base Application/System/OData/ODataSetupWizard.Page.al	516	c82ae62f512059e34a9cfb5aea5e69d841fa88177fa114548ced85bf1bc56bd4
Source/Base Application/System/OData/ODataUtility.Codeunit.al	401	e63bda0849f60273deb581b90ce1ba616fc57cf71496bf19d5894764e5740df1
Source/Base Application/System/OnboardingSignal/RegisterCompanySignal.Codeunit.al	9	13723761fdb4588a786787c66e4c773c97c54496431615dec1514d6ad9610055
Source/Base Application/System/OpenXMLManagement.Codeunit.al	341	8059c37ab23252db7dc9c6989ca39d63de7b38ca9fc54f7d46d8c6aae2e98fe2
Source/Base Application/System/OtherCapabilities/Chart/BusinessChartBuffer.Table.al	215	c3a8c69162a1afa0d00bcb481b12d8e30f5983117e49378565f26db610e684c0
Source/Base Application/System/OtherCapabilities/Chart/BusinessChartMap.Table.al	25	32f54292b54a47f9fda41409fb2ae8a0b57465a0e3188ee78248116a67caf154
Source/Base Application/System/OtherCapabilities/Chart/BusinessChartUserSetup.Table.al	26	567397b3c45c7ce00a71ec5b5a6910cb967dc80b16d753dfd3a9e3ca00486bfe
Source/Base Application/System/OutlookAddIn/OutlookAddInServices.Codeunit.al	109	f04af262596d848d365fe999ca21baa92213bdadb84a9b195067153ac4abe931
Source/Base Application/System/Permissions/AddSubtractPermissionSet.Report.al	258	e100564caf431ebbcc187fe5339696ff3eb580d19c9bf2440be5a84eac774605
Source/Base Application/System/Permissions/CopyPermissionSet.Report.al	45	e761e5151ae827eab9464f94be2483869d652a5f3fff53202dee5e7aa512aff2
Source/Base Application/System/Permissions/EffectivePermissions.Page.al	96	80c532a35933af8036337a9497d2f242ba997f3a94769cfaf13475b85334a4ee
Source/Base Application/System/Permissions/EffectivePermissionsBySet.Page.al	79	5a4c07e1a6356a2d488f0040ee725047c921a8a2f68ce551ffc68304d25fb087
Source/Base Application/System/Permissions/EffectivePermissionsMgt.Codeunit.al	503	ac58cdb0652f3f9f36e4876e20511379448bd885111def638e5e32236422dae1
Source/Base Application/System/Permissions/GetLicensePermissions.Report.al	11	3394cadab79f4146307a43ecb6539635181f22815897c2fde4c55178a0f673ff
Source/Base Application/System/Permissions/PermissionConflicts.Page.al	46	612aa7dca70744bc93ee7b4ca04621069a0d38b517e1d6af73814d02cdbe403d
Source/Base Application/System/Permissions/PermissionConflictsOverview.Page.al	126	4cea0442315c4c6893946e5cfc3a9e0ec88b726a1a3df421d168b1d6c36bc092
Source/Base Application/System/Permissions/PermissionPagesMgt.Codeunit.al	141	dd9c71c8aeda70810e61579c7f349e279ac0a288bc86c43ff266a4c4ec0c16e8
Source/Base Application/System/Permissions/PermissionSetBuffer.Table.al	44	538e396ccc943f73ebb47be9d12028d940306a77356d53514579070b17ee13ce
Source/Base Application/System/Permissions/PermissionSetbyUser.Page.al	132	dedd81576fbe5c06e4d7d11487a2e752cddbbd05fff87c39a0db52e65d9cb672
Source/Base Application/System/Permissions/PermissionSetList.Page.al	13	e3c9c5e5c518930305b73e075124fbe00ab4aa773b6d78a75ef77385ebb11bba
Source/Base Application/System/Permissions/PermissionSets.Page.al	217	5aaf7f9ff45342c2f35b6b823eae485ae2d8921c8e38bbf1b9182664af0a559d
Source/Base Application/System/Permissions/PermissionSetSecurityGroups.Page.al	9	6d63c8461b0d247da3d8497b87d0ca8fa64816c9b4fbe830d832aed8afbe1024
Source/Base Application/System/Permissions/PermissionSetUsers.Page.al	9	f32276392f8b83374c40b00776e8e7758f6258f815f477893b8607d8881b8cfd
Source/Base Application/System/Permissions/PermissionsOverview.Page.al	247	9799c0c574c08a6bc3116e842c72c7963350288adcbbbbd79f0fe076d67e9d96
Source/Base Application/System/Privacy/DataPrivacyListPage.Page.al	37	f9f2f556d576735da18311262ae3a42c89e3bf1d92692e1409b5c01227cea6ac
Source/Base Application/System/Privacy/DataSubject.Page.al	10	3f42a928fd109353e76b90f698876c15c774c14e4f801bbdc51485b3966fef48
Source/Base Application/System/RapidStart/AutomationApplyRSPackage.Codeunit.al	15	4da19f2deb0017e6543a902d47fd3d838cf890831fb1c58bb674c49af1cd50c6
Source/Base Application/System/RapidStart/AutomationFailureRSPackage.Codeunit.al	15	460e6d36eb1df7dcc9307ac79ca68d42cee2aaabb46b0eb88a330d4f89edb66a
Source/Base Application/System/RapidStart/AutomationImportRSPackage.Codeunit.al	17	7821c02fba41f9a4c7f77cc713520a4c4680f5db3c69c60bdb70d9c75a12ec1d
Source/Base Application/System/RapidStart/ConfigAreas.Page.al	9	829904f52684cde0d07cb67acee2c1e8ebcd1fcf724518f73572ce79b58f5791
Source/Base Application/System/RapidStart/ConfigExcelExchange.Codeunit.al	543	9faab2366753ec66c10e5b0c89bf55bf13e5e49e46722ea3f97c1c03369a4972
Source/Base Application/System/RapidStart/ConfigFieldMapping.Page.al	6	a498759314975286347bf55a443186c08540bcd5a6d598f0a49ccf9e8e1845da
Source/Base Application/System/RapidStart/ConfigImportTableinBackgr.Codeunit.al	17	8f4b58a2dfff541c4f31c6fcf3e133e1ddcb9d5051f4a08de487108149ef8fe1
Source/Base Application/System/RapidStart/ConfigInsertWithValidation.Codeunit.al	11	595bfb1ef9027bb06be212ba7fc23a76f635060c9c3ad54a60d765481f34d8f4
Source/Base Application/System/RapidStart/ConfigLine.Table.al	214	48ad29755c36cc2f89c0d2f56a6ecc4c7a3065b62b75a4c350c26830b3bac5a4
Source/Base Application/System/RapidStart/ConfigManagement.Codeunit.al	470	4351ab254cf5bc629559a369b899d037d8b534ee78815abe1f0f56b1894110eb
Source/Base Application/System/RapidStart/ConfigMediaBuffer.Table.al	9	d6e5e8f0fe9b096ac00a5c31a786f2fdd95e51fa5e8fb130ad0dea8981ad7ccd
Source/Base Application/System/RapidStart/ConfigPackage.Table.al	20	188ea07267e8d78b3cb7e4aa99a23403a7b843f2314c069c4e4eaa91ccea603d
Source/Base Application/System/RapidStart/ConfigPackageCard.Page.al	74	f146cbf181e2ca12583869f32e679521d27fe94e359c560d9fe5346df0f8c7cc
Source/Base Application/System/RapidStart/ConfigPackageError.Table.al	27	46486ef46dc8ccea7a3f2d32c106872c958b3faf892b5fd855bd6b3d0d72f915
Source/Base Application/System/RapidStart/ConfigPackageErrors.Page.al	4	00f8cd7475667389fb49e5a688114671d33191c2c968cb38729c652821cb0a0b
Source/Base Application/System/RapidStart/ConfigPackageField.Table.al	123	8020138402c8673df96b3b4efad1eb477b197774329301d1a8592bb8774d17e1
Source/Base Application/System/RapidStart/ConfigPackageFields.Page.al	71	cce390344bf918467f83e6fd17e9f9ab02b04962d49a0786097ed18580b3e470
Source/Base Application/System/RapidStart/ConfigPackageFilter.Table.al	13	cc2fec059f260303a744eb6cb577bd7b837a5dede92fbb5fb8963146a13c794a
Source/Base Application/System/RapidStart/ConfigPackageFilters.Page.al	7	26ca79e0ae9708287a719e403588fb98b92f3e8f79f6e7e23068d62fa06de8d3
Source/Base Application/System/RapidStart/ConfigPackageImport.Codeunit.al	46	970774330e62279da0a8ef98db1dba8c95c88dbd14519ad7c7a571778d79845c
Source/Base Application/System/RapidStart/ConfigPackageImportPreview.Page.al	29	dd6971b3f92633f80c97d4b98cace1b697c7995be23e9bd63bcd95a3c38fa1dc
Source/Base Application/System/RapidStart/ConfigPackageManagement.Codeunit.al	1726	cbf72d74f71649b7a9071a59cde5546f774a0c085aec3f22c98ba4c8fff507f3
Source/Base Application/System/RapidStart/ConfigPackageProcess.Report.al	29	ae321539f878ea434f09d72027178fc302a2dd3a5674326265280b245c8bb7e4
Source/Base Application/System/RapidStart/ConfigPackageRecord.Table.al	38	d3fa990fb016a1bb196e27f3140a78ba30cc10669cf44debae944738e9a88989
Source/Base Application/System/RapidStart/ConfigPackageRecords.Page.al	534	fb8f71b313aeb973607da8891d2c58b369bbd6e865ff2e88139d7ce5aad8f02e
Source/Base Application/System/RapidStart/ConfigPackages.Page.al	90	eec0d02e3c3d53550f06cfc2afb5e21739900fe255138b293ebb20f03f7d43ff
Source/Base Application/System/RapidStart/ConfigPackageSubform.Page.al	80	45953bbcb7f875d3bb642d7003a06bf766e001c794d063e361a7d1c11d9198d8
Source/Base Application/System/RapidStart/ConfigPackageTable.Table.al	391	4f5ef83ecbb92a45e0f2d007896c221cfd6857b33defb42c4ee0dc99826a4f3e
Source/Base Application/System/RapidStart/ConfigPackageTableFactBox.Page.al	14	b292c63452a2e730094a3fea42e1e5ea34f8f7b985c60b13d398d629bb290d37
Source/Base Application/System/RapidStart/ConfigPackageWarning.Page.al	22	1c45f577c2018da3b62ffad6ade387c90031faa4bbbd06d138dd2ff8be808bfe
Source/Base Application/System/RapidStart/ConfigPckgCompressionMgt.Codeunit.al	53	670532792147ac8db0e3761aa070aeddb29bea1c1cc81ba827c308653f031ce9
Source/Base Application/System/RapidStart/ConfigProgressBar.Codeunit.al	50	d3bcf389b2355e266d3316afaf3ba24d484a6fe03d4364413735e0d6648d8844
Source/Base Application/System/RapidStart/ConfigQuestion.Table.al	76	4ce983634792e3cbea2c9bf34f62f10656356d37b07333470e34681f0e219237
Source/Base Application/System/RapidStart/ConfigQuestionArea.Page.al	16	e7741814c821b1471e4fa5a32bd0155bdcad2694064f72f31f9e1c2d5f2358ba
Source/Base Application/System/RapidStart/ConfigQuestionArea.Table.al	29	26cf0768e1b0af76019aa66ecff71f17ab87bd711376033f605adea16ebd0a61
Source/Base Application/System/RapidStart/ConfigQuestionnaire.Page.al	17	0ab14464409dc82e15d8d3a65dba7b45dbb3ca3424361f15cd0b0b8458b27d23
Source/Base Application/System/RapidStart/ConfigQuestionnaire.Table.al	9	d56b8d3034e85e38468547c562799067ad37333f0278be16f7f9e4f5c8143bb6
Source/Base Application/System/RapidStart/ConfigRecordForProcessing.Table.al	34	c30635a781b604c8fb89d29d3be7aec2c72655cf94728fc072abbce5f62d0ba0
Source/Base Application/System/RapidStart/ConfigRelatedTable.Table.al	4	8f2afbc927b904880fbef9a91630433cee440f010cea3c064e80428b7e8a3b81
Source/Base Application/System/RapidStart/ConfigSelection.Page.al	42	dbfe00c6e7bf320fb82435d949aabf13a207dc9b05dc614a86764eaa4c3e44ca
Source/Base Application/System/RapidStart/ConfigSelection.Table.al	15	3aa3083bcbaa939cc5b5a955f7cb15933108c6ace7ee12fb5864428cfe9bd11f
Source/Base Application/System/RapidStart/ConfigSetup.Table.al	149	c14b212ee88adf92e4d6bb31c45fde6ac86a9e70aba5a6692fab8c83c1c5fdbf
Source/Base Application/System/RapidStart/ConfigTableProcessingRule.Table.al	198	107338367f7def4b014449fecc59575455cf3e61945e870786a82f901f598b66
Source/Base Application/System/RapidStart/ConfigTableProcessingRules.Page.al	10	1147c4d8b6f061c44675b90b7ef798a5e129e6a0fc894ebb08c43fee787dc5ef
Source/Base Application/System/RapidStart/ConfigTables.Page.al	15	f898b086b19ce415e799c864260f09196677cdba3c1ab5aae73ceed0b7991d4f
Source/Base Application/System/RapidStart/ConfigTemplateHeader.Page.al	17	f54309ae9ab30cf4c8edb60cfe3eba0a49459d900b9ad2b8d3c5c8157461d095
Source/Base Application/System/RapidStart/ConfigTemplateHeader.Table.al	66	550cc3935a334d1f87f5c6a6d59bdb1bafb1399119a184541d05e71c887fb6eb
Source/Base Application/System/RapidStart/ConfigTemplateLine.Table.al	124	c9b0a73689753ae0a5a829f093807823d316dd0093d5a31f365995c92df2d9b8
Source/Base Application/System/RapidStart/ConfigTemplateManagement.Codeunit.al	368	1f149acde73e112ba6c1c1f18878b45bba0cff80bbcaebac74b4eee64df55c12
Source/Base Application/System/RapidStart/ConfigTemplates.Page.al	44	0b65d2dffce09f6b571d1ebb489a413c3d5722b94c3e83d0b479f7e1efbd4918
Source/Base Application/System/RapidStart/ConfigTemplateSubform.Page.al	2	17dae26db458035277f07454adde307216490566cc77b9fb058010517f2f4d60
Source/Base Application/System/RapidStart/ConfigTmplSelectionRules.Table.al	63	423b4f1a68bfabd244b412ea451ba12f23d6e96675202737028941a0972f8379
Source/Base Application/System/RapidStart/ConfigTryValidate.Codeunit.al	5	7bae22ca9341fbfd166dab55bcba6b5f26212a5b93ed34bfbdae830532f67e47
Source/Base Application/System/RapidStart/ConfigurationCompletion.Page.al	15	d40073cd0e0f567fe8c63d811ed050869e1b800e507ed28b9a6ba3132bac2782
Source/Base Application/System/RapidStart/ConfigValidateManagement.Codeunit.al	547	dd0cc70df449c60687097f1827001930b13659123bfebc043b99db333c788461
Source/Base Application/System/RapidStart/ConfigValidatePackage.Codeunit.al	5	9cfb45344163d02e6f5fba81d202f1207cfd0915c3636a1de8ff6db574484ad5
Source/Base Application/System/RapidStart/ConfigWizard.Page.al	53	8f34390411cc190983e8747a784bdf984b575510b1fa2e890c11867d4d300637
Source/Base Application/System/RapidStart/ConfigWorksheet.Page.al	172	4188d492f65c40a431d015f383d64825b79fc16a5ee2781eca3c8710739f418f
Source/Base Application/System/RapidStart/ConfigXMLExchange.Codeunit.al	1012	edc2e9058da6a428e2fc51d0d77243be678a5896099954a6ec52696c07b5febe
Source/Base Application/System/RapidStart/CopyCompanyData.Page.al	72	d5dde601d86ede4bf20a988f63bc68f76f18987a25f0e9c8993d4b31d6a5da86
Source/Base Application/System/RapidStart/CopyPackage.Report.al	54	806fcaa9fa6ecde3f411dba5c48f833e8486e9fa32e2817f797b76d6103f05fb
Source/Base Application/System/RapidStart/CostingMethodConfiguration.Page.al	19	9877e117252339e31d53ae0f109b399b1d43f0c373f70e79600caf9f993701bc
Source/Base Application/System/RapidStart/GetConfigTables.Report.al	10	6ff13002013d9fc9aa78b926716535ee08ed093c86b5a66bc434a454f4d88c74
Source/Base Application/System/RapidStart/GetPackageTables.Report.al	69	ae3cd51f13f600adc4d8d830a9d1bc62e3ee284b08302f3b5bc2de4073793572
Source/Base Application/System/RapidStart/MapDataExchToRapidStart.Codeunit.al	77	32040ad124a46523905eda50fdc72bc7ee856931ff86de384ee180d8d0e86cb2
Source/Base Application/System/RapidStart/QuestionnaireManagement.Codeunit.al	471	ab6fdc41ed36a508213339bb535f2da4b4ef02aafd2277b1cb4d5fd489042745
Source/Base Application/System/RapidStart/RapidStartServicesActivities.Page.al	7	6f446a6b27bcf3cfe264cb89a9570a18a3e29af31efd2c057b97fd04bd2b692f
Source/Base Application/System/RapidStart/TemplateSelectionMgt.Codeunit.al	31	8c3543871cc3c6dc3226fd86d1c8ec249c55acabed70cf754e80049eb119699a
Source/Base Application/System/RapidStart/TenantConfigPackageFile.Table.al	4	f389414fbb768f9d82d4f054058f3dd575e3065dc67e9f194b6cc4e8fc0a4cad
Source/Base Application/System/RetentionPolicy/RetentionPolicyJQ.Codeunit.al	39	ce87690e6c718c2f8427c3c948962b2f57a5b3c7655d9094516e9db72bbc6db1
Source/Base Application/System/RetentionPolicy/RetentionPolicyScheduler.Codeunit.al	49	2b7b4942eff7f186dc538129c9c8af3529dd4b6defa530be926fd8809609d232
Source/Base Application/System/Security/WSAccessKeyWizard.Page.al	36	790aeb08b6115ddadb6725b959081fb51fa6063d2c404c3b13350d68c58addc5
Source/Base Application/System/SecurityGroups/BaseAppSecurityGroupImpl.Codeunit.al	19	e544c8c3d6afd3767713e7a4d569090462fe391ae00d0213d0c7a149f6e0f723
Source/Base Application/System/SecurityGroups/BaseAppSecurityGroups.PageExt.al	2	313c653a441a27bef0a5c3ee77ab8a719a576bf57be6b9abb53a2387ca4ea6b2
Source/Base Application/System/SecurityGroups/Factboxes/UserCardPerfFactboxes.PageExt.al	42	750cac3ce8fef0b307ea0b4d247831f00a9eff420263e625c6457cab7683bd85
Source/Base Application/System/SecurityGroups/Factboxes/UserSecurityGroupsPBT.Codeunit.al	60	363509500131835d0fee92a2689ad73b938a937da840df9b61caf16c75b14585
Source/Base Application/System/SecurityGroups/Factboxes/UsersPerfFactboxes.PageExt.al	40	186c20917a8782855f2fbb38c02e0f7de07d17b2300136d8cc86c0c0ce7712f0
Source/Base Application/System/SecurityGroups/PermissionSetBySecGroup.Page.al	115	f8a0e4595608d0477752522f42c867a50ed1d0ea2fcd92ff9e1f06d11e87b093
Source/Base Application/System/SecurityGroups/SecurityGroupMembersChart.Page.al	37	24e28addc7e7a11303d63d43ba13db8201e3bf22d77b488d252ca44499623e79
Source/Base Application/System/SelectionFilterManagement.Codeunit.al	251	36663b8ddda8c39432e4599e03b3c3cf71d9841e104d2ae59ea0f97c4fcbb73b
Source/Base Application/System/SOAPWebServiceRequestMgt.Codeunit.al	196	ed771f8ae8b19f222eb3de2eb3a50b81274b2cde5d93c84690a4e3c4d027c599
Source/Base Application/System/TableFilter.Page.al	205	130d32e26858f7fef39da3f1a96c08561f8c14465db08eb3dbb13bbdf408e2f5
Source/Base Application/System/TableFilter.Table.al	19	dd205ee85af29743227877b239c030c30f4bf9c1a5be8c630d15701651c87c2f
Source/Base Application/System/Telemetry/TelemetryLogMetrics.Codeunit.al	50	072acc0c79b58604e0cdf473b0a053edc371eda036403c5d241f1731c3db8c56
Source/Base Application/System/Telemetry/TelemetryManagement.Codeunit.al	26	ed6feaad91730e99a1f52ceea1f38dbe45641cb7812e6d4cfc1549d5d6849559
Source/Base Application/System/Text/RegExSplitWrapper.Codeunit.al	22	4d148cb4e5677deaf84054d68d77612ce535ac335b114417fe3771148e256cb2
Source/Base Application/System/Text/StringConversionManagement.Codeunit.al	19	5ff3e0a9ab754e32fdba65028decc446b3b8ba84e8a50fb0c41f72f966b8e61b
Source/Base Application/System/User/UserCardCustomization.PageExt.al	7	0d474bdc96ed34e504cb9cfa1b47e6e078fd3d0ddbf247180c0c0493b7e42106
Source/Base Application/System/User/UserManagement.Codeunit.al	148	ce2d141945b95f5341c2bf19053e21a7bf0a771ac79529101401eb39567d2e24
Source/Base Application/System/User/UsersCustomization.PageExt.al	22	93f1818a2d8a354714c8fa5c9d077e8af17d485bb7716c941d2157e4088c0a07
Source/Base Application/System/User/UserSecurityActivities.Page.al	58	edad3bcdeff4e00e3f19542036b4e0024f0ab695d2f01b643408c25d2a7f52f0
Source/Base Application/System/User/UserSecurityStatus.Table.al	25	52f7a7f6207c596dbc89870958fc31ee8103d15abfb53230c1e96012bbe04f48
Source/Base Application/System/User/UserSecurityStatusList.Page.al	26	031a6227f657e0be1cdd4e42ba2f096ac365eaebf5f4d426a27c37362395f4a8
Source/Base Application/System/User/UserSettings.PageExt.al	27	56c532eea0f2e7e8ad3e238a6a25842d999c4ca13a66bb3ff9e0d58122acd41c
Source/Base Application/System/User/UserSetup.Page.al	3	a30d2e545f6201cf7aa073f04c4e6b9e8a6131ba524a2fe0a6f319ba7221cf2e
Source/Base Application/System/User/UserSetup.Table.al	236	542f40b0ea5fd9ae18684eecfad17eabd683b4adf091e2611cb511da2880b741
Source/Base Application/System/User/UserSetupFactBox.Page.al	2	8a5c688944ff72263d5f4a82044e5c1dae9a34537f7767dc85ae37dfb85f98c8
Source/Base Application/System/User/UserSetupManagement.Codeunit.al	389	e7a754219c2b84331287ea9565c86afa3a0c3528a31a9cb97b42eb5717942dbb
Source/Base Application/System/User/UserTours.Table.al	22	c455a7f048e10aaec8efdd116bd9962136635b0fbce86619ac4f7c7f5c8ab863
Source/Base Application/System/UserGroups/Transition/UpgradeUserGroups.Codeunit.al	65	eda49c77832bf3fc56556a9382ef44e5ad40d79a2fda040a2283f29fcb178e60
Source/Base Application/System/Utilities/TypeHelper.Codeunit.al	527	6a955b2a6fc3981dab425e13044d04ae692ffa671f3af5f0dcd7ecf6931fd132
Source/Base Application/System/Workflow/ApprovalWorkflowSetupMgt.Codeunit.al	258	aa1d012ae71cd8a83d39340d945eecfca138276e453b5c76de11dc58b9c89d37
Source/Base Application/System/Workflow/ApprovalWorkflowSetupWizard.Page.al	142	35a161a180dbf34c0efb120af4fa11448ec41c83181b582fff77e898ecb80f50
Source/Base Application/System/Workflow/ArchivedWFStepInstances.Page.al	8	088d980d1bf5de92985669430ab24284489e73fc434b324c3fedbf0c7b1d0dff
Source/Base Application/System/Workflow/CopyWorkflow.Report.al	45	726bd6f3773d4d0f1d914bf88a8e7202284898483a677eacfb83f959e2b2b694
Source/Base Application/System/Workflow/CustApprovalWFSetupWizard.Page.al	156	153857e588838450aecda8daa9a4c90a3490c5ee6f683888cac6cd5e7bf5b609
Source/Base Application/System/Workflow/DelegateApprovalRequests.Report.al	10	79addb3f1ca8496605920ef88bc1720f444f06b5d7d92e274f44ccdcf3a9e6e4
Source/Base Application/System/Workflow/OverdueApprovalEntries.Page.al	38	9b5128c53a04b9084c3033136aa810939678379d3466d2218f9b61cdc1f45592
Source/Base Application/System/Workflow/OverdueApprovalEntry.Table.al	15	84c92371f3dcd8428a34030da7e779124609cb30530c5d5f64a478f23b2bac41
Source/Base Application/System/Workflow/PendingApprovalFactBox.Page.al	12	8b689bc7727277aa043b1966ba2224ec1fe73968e42d00b91ef3e5753bd8ed7c
Source/Base Application/System/Workflow/PmtAppWorkflowSetupWzrd.Page.al	108	c2434789d92be8b579d274ecfd75a97975fc0893f6d68e14fa0f5ad81dc9238f
Source/Base Application/System/Workflow/PostedApprovalCommentLine.Table.al	7	b0b26027dc2e05459ae1a52be21b9096f229cdcbb470b638a557e5f5b14c9ce1
Source/Base Application/System/Workflow/PostedApprovalComments.Page.al	6	9a7009ef285f63e1d24c9cdc8a33d4922d0c145b472fea82886802dee71e99d8
Source/Base Application/System/Workflow/PostedApprovalEntries.Page.al	17	24196b443ba7d2f72d444b80ac71cf0738012c7a619a0c7a7468a8b971882f03
Source/Base Application/System/Workflow/PostedApprovalEntry.Table.al	7	557239dc4bacec1450f4e677ef5b6045b24fcea4bac37a548feacbafd39c767b
Source/Base Application/System/Workflow/RecordRestrictionMgt.Codeunit.al	336	a4d578b759ad8199ca91a3e0ea37faf9f243f6f6e356754369ad420d9384551f
Source/Base Application/System/Workflow/RequeststoApprove.Page.al	43	6ea3779e93fb765a35513b7e99bea5ecaf6263c239f70999e826e73c64398218
Source/Base Application/System/Workflow/RestrictedRecord.Table.al	3	118674771cc9ae82bde1788cabbcd7ff576d4831d1389075579e5aa2d61b626c
Source/Base Application/System/Workflow/SendOverdueApprNotif.Report.al	4	10c7f84cceb394c26714b0331083a729bdd496960333445b4c5c76b74e6e189d
Source/Base Application/System/Workflow/WFEventEventCombMatrix.Page.al	106	1a1df54756f93064a940ba0f2157530a4c02c7b936b163d453aec63a82428298
Source/Base Application/System/Workflow/WFEventResponseCombination.Table.al	16	c15fa2355d6a2267f175d59353b235dec29ac2724cc6bb177d10ec040cd1e82f
Source/Base Application/System/Workflow/WFEventResponseCombinations.Page.al	16	8e44e4644c08ab5f0a675fe00c39a36fa4a36205d6d4daf7c4aa752d919d4b5d
Source/Base Application/System/Workflow/WFEventResponseCombMatrix.Page.al	106	119b46c89b24d02df893a1fe02796fc09cce99dbe4b26b62ac24770a68d1324f
Source/Base Application/System/Workflow/Workflow.Page.al	75	d5d19a9dba7210ce5f79cbc938da31489a6ff8a83f3f728014d29a997676a6f3
Source/Base Application/System/Workflow/Workflow.Table.al	446	36d90345fa28f1447ddd3e094af7fe7fcbce23a4fad43fae588081e78cd57ac0
Source/Base Application/System/Workflow/WorkflowBuffer.Table.al	71	f95329efcdf32d2b75afd29a5e7fc199442ed9ae9a1dab3d57a3f0f79c613e7f
Source/Base Application/System/Workflow/WorkflowChangeListFactBox.Page.al	11	5397de91b66447f1c735dfa932bee7161582ff5384cbfedb0b81a99380f2c1ae
Source/Base Application/System/Workflow/WorkflowChangeRecMgt.Codeunit.al	82	c1909673f3865d35f47c545e4f4d5cbe8a4465f51756fef08acbcea8d18b8d2b
Source/Base Application/System/Workflow/WorkflowCreatePaymentLine.Codeunit.al	73	702ddf7d6b780c519895c59ad985b6a2dbafb2199e7d5098e1b439f8ec2ec136
Source/Base Application/System/Workflow/WorkflowEvent.Table.al	50	837e99182042bcc51c736859208998bf464373549262ae11f5d104c2d0460fb9
Source/Base Application/System/Workflow/WorkflowEventConditions.Page.al	71	c70b5c86eae3dd6ebedc4cc5884fc639fd8cd74ae22ee6c6c7caf4a2069c57e0
Source/Base Application/System/Workflow/WorkflowEventHandling.Codeunit.al	371	b85e4ea605261462c29f0cd1c43c926df262d39ee08fbcd34da4f18c384589e0
Source/Base Application/System/Workflow/WorkflowEventHierarchies.Page.al	16	328d5265ea32b5a6ff77c8cd72c57879e9fe8e706f26962d23e1e5274ca0e691
Source/Base Application/System/Workflow/WorkflowEvents.Page.al	8	b2ce50b37f8c2bf871037dead0d071b1b42874c3691e677fecdb765fb1af6cc9
Source/Base Application/System/Workflow/WorkflowImpExpMgt.Codeunit.al	24	b3de4725cf52f07b175bb75b48da4b7a652096ddd155c9dfb5112814b205162c
Source/Base Application/System/Workflow/WorkflowManagement.Codeunit.al	544	49011d273182189b5003e0880c3931845f91edd288a453c4fb0872504243e63a
Source/Base Application/System/Workflow/WorkflowOverview.Page.al	15	7f09cb7a4228847a8702eb948484dee3d8fdd03d798540e5a13cbdaae2dcfecf
Source/Base Application/System/Workflow/WorkflowRecordChange.Table.al	28	3c80c6e536e1dfa8f7db74b0b9372ed0c93c8023bc78f5b1a94a0d32e45cf73a
Source/Base Application/System/Workflow/WorkflowRecordManagement.Codeunit.al	13	619ef391901ebe1c9b59307609204adef19bae0aaf5ba8447a3b81a566611b90
Source/Base Application/System/Workflow/WorkflowRequestPageHandling.Codeunit.al	129	239eddaff1da322b57d33d182d74881d91017434e015820c4cb6688ee9fd5e9b
Source/Base Application/System/Workflow/WorkflowResponse.Table.al	14	dce0ab7934d087ea50d36c043b8bd5647cc6362cf3eea4102853cf04d673d731
Source/Base Application/System/Workflow/WorkflowResponseFactBox.Page.al	33	a676cea196e9d6f78eaf07ad5b7bc2ff452a3b00dd6c2858b400311620a0409b
Source/Base Application/System/Workflow/WorkflowResponseHandling.Codeunit.al	529	d5c13872fe99709afcc99e657455580609bb7fcc2f8a481ae8dc9bf48a8aedda
Source/Base Application/System/Workflow/WorkflowResponseOptions.Page.al	141	d3b8b959b4a19b79f87fbc4db8d1860601b7cdf739e025c108ed58aef0afcced
Source/Base Application/System/Workflow/WorkflowResponses.Page.al	9	469a590d6e60a8e5162609a3ac934e7a7fb049e860ef08b7378ad7cb4943ecd7
Source/Base Application/System/Workflow/WorkflowRule.Table.al	60	bf3a4e8aee7ef14304d12bba04aac3151898aea5a2c1a8b6619a1886bfa42aa4
Source/Base Application/System/Workflow/Workflows.Page.al	149	b47e950cf864dada3fda68f863e556f7962eab3440b4841994daae7017ec59bf
Source/Base Application/System/Workflow/WorkflowsEntriesBuffer.Table.al	38	719fed4414ffa07e6d36f4d83767be3ebc9257f851c3511792c852700de9ce85
Source/Base Application/System/Workflow/WorkflowSetup.Codeunit.al	1113	6e005182dfbfae14fd99cb2ab1324ec89c8cbceeba8f4273a459cde0acb43ede
Source/Base Application/System/Workflow/WorkflowStatusFactBox.Page.al	23	3703e6d6efb3754b3b0c8f95fca1e61b274510914b440a7bebf8aba7267dec98
Source/Base Application/System/Workflow/WorkflowStep.Table.al	340	d371d35f3166670e579e541e2481d1cee78c7a742e406653e9f05b74b3fbcfa2
Source/Base Application/System/Workflow/WorkflowStepArgument.Table.al	91	7b7ff9384815a38b657098cd71d373b91e6c443b29d0249a009c365bab221d4a
Source/Base Application/System/Workflow/WorkflowStepArgumentArchive.Table.al	2	4c4d87c3103f58d37232d075f6081e3fa7a81170face428f9dd5ff36b92d4226
Source/Base Application/System/Workflow/WorkflowStepBuffer.Table.al	575	521b7074517760dbb4c20931deea447ee8028f43b3a121716638912cddbe042c
Source/Base Application/System/Workflow/WorkflowStepInstance.Table.al	130	f7f3e2cebdbabc125e0dacf639a857dfeef6be409521921abc7a1616482440ec
Source/Base Application/System/Workflow/WorkflowStepInstanceArchive.Table.al	6	c20de808ffd779cdb44cd9109cadb66a9252611f6fc5add0ebf074e22d66b045
Source/Base Application/System/Workflow/WorkflowStepInstances.Page.al	8	88e2c0e37afce779e48a2c375865285e63e732a99c88ac0b4d4bbf52cd24a645
Source/Base Application/System/Workflow/WorkflowStepResponses.Page.al	77	a4900531940c533c33d34b48065d693716b1de24c3f366093c33523dd4a459c7
Source/Base Application/System/Workflow/WorkflowSteps.Page.al	4	9c587a66a9fc1ac871bd0dfe8467cf6ecb83b7eed48d9196f1e576e4c7dabe88
Source/Base Application/System/Workflow/WorkflowSubpage.Page.al	60	49f1c005aa98b7b8ae6fd0e001fc46bab38219c4eb3c580239e2608600ce4b82
Source/Base Application/System/Workflow/WorkflowTableRelationValue.Table.al	25	595e7f08506acee2bceeff4ccf09363f408aa0ccbf5193037bbe160fe47f39c9
Source/Base Application/System/Workflow/WorkflowTemplates.Page.al	29	be18e25face1ebbe7bd0489f192e9719b3e73257916980099bce52e943811cd1
Source/Base Application/System/Workflow/WorkflowUserGroup.Table.al	5	eda7a9c1bc8268328a69289c81f6697fc9d296d5b42d5f3f876fee606567ba24
Source/Base Application/System/Workflow/WorkflowUserGroupMember.Table.al	14	0adeaa35e2ef81236cad329fa660337d01809c3fbb89808afc87beab67d33185
Source/Base Application/System/Workflow/WorkflowWebhookEntries.Page.al	41	6e075c7cfe471976c2b06dbdae099d5bad262dd905a4ede8674ce9b949b89708
Source/Base Application/System/Workflow/WorkflowWebhookEntry.Table.al	42	63d2d17e8d16b0472e9ae37ffd0423bd50497321fa745d9fb294f8201522383a
Source/Base Application/System/Workflow/WorkflowWebhookEvents.Codeunit.al	74	3a336f4e7096a556f435561fae23b295ba5a3a5280fd292ca764a12de21e5d16
Source/Base Application/System/Workflow/WorkflowWebhookManagement.Codeunit.al	230	d899231fe6eeded5f57964129013261d235ccd4344cecf227341c538104f8283
Source/Base Application/System/Workflow/WorkflowWebhookNotification.Codeunit.al	135	9c637d70e6ea33ebe509d2c52caec877b163bfa4832230fdb3362592035f9366
Source/Base Application/System/Workflow/WorkflowWebhookNotification.Table.al	14	fb7495ecfaf7b613f46d2a8eb8b45a58a3e7a988441bcfa90daa9982ddf6d210
Source/Base Application/System/Workflow/WorkflowWebhookNotifyTask.Codeunit.al	23	1d5b5f573700fc8214db803ed153fbac0b04fc09cb6aab89a2c66ad17c135959
Source/Base Application/System/Workflow/WorkflowWebhookResponses.Codeunit.al	23	253591bde596bc1e0ce3b2720713bbb6f7c7deb615459a49015d5ce96f21b16e
Source/Base Application/System/Workflow/WorkflowWebhookSetup.Codeunit.al	302	1aad17650bb575f18782133dc9f4c5305a964a284dc7aa6289e9c1dfc0a78f80
Source/Base Application/System/Workflow/WorkflowWebhookSubDelete.Codeunit.al	14	45c38122b9607cfd27178d7d28c817a19922c2844dab609f33a98801b536c249
Source/Base Application/System/Workflow/WorkflowWebhookSubscription.Codeunit.al	8	863775c9210a73a2b00564fc62c2ff5436fea0a57ec481915f7b4d1b5c792dad
Source/Base Application/System/Workflow/WorkflowWebhookSubscription.Table.al	161	701af35922e5af361d53161308eba645a14f09dbf43c248b1afd664430dd95fb
Source/Base Application/System/Workflow/WorkflowWebhookSubscriptions.Page.al	9	7c0e40757c3591cc82a4cb9e230cae722e0d101c13a03ef1615ef957e23d3a37
Source/Base Application/System/XML/XMLSchema.Table.al	68	bde2e6c2f578faffd06f9449673514984e7c918ea933f32548f051bd8c48d93d
Source/Base Application/System/XML/XMLSchemaElement.Table.al	45	b84946ffd19c129d37f4505dac6f4f9fbb7b8675dbe98b6ffe23284f95789abc
Source/Base Application/System/XML/XMLSchemas.Page.al	14	74f264476450ccd1e0df7a04d24e614473c6a2b7f9690aab5b422cf19b18da5e
Source/Base Application/System/XML/XMLSchemaViewer.Page.al	60	0aba28942f21588b68b87680fc8f546746ffaeada46db489fbbe0125cb07dac3
Source/Base Application/System/XML/XSDParser.Codeunit.al	700	8204f8ac9d766452376968b0eb853441e89d53ce3f0455989bb994c9aab54781
Source/Base Application/TableInformationExt.PageExt.al	2	cfffb08e9d35135a83bc9b518a0cc285305946d410f4c5b297718311555e69ca
Source/Base Application/TeamsCentralizedDeployment.Page.al	100	e146bcbfa7f15b8155d0936da39a1fba18d6783c8ec11fb0feee227eb8c35322
Source/Base Application/TeamsIndividualDeployment.Page.al	30	74555482d27427c02ccfaf2d340fac7d6b5ee46077f20924f3ef3f4bf57a9fc4
Source/Base Application/TempStack.Table.al	29	9046d78d2d40b762719833b5869c6b811923324da4beba618dd52fa599c39d9f
Source/Base Application/TenantWebServicesLookup.Page.al	2	f780637e810bd07c9a8e4bfa0045465dbd466e87a14b2fd05dd98e172a864485
Source/Base Application/ThirtyDayTrialDialog.Page.al	55	4b4e71dd393b8151604110d0863f09b83a3f1d17acd4e0c7cfedb07680584302
Source/Base Application/Trace.Codeunit.al	20	7c2fb5a2e702568f28bcd1685960b18f33d59775e4dda07e26e6f10da09ce03c
Source/Base Application/Utilities/ArchiveManagement.Codeunit.al	500	5b7d8f45c9a28c7a129e9319ab1d4d655bc1799e213e64a18ec6a3f3bf52be1c
Source/Base Application/Utilities/AssistedCompanySetup.Codeunit.al	148	a360c2481d8237ca6cf8b658414f1fa2c14308d27ed8f575d6213b107d6ced6f
Source/Base Application/Utilities/AssistedCompanySetupStatus.Table.al	29	a0af542d9d3f535f716168f68fc4d8cf0e22a3f05322bc3d156714dd20253601
Source/Base Application/Utilities/AssistedCompanySetupWizard.Page.al	222	3cc8e37a53b9123b4a8d8633b524957bd3c95c0c712ca4895870e9cabc4c60b5
Source/Base Application/Utilities/AssistedSetupSubscribers.Codeunit.al	223	8a28f3d85bc688069483fee00931c6278c6a54a848a1f77697d4af34fbd3ae64
Source/Base Application/Utilities/BackgroundErrorHandlingMgt.Codeunit.al	250	286479eb90810470088f2a5f8f149cfb0990f3c7440f3e2d6e92c17f153576f4
Source/Base Application/Utilities/BaseAppID.Codeunit.al	3	4626bb6d5515d6e540a3a9b1e05450994a5a800a6b83253d471dbbb2fac77f04
Source/Base Application/Utilities/CancelledDocument.Table.al	56	b91505596edbea5f48eb60aa1ea71e168d439525de8a232ed93721ebe4ff64c3
Source/Base Application/Utilities/CertificateofSupply.Table.al	101	2b0c740063255ae1df15fda64c716fd0c8a6f4f823779d34da78d9f154ae9435
Source/Base Application/Utilities/CertificatesofSupply.Page.al	14	0501fbe1c0ab147ae248c067f254988565794f51e4562f95c5fa04bc2aba4593
Source/Base Application/Utilities/ChecklistEvents.Codeunit.al	114	25d0ede7193d0af00f766c0a6f87e028286c3d807d443b46ffc3b0878a3c8b40
Source/Base Application/Utilities/CompanyCreationDemoData.Codeunit.al	46	62a8c977f4a7e9df3a07466347b6962f5b75f4e59a572d79090fa6abf62b15e1
Source/Base Application/Utilities/CompanyCreationWizard.Page.al	147	1a070ecee641173c8dd44a3a2d367512e61a794166823c43b7dc9a5a431870a9
Source/Base Application/Utilities/CompanyDetail.Page.al	88	a1be208da2bc6d2e509af81dac052db30654bb62337106155903f08ee8f7373b
Source/Base Application/Utilities/CompanySetupNotification.Codeunit.al	4	3a734bb0346d79343d35c447585a07636b7035920f24693c2e06288fcc210d4b
Source/Base Application/Utilities/CompanySetupService.Codeunit.al	15	384c4cd2c6f822c0295780605d4fae2c4644af99fa96a7cfcb40c22b5215056a
Source/Base Application/Utilities/CopyDocumentMgt.Codeunit.al	6684	2932381723d6e657e1da227e06436c818828532ffb038b1d35751da5d7336e5a
Source/Base Application/Utilities/CreateRetRelatedDocuments.Report.al	86	32c4eda762bdd174dc2ead46ab632bcb1c1ce0c5cd4a3e7de228c096b8943ff9
Source/Base Application/Utilities/DataClassEvalDataCountry.Codeunit.al	155	8697d5e0a122af9321bfd66c3b9a05bf3761b1cb8862f557d885cf8c67221675
Source/Base Application/Utilities/DataClassificationEvalData.Codeunit.al	2732	25962627653a43439f3362cb77a3891105c7c6f938c067c0e72f9f9cb1016d3b
Source/Base Application/Utilities/DataClassNotificationMgt.Codeunit.al	135	3399403e3ea7a6929e0556d1cff7f8794b8e55633a936182f6235c33dec07de0
Source/Base Application/Utilities/DiscountNotificationMgt.Codeunit.al	45	e05454eb62ae108805d139413eedfed1ac9975a9b408b2474728f12343c758f2
Source/Base Application/Utilities/DocumentErrorsMgt.Codeunit.al	245	ab6effff3f958a015e5ee63dd54a1ee6afe18f14366995234738232b64f84d5a
Source/Base Application/Utilities/DocumentNotifications.Codeunit.al	156	411a950ee10fe9198f5e576b6981fc24d680542ed3dfba9fdd8fc1ed21950063
Source/Base Application/Utilities/DocumentNoVisibility.Codeunit.al	337	b6c6b6c10af6b7f34edf03db3aa1a07665c1f93b21f0898fd6fc530a5867788e
Source/Base Application/Utilities/DocumentTotals.Codeunit.al	726	a8391c5ede73112b3faadd4403e8d29b15baf33fa59b57776101b80162cd1be2
Source/Base Application/Utilities/EnumAssignmentManagement.Codeunit.al	36	61a54b9b4bab27dc7e4ba25a8ba507c6b059745c32173f2be80f3f4b6280e0ca
Source/Base Application/Utilities/ErrorHandlingParameters.Table.al	50	98f98b0c1d636475540a3c9eecf233cf2debe4b5be3e6cb0078844ce9b00682d
Source/Base Application/Utilities/FindRecordManagement.Codeunit.al	280	3c8494b2e0b7212261a8af59925afd2ec913d462c3a34f76f8a94caf19cea7e9
Source/Base Application/Utilities/FormatDocument.Codeunit.al	213	eb27eeaef49f4d79d0b3a575178f204cf8df219087d1b7bed161e2c942b5298b
Source/Base Application/Utilities/GLNCalculator.Codeunit.al	21	8fdb014f3ef56f2263775545076ac8f7ea889795869ed2ae67a9dbe04a0945ab
Source/Base Application/Utilities/InstructionMgt.Codeunit.al	115	ff951a80d02d3093015f3c2c9530a62f567c3176ea77f0f5b4faba87a8afdbee
Source/Base Application/Utilities/JournalUserPreferences.Table.al	2	77cd433d59bd2b9f6fa1026df265a9b176e8185677e7d9e6b36a08dc50297665
Source/Base Application/Utilities/LinesInstructionMgt.Codeunit.al	38	4aa3a89ef8ae841aa930578bcefda51fd3f6188ead9b1b7f7f7de1289e8e945c
Source/Base Application/Utilities/LookupStateManager.Codeunit.al	12	e2ebe6c2572806291b4eefbaeeff4b686642a1907d08a3555e5c7aba95719927
Source/Base Application/Utilities/MoveEntries.Codeunit.al	302	d9c4f0ffcc43abf2de97449930fa476ea40183a77d3cdfe4358d6a401d29f178
Source/Base Application/Utilities/OptionLookupBuffer.Table.al	132	44c7f330e0869a31cb0438d6fd4806e3b8f15a4e3de5942eb36826bad821021e
Source/Base Application/Utilities/OptionLookupList.Page.al	6	d2ca0863c0748e70b63cf9662792e10b4b2b9fe94d0c01985d4826a00e1dddad
Source/Base Application/Utilities/PageManagement.Codeunit.al	323	11d20c1b089ab14c7cdb0a17084ba9fc14b942708ce3310a71e8525725f653f8
Source/Base Application/Utilities/PrintASCIIFile.Report.al	25	4ae0f011ba10681005d6fbbedefb59e3294a6ff9d710f20aeee4259e00a24afe
Source/Base Application/Utilities/ProductVideoTopics.Page.al	13	a42d1d6aef239dd073a215fecd4d9410d4a3c92996f72a4c12bb97bf678949ce
Source/Base Application/Utilities/ProgressDialog.Codeunit.al	18	0c3da03200bcc395de8d2f46c157f16344d645b445fbd59a2579ab5eb1ed95a7
Source/Base Application/Utilities/ServiceConnection.Table.al	18	5b1cbe99fadf73c86c78bd1a188ac9a69f7fe47d06333f44b6f2a9a8e536f200
Source/Base Application/Utilities/ServiceConnections.Page.al	57	91641052e603bf561f88239d986ba837496f06553ce499b16f7c86cb7acd1797
Source/Base Application/Utilities/ServiceConnectionsPart.Page.al	20	264bb2786a780334962ade0438b699f794ee8bc63526c5d1369f414b17bd6519
Source/Base Application/Utilities/StandardCodesMgt.Codeunit.al	226	401ba5a1c4f3d007f43fa63444edf2e80ced0db28445ae8e882ae17b78319033
Source/Base Application/Utilities/StandardText.Table.al	12	149af53bd2a15be8569903359c5e4ba9c7eb313bf42e61870d580560742e1ed0
Source/Base Application/Utilities/SyncDepFldUtilities.Codeunit.al	137	059994ba367fc163935d773e41f97fee412d32fbad0d34c38563a8ce701b39f4
Source/Base Application/Utilities/SyncLoopingHelper.Codeunit.al	27	f8378f5160af8e30c02d30c7c990e33fdefece4d1a137c72d0b19514dfd6df6e
Source/Base Application/Utilities/TemplateFeatureMgt.Codeunit.al	4	b2640b702cd59e1eea7fa42b0b7dd1ee394fb7b190ce51e57be07ae21699c653
Source/Base Application/Warehouse/Activity/CreateInventoryPickMovement.Codeunit.al	1666	3c4309b4d8daa1d2f81dd1b2872c7b4af3a1a749b746a4ca541a6db8c1b89561
Source/Base Application/Warehouse/Activity/CreateInventoryPutaway.Codeunit.al	844	47730183f8fa5f540556f98b3d01709e52ac1dce8518472375df558c67c5374c
Source/Base Application/Warehouse/Activity/CreatePick.Codeunit.al	2939	eea9eb1d6363cc0bf30445d5e17591a84f1de56ccf3f50500ac02f657fdb4209
Source/Base Application/Warehouse/Activity/CreatePick.Report.al	275	36a4cee38f80dda5e9a4244f9f52b253d984d35714dc6d95e5ed60dda693ef1f
Source/Base Application/Warehouse/Activity/CreatePutaway.Codeunit.al	861	b78fd8fb5b837c5503c0228d07ada1c54ef6ddbefebdbc4c4e0f55fccdf61eec
Source/Base Application/Warehouse/Activity/DeleteRegisteredWhseDocs.Report.al	7	df94606d1fd1aeec498304c867a82f8d2b78b0b48f4c14697fc64ced0510b545
Source/Base Application/Warehouse/Activity/History/RegisteredMovement.Page.al	4	36bd96292e13946ca084df0dfbdc11edc1aa49f520cc5c25999bc134b76e0316
Source/Base Application/Warehouse/Activity/History/RegisteredMovementSubform.Page.al	9	7b80c910be4ef4fe2552b26057c9733512569f3138adb580be150de8c70c28a8
Source/Base Application/Warehouse/Activity/History/RegisteredPick.Page.al	4	cbbf10646b603041b3ee1f48417b99afa21a87b4ab5a5762fabad8cb1694a558
Source/Base Application/Warehouse/Activity/History/RegisteredPickSubform.Page.al	17	caa9e71086bc583855920d1ebd54277c5d7c5f913fb942fc0b9fed255df9c6f4
Source/Base Application/Warehouse/Activity/History/RegisteredPutaway.Page.al	4	48db1e550daa0094afba01ba17bb90b011df06fabba200c214293c8646a5c10d
Source/Base Application/Warehouse/Activity/History/RegisteredPutawaySubform.Page.al	13	149f6087ee3a64c1802e9c36ab7d9c4970501c7ae6df912b40f974308f0c800f
Source/Base Application/Warehouse/Activity/History/RegisteredWhseActivityHdr.Table.al	35	3ad63818e742220a2961f3591c0096c2653dd6e30aa1a61c1caa819819121c77
Source/Base Application/Warehouse/Activity/History/RegisteredWhseActivityLine.Table.al	121	fb8e820a38abb3e925ff0a6e892155c1a331c627660bda9bcb3775a911bb05f1
Source/Base Application/Warehouse/Activity/History/RegisteredWhseActivityList.Page.al	11	281d19c36038dc4c8d88ea73698fc01fa5fddd8ff9bab11f1e26374cb5d65e07
Source/Base Application/Warehouse/Activity/History/RegisteredWhseActLines.Page.al	7	b700c7e04084ad067d19a289207a5d919bb46a84069cc98b2cd0543c21222630
Source/Base Application/Warehouse/Activity/History/RegisteredWhseMovements.Page.al	9	a50cbc28f7357b1b45c0adf5fd42e156185baac5b72157fded935bb774eff656
Source/Base Application/Warehouse/Activity/History/RegisteredWhsePicks.Page.al	9	a6c6dde3e1b76e1c8bc17a915ce4e376a8e7c1c3e8a7ed546de818990e648b79
Source/Base Application/Warehouse/Activity/History/RegisteredWhsePutaways.Page.al	9	de92d0baad3dc220563420c3a22b251f9e956c7b3d6c5c161bfe5d741551f625
Source/Base Application/Warehouse/Activity/InventoryMovement.Page.al	52	62d53835bcdf7f397cb46c08916153c846ceab46c171d7c1d6cffa14f746b5b3
Source/Base Application/Warehouse/Activity/InventoryMovements.Page.al	10	578f5d4556814b6c0c5230b1c6b66efc861d175f010d848c3089b28475fcdede
Source/Base Application/Warehouse/Activity/InventoryPick.Page.al	58	208cd6eb60ce8d956e38bf1d75aa2d43fd4c17e410bf9efe952f3d68031904eb
Source/Base Application/Warehouse/Activity/InventoryPicks.Page.al	33	bd487555926ea664bb167b6e4b205b0d7556e0cf875c46a58a326676e0c30068
Source/Base Application/Warehouse/Activity/InventoryPutaway.Page.al	50	c365eac5beb5a1bdd7c4acbc18b7e68250ac0edd3464bd18c9e5cebc7e0408d3
Source/Base Application/Warehouse/Activity/InventoryPutaways.Page.al	33	1614006494bb1945e595a0acd5f3255f6d576ccf113a6a72ebbf627040919f5f
Source/Base Application/Warehouse/Activity/InvtDocShipDetailFactbox.Page.al	56	fe8828334af0897043110b016e04e4bc757c4ed9c8a81b42ed6a7ef7dd598bdb
Source/Base Application/Warehouse/Activity/InvtMovementSubform.Page.al	92	6e851be5c3ea77703ab3dd39f7637a6c5661a7eca3faddbfc147893aa20586b4
Source/Base Application/Warehouse/Activity/InvtPickSubform.Page.al	91	f062b7a5c54d938bebf2d9913ed309759b9d896263121cc52138ba9af44044fb
Source/Base Application/Warehouse/Activity/InvtPutawaySubform.Page.al	105	f6357077732f49cd2fbdda60cebdd56385d9c7f34c5256f1c872ae416e0cce9b
Source/Base Application/Warehouse/Activity/PutawayTemplateHeader.Table.al	3	622a14b88d75da542dd4562b519b0cbdff32bc0ec2ffd4a05d51f398e7208947
Source/Base Application/Warehouse/Activity/PutawayTemplateLine.Table.al	44	3a8d47538b5ab58f85b925294d33f86edbd9a4d725fba3e2e8fbd94faa23bf0f
Source/Base Application/Warehouse/Activity/ScanWarehouseActivityLine.Codeunit.al	154	d45f54b40c6d4fb78d8cc019b7000874096f52379f9c43268e49318bc505b48a
Source/Base Application/Warehouse/Activity/ScanWarehouseActivityLine.Page.al	110	e5fa28b9ab589a2da52ce1ceebf0b35f88d809101b7ec5d8d98987bacd0699f2
Source/Base Application/Warehouse/Activity/WarehouseActivityHeader.Table.al	580	caeb9a548e71754fc8bb756daa8b1d5bfdf6aba229cf603afb3148b2166df4d9
Source/Base Application/Warehouse/Activity/WarehouseActivityLine.Table.al	1982	06f59423efec8bb32d9c12be390d5c0e7f93ae590c5c08b25a7128f6024ff5c5
Source/Base Application/Warehouse/Activity/WarehouseActivityLines.Page.al	12	bfb67f6d01ab7830b44a2c493c74bc17d6ae71528ad8af512f176194223ab7e4
Source/Base Application/Warehouse/Activity/WarehouseActivityList.Page.al	23	5061f30b5e2b2754a1588e426d922dff4acc165eb23f9b57c7e86c54542adfe1
Source/Base Application/Warehouse/Activity/WarehouseDocumentPrint.Codeunit.al	86	2e9a69095433a5433e1cbadb5765828a34aedd47af51d6e6767cdeba49da51c1
Source/Base Application/Warehouse/Activity/WarehouseMovement.Page.al	34	3e966c3854d89ae730f7cae04d58410c45d5272e953b9a69a20f4da362baa6b6
Source/Base Application/Warehouse/Activity/WarehouseMovements.Page.al	20	3d419eff0bb107bf823007b6629cfa450498b358abce6478d6200518d04fe819
Source/Base Application/Warehouse/Activity/WarehouseMovementSubform.Page.al	86	40328d3f0bdc2210bc98439d91201d5b7041fdbfa1045e797eda15a63c5a0292
Source/Base Application/Warehouse/Activity/WarehousePick.Page.al	59	6ad3237341358a4827b87fcc2bb170cada193f631a135bc30df751c3fcfffe2c
Source/Base Application/Warehouse/Activity/WarehousePicks.Page.al	20	e112b8f84869e62be0e9d60259150bf82ce0a50abe5b913decabe57b8af61b82
Source/Base Application/Warehouse/Activity/WarehousePickSummary.Page.al	18	72de045afd56ff277801165f6337b89926dbd0e60b487bc0d17f69727e41200d
Source/Base Application/Warehouse/Activity/WarehousePickSummary.Table.al	48	f0c96668bcfbb659ce4150d423cf49469d2f2ffb112002b58202822af8a0e648
Source/Base Application/Warehouse/Activity/WarehousePickSummaryPart.Page.al	47	0938f1ff47c87fa654e092d5e27d23079456628295c88ed50873fbf26d523dd5
Source/Base Application/Warehouse/Activity/WarehousePutaway.Page.al	59	93d6b6e29005890a6826e06a944ae44e8be44cce94f8a3f06b162e0f4f03400b
Source/Base Application/Warehouse/Activity/WarehousePutaways.Page.al	20	f8765d767c0e25e960185a6eb49b71c133ad0548f6259f19ba1ddca3ea61245f
Source/Base Application/Warehouse/Activity/WhseActivityPost.Codeunit.al	1055	69ec35657a32b187fc9a7dc09ca51ff95bfdacc54ff15cb2e19eabebb36e4ef5
Source/Base Application/Warehouse/Activity/WhseActivityRegister.Codeunit.al	1482	46114b73afa17ab007d0a88a7f0db3b5fcf8d730892922c11bf34f9ec3162fc0
Source/Base Application/Warehouse/Activity/WhseActPostYesNo.Codeunit.al	81	f2c965af393aaad928b02cfe1dab8fb867fbfd6b68b538e63fd785a2f47c24b5
Source/Base Application/Warehouse/Activity/WhseActRegisterYesNo.Codeunit.al	37	48896bd2ae8ea9c918d49aff2512fe7e3982c72a58b516671ac6f0899d475d72
Source/Base Application/Warehouse/Activity/WhseChangeUnitofMeasure.Report.al	69	53af277037846b7afb6c37a28f86348252a8c8367e07c15e26196c9d708ca4ca
Source/Base Application/Warehouse/Activity/WhsePickSubform.Page.al	142	c1964bb24dab9beffaf64538f21bb68e3445ba86be75a4da943d621e0d79ec86
Source/Base Application/Warehouse/Activity/WhsePrinted.Codeunit.al	11	c5362fdfe640a09f080d0315f4e1b5e12fb35b564a7754fa2ee6c22697a5160c
Source/Base Application/Warehouse/Activity/WhsePutawaySubform.Page.al	130	e9dd7df2059125b195f8d243f99fa879505f477bbbbc7d001ca90f177b039ae4
Source/Base Application/Warehouse/ADCS/ADCSCommunication.Codeunit.al	426	a4da5f1642a0287a3977550bcf1117acc2463701f424013bd78745957a833efe
Source/Base Application/Warehouse/ADCS/ADCSManagement.Codeunit.al	23	acaaea45c918a872e7f0b9afcc3c70cc6362c60cf9d57c53e61aed05534fdaff
Source/Base Application/Warehouse/ADCS/ADCSUser.Table.al	14	a93b39f05db83269cc31276052db7dec28137d29effa0e8d5df76acfad2b2bd0
Source/Base Application/Warehouse/ADCS/ADCSWS.Codeunit.al	5	c479476db5296d0163d04789d263d5de18349b96871895b54f1a2e5c2b6f8e17
Source/Base Application/Warehouse/ADCS/ItemIdentifier.Table.al	37	565dae9f02e048bf61725ffaccfbe725fd33719e3ae9e7eb2d3efa89cd3247e6
Source/Base Application/Warehouse/ADCS/MiniformFunctionGroup.Table.al	4	88859ec57f58df50c7ba1e01d1ef84807f8999dfd08f1c785a03b9b08478262a
Source/Base Application/Warehouse/ADCS/MiniformHeader.Table.al	25	5884fa7deb295c0c2d073f5ee6ec6ed7be030928eaa54230301ec780d0a88a49
Source/Base Application/Warehouse/ADCS/MiniformLine.Table.al	55	b399e5479bb148928ec71bf119479fa068c4d5f0c27fffe528868247553689af
Source/Base Application/Warehouse/ADCS/MiniformLogoff.Codeunit.al	20	d8572e5cf7ecaca2ecce58d2493105d7670a4398f343407570b84031da46ce65
Source/Base Application/Warehouse/ADCS/MiniformLogon.Codeunit.al	84	493f56959e8780d77ad50ad30deabf47b2e413303c1f9604d74039b869523299
Source/Base Application/Warehouse/ADCS/MiniformMainmenu.Codeunit.al	20	b6a7f7efb8dbb5334eaffea2b453cb93e2ddd2be7b0aed9dc16d5e059ccf2531
Source/Base Application/Warehouse/ADCS/MiniformManagement.Codeunit.al	28	53a37c3d664e1f6c9e78f8b0a6bc61606400c9818032d7d0210bde460c271558
Source/Base Application/Warehouse/ADCS/MiniformMoveActivityList.Codeunit.al	77	cdb3b63f8b8db2d73457e520889ed0b5e954bee30d8536b0e0958342d1769b60
Source/Base Application/Warehouse/ADCS/MiniformPhysInventory.Codeunit.al	108	da1881b26336ccf7e384914db92c8a365dd8edd97b8d589eea3f441cba3cf173
Source/Base Application/Warehouse/ADCS/MiniformPhysJournalList.Codeunit.al	76	31dd510fca9ff1e8dce2f13b7ab3c165f3bd6029484013676f31a0e2dfe780e7
Source/Base Application/Warehouse/ADCS/MiniformPickActivityList.Codeunit.al	77	b746620840e5a9591429803c18ec393f361aec255b560ce4b3546da91a4a9eed
Source/Base Application/Warehouse/ADCS/MiniformPutActivityList.Codeunit.al	77	b7965b56f8512c32f5d0aaf10ec3881f34bdff85c5543c88cc7add51fb4f08d7
Source/Base Application/Warehouse/ADCS/MiniformWhseActivityLine.Codeunit.al	194	b0567b3eed059111714cb3742755006168c564eb5a229f0dbc67575b08ceafa7
Source/Base Application/Warehouse/Availability/WarehouseAvailabilityMgt.Codeunit.al	650	9b5abd5ab2d59493994f5a27808cbf78ffbbb97451906303fc14c3667e968b49
Source/Base Application/Warehouse/Comment/WarehouseCommentLine.Table.al	12	b6496000e50d4b073c88e3adb43f10ac07f5416b4a1dc9968f501d642ab41c14
Source/Base Application/Warehouse/Comment/WarehouseCommentSheet.Page.al	2	4ef55e22e094ec08d4812db52ca2b45bd308e39319c812c9d966b76a48a697d0
Source/Base Application/Warehouse/CrossDock/CrossDockOpportunities.Page.al	58	be1d78d7aa10ce64f52e1e200bf084d587725c07cfc7338e0105131361c35c95
Source/Base Application/Warehouse/CrossDock/WhseCrossDockManagement.Codeunit.al	470	590fb0f06068fd69848bdd5cdb9fa16b7d2a1c22df2935ca6ee0c3eb81db3cf9
Source/Base Application/Warehouse/CrossDock/WhseCrossDockOpportunity.Table.al	62	286b32627fd7280349f3bd3b0d9e73777a0bb0139c007b7baadab7a8ffd46378
Source/Base Application/Warehouse/Document/CreateWarehouseShipment.Report.al	43	a182a73faaa11f4c6ec33dd226388a9252efb6dcaf741cb70162e451ff35c92a
Source/Base Application/Warehouse/Document/WarehouseReceipt.Page.al	85	f43f55aa57af2ce80d05399019729a58fe4d56be3aaed478ff8cdb6032a90462
Source/Base Application/Warehouse/Document/WarehouseReceiptHeader.Table.al	317	41dfe717228ef963b37221eacda56d9ea18834e655d658d77ea820c5d575bca9
Source/Base Application/Warehouse/Document/WarehouseReceiptLine.Table.al	349	003b64030588db0773eb8afbb03dc5353f60e30640fdd989183a8083a4c41a48
Source/Base Application/Warehouse/Document/WarehouseReceipts.Page.al	30	827f02a0fcb95c5cabad5e5977de92e91f6a5712f986d31e48527c9e66d9f53b
Source/Base Application/Warehouse/Document/WarehouseShipment.Page.al	95	edfe3cff96580b9cad0f9f055928856708f686f0985928d87db29eb8fecf1e43
Source/Base Application/Warehouse/Document/WarehouseShipmentHeader.Table.al	389	ca7b9f32beca3fd5d7307db21cec2f467c58c1e0be858fb2ca491f36d474018e
Source/Base Application/Warehouse/Document/WarehouseShipmentLine.Table.al	561	f06087eb88500485217fac3d0a46417892292ed5334e86238704529c24234ab8
Source/Base Application/Warehouse/Document/WarehouseShipmentList.Page.al	34	48304371dfe66f7f9a15568543645a5be3db041ba0d453421c82f7ba34739bf1
Source/Base Application/Warehouse/Document/WhsePostReceipt.Codeunit.al	1134	281384929ed8ed0ddf01f2a341a5cac60b85c0141e3f50224a05f654ec72bee9
Source/Base Application/Warehouse/Document/WhsePostReceiptPrint.Codeunit.al	29	69bbbdb5917e58f0cc817ea065df1f7c3967e8b4d3300ebf62454ded059397e4
Source/Base Application/Warehouse/Document/WhsePostReceiptPrPos.Codeunit.al	19	6cab5e4f00342d511d2cb7632b6976ccbb54f4a162d16ea31a491ef292d5357f
Source/Base Application/Warehouse/Document/WhsePostReceiptYesNo.Codeunit.al	37	160485aca197022d55142f8deb421f237fc89a7568e07bcd1911699b233c16cb
Source/Base Application/Warehouse/Document/WhsePostShipment.Codeunit.al	404	8d20644ebef0e09f721f419b1caa61048265207befdd0d70ae90b89d1d27e942
Source/Base Application/Warehouse/Document/WhsePostShipmentPrint.Codeunit.al	28	7ac8dfe4832d48219e2d5cfe4d7443e8beea82094e1f55c5c0422278f19bfeb2
Source/Base Application/Warehouse/Document/WhsePostShipmentYesNo.Codeunit.al	45	6c741141d2c3fa53db56b73b4b73465d6fa16ea70652a170821ebcd106afe365
Source/Base Application/Warehouse/Document/WhseReceipt.Report.al	10	7d7f6c95e97d7904fd1ccd8286dd080c033e5c8212b165bbcef6d23f065a97ad
Source/Base Application/Warehouse/Document/WhseReceiptLines.Page.al	7	5068747ce17d3cf1a4f8ab7053a148001ee26a18849cf39c994bc43e55d02685
Source/Base Application/Warehouse/Document/WhseReceiptSubform.Page.al	91	f19d631cc7db72637c5930996bf2e6241806f0cb6c7c6250f8975122cccdaae8
Source/Base Application/Warehouse/Document/WhseShipment.Report.al	10	49aa87aaf37710ef39aec4e6d5260e70bb844aee22b371be864db9867905d98e
Source/Base Application/Warehouse/Document/WhseShipmentCreatePick.Report.al	221	bb0794948c76dfe126140776c61d04f4873be6f008c9aeb32d5b4e0aafd6e738
Source/Base Application/Warehouse/Document/WhseShipmentLines.Page.al	7	c2bc6455300140ace03383bc6d211919be41d5320fe06d847944acbdd6941e7c
Source/Base Application/Warehouse/Document/WhseShipmentRelease.Codeunit.al	107	61399b8dbebe069f2597e7166d006287222dbc790a1d38a4688c5ad096f02657
Source/Base Application/Warehouse/Document/WhseShipmentStatus.Report.al	10	37dc96c2c1e2b7234948f67fba92396de28c8bf476263afd233dcec0c1e7ec53
Source/Base Application/Warehouse/Document/WhseShipmentSubform.Page.al	90	1c4d9d45975af067394e658bfef96ed33e8f191499031ca77ee3a360f96660b4
Source/Base Application/Warehouse/Foundation/Navigate/WhseNavigateMgt.Codeunit.al	112	8c264eedbba00d5ec67681817eba05e8f2db7de0a1e97c6b5dd1cea4c0e4c80d
Source/Base Application/Warehouse/History/PostedWhseReceipt.Page.al	13	47c70cea5e77077888291198e65db38bf5cd2e86d879561937f00b4d49e447c3
Source/Base Application/Warehouse/History/PostedWhseReceiptHeader.Table.al	112	74fd6e0d363080e0bea1ef3010d11e019f9a4e64ad10d85a7cab37285120ddd5
Source/Base Application/Warehouse/History/PostedWhseReceiptLine.Table.al	62	46fac8f0a0e41617459232317dfe7838d1a3c0dc1faafa78bb4edd22afc8e5c1
Source/Base Application/Warehouse/History/PostedWhseReceiptLines.Page.al	3	c76806fb515ae1401db4824a1bd423d1f3b8541857b6d05ea9dd4204e1a1e179
Source/Base Application/Warehouse/History/PostedWhseReceiptList.Page.al	9	b6e4a52299917870a868c4d064d71bfc81cccc1ae8041dfa345c9ce433634110
Source/Base Application/Warehouse/History/PostedWhseReceiptSubform.Page.al	16	9ccde9579c779e0715c2f3eafc10ce822db3dd929395b2d946b4beb6d1e733d0
Source/Base Application/Warehouse/History/PostedWhseShipment.Page.al	9	69daee7ac0d74dcc6e77be3febb36a40bcda596efefce37e8cddf4d5c6925d00
Source/Base Application/Warehouse/History/PostedWhseShipmentHeader.Table.al	86	ce1efcb61c732b77843619f97cca1cae7c2298176e8ca69dd5b86442ec51b058
Source/Base Application/Warehouse/History/PostedWhseShipmentLines.Page.al	3	0a3b8385f173a736cc9f7c06b4aae7f6297ea051bf8c85511028cf955352d8d7
Source/Base Application/Warehouse/History/PostedWhseShipmentList.Page.al	7	0564dc9838ff3911b23a429441dfd5e157dbe6ae5acc6e57d135af1738fb90bb
Source/Base Application/Warehouse/History/PostedWhseShipmentSubform.Page.al	12	7db0d9d1593effa6d5867bbbbe8d7bdad3f6a053409fc27a29ad3f13cd301d8f
Source/Base Application/Warehouse/History/WhsePostedReceipt.Report.al	10	586122126f0c4cedf86e68cfdcde7425ee31a3a7cd8f223d861c64c93745aadf
Source/Base Application/Warehouse/History/WhsePostedShipment.Report.al	10	d5e6f5e56a2414a9fca151fedcf1aff88293586d6ba528be3f561ce6e16277e0
Source/Base Application/Warehouse/History/WhseUndoQuantity.Codeunit.al	338	a26881ef3d2fece70b8a25207e968b62893a6d656fa5875eb5010457c93abc0f
Source/Base Application/Warehouse/InternalDocument/InternalMovement.Page.al	20	ad06a6b43ed7d64a6b446ffd10d40e7e202726eb4861227a48c03da4dc02c6eb
Source/Base Application/Warehouse/InternalDocument/InternalMovementHeader.Table.al	184	38046f90249d0ff3ed0cf9095d197c43f2b200df5a842c403c4e34ae92c74d86
Source/Base Application/Warehouse/InternalDocument/InternalMovementLine.Table.al	376	e8cb87968532cc131a5a3a2c93832a6421210f27fb192359eda29bd447314581
Source/Base Application/Warehouse/InternalDocument/InternalMovementSubform.Page.al	27	4450aa77bab7abb97ea73b16d3236b278d48ca8d70425309a2c19910c7ab1092
Source/Base Application/Warehouse/InternalDocument/InternalPutawaySubform.Page.al	32	34e03478b33bf1cd1dcb502a3d500b712808bcf49f9372b9a9861ea5bc52e2b3
Source/Base Application/Warehouse/InternalDocument/WhseInternalPick.Page.al	25	8e959bac77b0b53e72ce433034ca1c335187d313df79c95388060a423d18aeee
Source/Base Application/Warehouse/InternalDocument/WhseInternalPickHeader.Table.al	205	d16ccf464241cc9350e1adf6f415e7c541436d0f42c4e62f53bf02f7077cfc97
Source/Base Application/Warehouse/InternalDocument/WhseInternalPickLine.Page.al	36	f2bc42ae0aed5f6a9085ba350f542fe834fc36a66f697fc7e0db949d31a94f9f
Source/Base Application/Warehouse/InternalDocument/WhseInternalPickLine.Table.al	330	a2f5b450dc340afefaa0a24338dc4e3f64c106216eff0c8499905c78ca4a3c79
Source/Base Application/Warehouse/InternalDocument/WhseInternalPickLines.Page.al	3	5a5756b8db7f41266e52cb2769c3800427d11f99c66a0a3916eeca2910d2bfdd
Source/Base Application/Warehouse/InternalDocument/WhseInternalPickList.Page.al	11	e7e126ec01b5bf4ef66ed18de011629b3841b3c73a4f348a5444883196751170
Source/Base Application/Warehouse/InternalDocument/WhseInternalPickRelease.Codeunit.al	73	a4d78bcbd85e30f38aa6f18dd0222a6856c713a0e84a1873a34549d187f09605
Source/Base Application/Warehouse/InternalDocument/WhseInternalPutaway.Page.al	28	cd02b8c5c33ab49d74d93c9bf681fb157146540fb6b52bd8273eb47cd0e43621
Source/Base Application/Warehouse/InternalDocument/WhseInternalPutawayHeader.Table.al	208	1fc49542db820c485acb879fcc52a2bcc0fe4f1e58cd1e1a7dfa4a73fd72ed88
Source/Base Application/Warehouse/InternalDocument/WhseInternalPutawayLine.Table.al	454	5880f9ccdc0dd807ad60cee6641f9ce0025675adbebd823f6cbe3573bfa4af21
Source/Base Application/Warehouse/InternalDocument/WhseInternalPutawayLines.Page.al	3	f620cc5f5aa3e3a74e8b9de7be5e85defadec0ee6b3ab87ef640b444e0916827
Source/Base Application/Warehouse/InternalDocument/WhseInternalPutawayList.Page.al	9	f8327f3334d3667dd024fb8754c7c026c278c45425a4cc68c1cdb6db8decf56f
Source/Base Application/Warehouse/InternalDocument/WhseIntPutawayRelease.Codeunit.al	66	f277aea0c7dce0ed60c6656ee0d1c365b1a1adfe0916558a062157fe34f466e3
Source/Base Application/Warehouse/InventoryDocument/PostedInvtPick.Page.al	4	8a2338a81efa7bb28c8a3789b656379356e50c059ede7b6ba1f3f7b09b126921
Source/Base Application/Warehouse/InventoryDocument/PostedInvtPickHeader.Table.al	31	d0f9a3dae7bf61ee584140e39a1df66be308daad2f3860137e67e3b292b8a5e0
Source/Base Application/Warehouse/InventoryDocument/PostedInvtPickLine.Table.al	17	3a6893b58785aaf3312c3d3b6cfe39b533553140623816480dcbd8e8f1cbd0a1
Source/Base Application/Warehouse/InventoryDocument/PostedInvtPickLines.Page.al	3	f9a54db48cb142f2333f21b0365487e343f62556458bfaa68cf099863dd3a6c7
Source/Base Application/Warehouse/InventoryDocument/PostedInvtPickList.Page.al	2	681f220d2abde4f5e686192704bcc018f7cab43ed5f07650e52de7d0081c055a
Source/Base Application/Warehouse/InventoryDocument/PostedInvtPickSubform.Page.al	8	590853c6095af522ba34c0bde944553f5460eb25e300f55bf7a911508a4980ae
Source/Base Application/Warehouse/InventoryDocument/PostedInvtPutaway.Page.al	4	9904f728a4d77d2b459c0274cfc52e53066f10403f17593a046e1f3cb9b93f1d
Source/Base Application/Warehouse/InventoryDocument/PostedInvtPutawayHeader.Table.al	31	8ada5644653644f3a02baca0d3308efacd9039beb68300318f5b7f1af8889f38
Source/Base Application/Warehouse/InventoryDocument/PostedInvtPutawayLine.Table.al	18	2d21d96eada8c39c7570d17fb471cde1e499eb12b7324f2348c91c3fad720545
Source/Base Application/Warehouse/InventoryDocument/PostedInvtPutawayLines.Page.al	3	69d790cfb5b48f0bb0398001cced963ffff6a5741575d021fecef94ac44b23f3
Source/Base Application/Warehouse/InventoryDocument/PostedInvtPutawayList.Page.al	2	ef4bbdf11d39c36914df15d449425a5e7b505ed006cb27a6bb57bd3967f215ce
Source/Base Application/Warehouse/InventoryDocument/PostedInvtPutawaySubform.Page.al	8	fdb2b1dbe9212178df02a32e10e9e5edc5b5a1bedc1ccecc51489d5c78e35901
Source/Base Application/Warehouse/InventoryDocument/RegInvtMovementLines.Page.al	2	5c7d0ae868806742c771451779643c7c0dc694bc3fd13369f27c7f0bf464624b
Source/Base Application/Warehouse/InventoryDocument/RegInvtMovementSubform.Page.al	8	6a6a89271b3ab6068334e9ef232805867ef40f84abac6e0eb7c55285963d36d2
Source/Base Application/Warehouse/InventoryDocument/RegisteredInvtMovement.Page.al	2	ccea017c9031eb4bec9a358a8473a34202c781653e198b631bb9fbf43fad8312
Source/Base Application/Warehouse/InventoryDocument/RegisteredInvtMovementHdr.Table.al	9	cedd555aea97a8be5a4abab6b340eeb5e296a77fd335ae0a0b4069f952abe529
Source/Base Application/Warehouse/InventoryDocument/RegisteredInvtMovementLine.Table.al	9	4349b35e135c733e2aff01ed541928d9a1574e43cc154b0cef37578441884a4e
Source/Base Application/Warehouse/Journal/CalculateWhseAdjustment.Report.al	309	09ecbfa67195dd9c38ba0cfcfc41a5a81f077495981dc3c9dcb8b50a510feca4
Source/Base Application/Warehouse/Journal/WarehouseJournalBatch.Table.al	59	3184af53bdb24bf366efa174f958bda12d7733b52420915a236a5973fb021beb
Source/Base Application/Warehouse/Journal/WarehouseJournalLine.Table.al	927	63392f9b38667c4810c98a30f70613bf4e986f7e6b0799164c66660637ba969d
Source/Base Application/Warehouse/Journal/WarehouseJournalLines.Page.al	2	8fbea94befd281867cfab006f9d74cd02851ee0ca80585088006147f36eb6681
Source/Base Application/Warehouse/Journal/WarehouseJournalTemplate.Table.al	41	066e04dd8ec779f10c08d1a1568ff6b79c8d1a20b4bfaa246abca039561f9c21
Source/Base Application/Warehouse/Journal/WhseItemJournal.Page.al	71	08af096928279aeeb3454941b37629468ff49584b70a7fa6bbd1f4eba782838d
Source/Base Application/Warehouse/Journal/WhseJnlBRegister.Codeunit.al	38	44342b7824f82234a559fa63a20d15fbebe58dea07084cf16c3f9a70bec0f3c5
Source/Base Application/Warehouse/Journal/WhseJnlRegister.Codeunit.al	56	beb8bcc51d72162c6087356e3e34e4c7ffb8a86146d9de0f4c4a34c800c30a62
Source/Base Application/Warehouse/Journal/WhseJnlRegisterBatch.Codeunit.al	420	f6c63680abaa8d504aeb99b092f7d4f17cccac37dec965f44be81ca11fcebc3f
Source/Base Application/Warehouse/Journal/WhseJnlRegisterLine.Codeunit.al	478	d009ada8331e568283a1dfaafef91aa61b1d1885aec9e5ab5ffb365a0333e407
Source/Base Application/Warehouse/Journal/WhseJnlRegisterPrint.Codeunit.al	40	e0c8ac510b65e0a80e246ee3d82b62b8b4b2f9b26876f49c215cc621b97fb2fb
Source/Base Application/Warehouse/Journal/WhseJournalBatches.Page.al	8	848716b22d1378009c99fe32264f7c37d05455026bebec8fdc7c370e511c5031
Source/Base Application/Warehouse/Journal/WhseJournalBatchesList.Page.al	43	9ae4ed88d76aa02743b2bb004026c268a441323be4b8605a21e42b1ce486cdd0
Source/Base Application/Warehouse/Journal/WhsePhysInvtJournal.Page.al	99	eee2e58c844ccab2337a010eb47b06afd36473f93dc425bc37ff8f2f45405d98
Source/Base Application/Warehouse/Journal/WhseReclassificationJournal.Page.al	59	99041f8543643193a2806c35ec94f84350badb264bbd82e9cf69b6dc05fb599a
Source/Base Application/Warehouse/Journal/WMSManagement.Codeunit.al	1315	047fa87bef4e465980410a09188100c6bb3e7d88467780b12a07fdf8c6ecddc8
Source/Base Application/Warehouse/Ledger/DateCompressWhseEntries.Report.al	372	4ab4df2b8c7c56c944a755f97a3eb3092a743a942c1cea2b9e452134d853e48f
Source/Base Application/Warehouse/Ledger/DeleteEmptyWhseRegisters.Report.al	26	09658e319e14144c290776f2f485be5eab57f07dbf237af1fe5c66761bd93f3c
Source/Base Application/Warehouse/Ledger/WarehouseEntries.Page.al	27	9a6c213e91f05982d73bc1cfbbbf8a351c001f630e324bf7ed4126379ef308b6
Source/Base Application/Warehouse/Ledger/WarehouseEntry.Table.al	148	4cd6f9219fe68cee8be3c2ba26b789bb93574cfd4183476c871e7a46df31d32a
Source/Base Application/Warehouse/Ledger/WarehouseRegister.Table.al	20	37fa870c257f89b31a5cc6351f205fe4e63e3c2a09d1da2ea0e7f7bce8c0ddb0
Source/Base Application/Warehouse/Ledger/WarehouseRegisters.Page.al	8	56ea7cec0576c86fd8548e33981d59807efa246ea0bbae136ecaf38463820e7c
Source/Base Application/Warehouse/Ledger/WhseItemEntryRelation.Table.al	31	946d998fe45512a78bc40b3da4e20eb71879c6590582223b5a626dee46734717
Source/Base Application/Warehouse/Reports/InventoryMovement.Report.al	29	13d5ed99cd28509a2affac18d8deec80b16689a11b3482d3fa349028bf93a1f8
Source/Base Application/Warehouse/Reports/InventoryPutawayList.Report.al	10	2bcf9a078a840ab2838d029261310863c809ebe7806349721989b8a418ce9e66
Source/Base Application/Warehouse/Reports/MovementList.Report.al	90	f18f255a93872d2703c44a3557fd3d263c74c43ce2a6e730c563e51823f18669
Source/Base Application/Warehouse/Reports/PickingList.Report.al	100	49c76c6fa0e40a045eb46564612dae37888ba35f4806a9ca2cad96727e43a7c6
Source/Base Application/Warehouse/Reports/PutawayList.Report.al	102	0292f4a2c712ad01ce3d3e28f168d0cae1da050917cc083bf650f55e8d348988
Source/Base Application/Warehouse/Reports/WarehouseBinList.Report.al	9	546688d4b7c88c793dd380562e0d5430672000feb28a5024a1c4e7ec15821d7d
Source/Base Application/Warehouse/Reports/WarehouseRegisterQuantity.Report.al	11	6455e54304430d63b77f7570ca9f10048fe58a925f7ad066fe261f06b065b959
Source/Base Application/Warehouse/Reports/WhseAdjustmentBin.Report.al	46	5bf8234c67b2493e6c5267ec97d6794b9a8d18eb819fd3639e60779048c92101
Source/Base Application/Warehouse/Reports/WhseInvtRegisteringTest.Report.al	94	9e683d893b46aaa672b1d6ab79dd27408fe92e6ff334094f641ec94c21cc71fe
Source/Base Application/Warehouse/Reports/WhsePhysInventoryList.Report.al	5	fb580366befb264e7e000b1ccbe036f3cdace4a5387664c3ea4fb9fce8ceb8b0
Source/Base Application/Warehouse/Request/CreateInvtPutawayPickMvmt.Report.al	191	16238c0ec9781561c58abe6f3209c6de3e2175c7a29f18b54d9d7c8b7bd1116e
Source/Base Application/Warehouse/Request/FilterstoGetSourceDocs.Page.al	44	ff1268e179a259b8bb4af58f038b354bdb093ee2189dd2252b5356e7a9bc0e01
Source/Base Application/Warehouse/Request/GetInboundSourceDocuments.Report.al	32	4e375c6212877be4502cd34723eed7b023e7099bfce76e278b61c14d9715cdd3
Source/Base Application/Warehouse/Request/GetOutboundSourceDocuments.Report.al	128	90a7f5c5aad72b27e1ba5880dd15e4565e5ef0b9a4763b75c2ab51d8832c3f2a
Source/Base Application/Warehouse/Request/GetSourceDocInbound.Codeunit.al	200	4c4de5bc75c5cbb78b692c6fcc9d4110d7ff31f764200005f702f80f44a4cddc
Source/Base Application/Warehouse/Request/GetSourceDocOutbound.Codeunit.al	373	a901f68c56383d49e43b620ef4c1ac684e0876eb2a4d81be652fa816e2fbaafa
Source/Base Application/Warehouse/Request/GetSourceDocumentList.Codeunit.al	24	86aa9e749b063858d5530b2b6b91e5e522e902c1a0970c8c726bfd5f0e500e4f
Source/Base Application/Warehouse/Request/GetSourceDocuments.Report.al	567	52a0640ec45295452b76a7fa206e882b6f3a4ebf2f3b86091a00e58d29d7f82e
Source/Base Application/Warehouse/Request/PickSelection.Page.al	9	e6d3cdaf717d315caad98ebfb4f5eff76bffedeaed2c3c5bd9125b67a23a5f56
Source/Base Application/Warehouse/Request/PutawaySelection.Page.al	2	67a4660c314bcc58cad4a2d06fada5438f662abcef1f388e3e64f0ea9c15905e
Source/Base Application/Warehouse/Request/SourceDocumentFilterCard.Page.al	90	3c54d3dbeb4f24c0b888ab495a489c70d53231db8a7c65ac23ae2cfff4550222
Source/Base Application/Warehouse/Request/SourceDocuments.Page.al	16	89da6d746c057dd732e909409fbdfa657a4dd0de30a67f65565577021d4eb471
Source/Base Application/Warehouse/Request/WarehouseRequest.Table.al	13	462978183894b76d74f42c4717d5a756e0c287bd4b77f3a06802ba899bf3ea76
Source/Base Application/Warehouse/Request/WarehouseSourceFilter.Table.al	111	1be49923a376404fe6f84ebda66bde4cfbd9cdeb2630e3ca67a880eea38761dd
Source/Base Application/Warehouse/Request/WhseCreateSourceDocument.Codeunit.al	83	955086a5ee6b52f6900a48536ba573a7b5ee8d7bc97b8329b04d3cd820c6d4a8
Source/Base Application/Warehouse/Request/WhseJnlBRegisterPrint.Codeunit.al	45	86c520c28d72659186c5047ae2ae6157dab88ef3a83b4384d2ae06a3094641cd
Source/Base Application/Warehouse/Request/WhseManagement.Codeunit.al	147	afbef54c7fe1bf4ded4b03fc13b587b6cb0693b2bd237390bb6147fb9c2834fe
Source/Base Application/Warehouse/Request/WhsePickRequest.Table.al	23	9271372c918157677ff3bba03440395a488178fbcf8723108d01793097beb0e2
Source/Base Application/Warehouse/Request/WhsePutawayRequest.Table.al	12	c9b0b2dcbcff04508c695279c016ba0ea0192c116ef5faa72e341b4dce6236f0
Source/Base Application/Warehouse/Request/WhseSourceCreateDocument.Report.al	789	e8c898bb15a4eae1caa21de80216662f39113b5f6b64f75cb2ade81514c361c4
Source/Base Application/Warehouse/Request/WhseValidateSourceHeader.Codeunit.al	19	18794c25efad75583172c7302e992b65fa72c6a56ec5219b70dbe9d636a9e23d
Source/Base Application/Warehouse/Request/WhseValidateSourceLine.Codeunit.al	249	b57a688b6757d1a577007389173513a4ba915ab72290ee84182270d547b29056
Source/Base Application/Warehouse/RoleCenters/WarehouseWMSCue.Table.al	24	84be4fa41c75becbae93d5c5ad0e34b6fe11ed1d9d5a206d5b42cf1a1843664d
Source/Base Application/Warehouse/RoleCenters/WarehouseWorkerActivities.Page.al	9	7f22706b4c2deea05f9f8dea4f444bc1f7ab59c595af0760d3c6895cb5808c8d
Source/Base Application/Warehouse/RoleCenters/WhseShipReceiveActivities.Page.al	11	4071befb3b55a1942d4ae919d0c38aa80104d5deec88b107a2ff2f7b795a70d0
Source/Base Application/Warehouse/RoleCenters/WMSShipReceiveActivities.Page.al	11	2d48e056eb610e933190fd0098c15f213e4802f0a2101a0b4b278c5a57244802
Source/Base Application/Warehouse/Setup/ItemWarehouseFactBox.Page.al	12	f76f5815726e08a23683368da50a0f20dbdb2195e9c22685301c1d5c9b84c90f
Source/Base Application/Warehouse/Setup/ReportSelectionWarehouse.Page.al	15	04131bd39e79b0be199b2008e1471803465dab2b19c961e4b0960bdb0eb281d3
Source/Base Application/Warehouse/Setup/ReportSelectionWarehouse.Table.al	52	8b5bf1e4d6a63df46a0be44b6afc9f266d1e2af14ffa092bfdbd32ff296fbfdc
Source/Base Application/Warehouse/Setup/WarehouseDataClassification.Codeunit.al	145	985cd9ec17e0db69132f6456ee729ce85ddd7fb99c0fc0153babec79b314cfcf
Source/Base Application/Warehouse/Setup/WarehouseEmployee.Table.al	30	0aa345483f676106205ab0db4675ed1b68f218888e2f06b0f7d05a1ed8256303
Source/Base Application/Warehouse/Setup/WarehouseEmployeeList.Page.al	2	115ab579aa83326913f96f700c20a15c44f6079a8ae2f0fbbd1d34e01143b93d
Source/Base Application/Warehouse/Setup/WarehouseEmployees.Page.al	12	16126ba0db45e71e0d663141090312fb95873f37628c260435e9b175a24f4f9c
Source/Base Application/Warehouse/Setup/WarehouseSetup.Page.al	6	bc148215b4423b2d6ceb24e5c0a250498d9a23d1bc95fe20bb758fdf9cb0be49
Source/Base Application/Warehouse/Setup/WarehouseSetup.Table.al	72	4c35510abfe2e0f39d4c93b0bba6eed5416efe320813ddc5e2dca2c9ce2220fd
Source/Base Application/Warehouse/Setup/WhseEmplLocationBuffer.Codeunit.al	21	37a571402a485d4faee85b925fdecc876c3903998d4d1c361a1b1d01bc9c5830
Source/Base Application/Warehouse/Structure/Bin.Table.al	393	8b6f0c6034f43da7b5a556786d6db3b79108f144d155a95fae39304ea5a04a70
Source/Base Application/Warehouse/Structure/BinContent.Page.al	10	914f5bd5940141f05d6a9bf03ad0417e1a31a6898d5b46da27bd76c5b67cb208
Source/Base Application/Warehouse/Structure/BinContent.Table.al	830	94e76d1958351661572e5deff0cfe9d4db108936ac9ccccacf1f68b980c6e8e2
Source/Base Application/Warehouse/Structure/BinContentBuffer.Table.al	24	0f12a11557f8ffd1587515a278117dff0c5f8ee74fb6c33e1cca822aa0bee8c4
Source/Base Application/Warehouse/Structure/BinContentCreate.Codeunit.al	47	5c5eba89549255dfd3300d63dd1070ad5bf9d57c0eabf9bea422e7ce4263fdbe
Source/Base Application/Warehouse/Structure/BinContentCreationWorksheet.Page.al	79	afd312e0d705df5baa80ab6870a7e0734ac7690d350c5400ae9adcbc3addf846
Source/Base Application/Warehouse/Structure/BinContents.Page.al	133	76054cc9c17c0588c959ce78c07bb5b6db315c499b49eaec19a0b466985fff79
Source/Base Application/Warehouse/Structure/BinContentsList.Page.al	10	cacb3650ddc835e9bf0a7a5fa4d43ab729818d572b7738361e73055cec714af9
Source/Base Application/Warehouse/Structure/BinCreate.Codeunit.al	42	fc9bf9b7e58bffb11b3c73361fa4fda1bb68e2be460349b107d1d9114a609357
Source/Base Application/Warehouse/Structure/BinCreationWkshName.Table.al	25	42a13add9d77ec666453cb80567d7f520ae6b41900e20d90381f4f942c2c3eb3
Source/Base Application/Warehouse/Structure/BinCreationWkshNameList.Page.al	43	5cef76f6ca80b4e529bb108f19b96da1cdb5288d307a02feb4e1cc1c4ff5e42b
Source/Base Application/Warehouse/Structure/BinCreationWkshNames.Page.al	6	b51d825ecfa4ce7b7dd94cbcc3b0c72f91f464bed98b322e04465f272b346780
Source/Base Application/Warehouse/Structure/BinCreationWkshTemplate.Table.al	15	7752316d96b39540994b7e91e07fbab16fa7ae3863ca5741bcca051771bb4f9b
Source/Base Application/Warehouse/Structure/BinCreationWorksheet.Page.al	61	4f0bdbc4cbd3f8383dfb1429dce0ea79e593f6c8a7be743d620ce000c5f75d35
Source/Base Application/Warehouse/Structure/BinCreationWorksheetLine.Table.al	353	e47cb8e1ca2cb7bf3900062ad872c0fd0234f577af372ea8e705aeef85d747e2
Source/Base Application/Warehouse/Structure/Bins.Page.al	15	9e636ad88064952366f1988e1a94eb351d7b8b08f886fb08ae9c3c986ce26e9c
Source/Base Application/Warehouse/Structure/BinTemplate.Table.al	35	df368543699c3b0a80def5d8ce991585a1a68901418c087911020a17b828e79e
Source/Base Application/Warehouse/Structure/BinType.Table.al	103	398d5fb3df7f4ed1f51a1637845849ecf47fceb26ff8b451a6a35923fc717cea
Source/Base Application/Warehouse/Structure/CalculateBinReplenishment.Report.al	28	f51b065bebf7494dae15be2a3b0012683b9f519a23f059dd39e1a0cbc67c9c5e
Source/Base Application/Warehouse/Structure/CalculateBins.Report.al	186	72f35328f5f1c74acd3002472b7bf31c1195a8e114248d8c9263d1df48dd5d9b
Source/Base Application/Warehouse/Structure/CreateWarehouseLocation.Report.al	197	992fd8324ddb6ac101c006ab126daea56c7feafd868994d435b8a79c9d964535
Source/Base Application/Warehouse/Structure/LocationswithWarehouseList.Page.al	4	6bd36e141eeb7899e7afaa997573671e57984d08da66a11e6d4800a9df3af5c6
Source/Base Application/Warehouse/Structure/LotNumbersbyBinFactBox.Page.al	30	0b2f96ddd9703b2255d5507bce592e204bbebe6b463453a0565b343cc6066c22
Source/Base Application/Warehouse/Structure/WhseCalculateInventory.Report.al	252	c4c053c46b0a7f43c081cc5d48aac2124f118e489737ed51211d429d4d3383f5
Source/Base Application/Warehouse/Structure/WhseGetBinContent.Report.al	350	00140627e27fbaf56d8cc40a22be67893f317998669dfd3c35def7736f2dbb8c
Source/Base Application/Warehouse/Structure/WhseIntegrationManagement.Codeunit.al	54	6a126b6742ecca27ec91e09c4920b38800ca44b5a672457c73c3dd0e7987a82f
Source/Base Application/Warehouse/Structure/Zone.Table.al	19	f0a4083d936aee0767fc51cf5871a8113a0c4978fdab779a05d05bc22a82f7fe
Source/Base Application/Warehouse/Tracking/WhseItemTrackingFEFO.Codeunit.al	200	aef052a302037861236f3c327b0209da566a109a79111e2162a530ed9cb92267
Source/Base Application/Warehouse/Tracking/WhseItemTrackingLine.Table.al	284	ea6a9fdfb29658b559f4836d5475fb7c31ae6aa459bbc06f51c3b452d6517fad
Source/Base Application/Warehouse/Tracking/WhseItemTrackingLines.Page.al	342	d2172216cd62046d19188f6397cf569679c55b70f4b7aff833c01e4bea38d8aa
Source/Base Application/Warehouse/Worksheet/MovementWorksheet.Page.al	130	65a47d018a482e3b8eea67b3eb3fe8fd9f2532ec3aaf8de6fd1d7cf3f28eb842
Source/Base Application/Warehouse/Worksheet/PickWorksheet.Page.al	109	00b849b5c036385bc8f011ab8ad6ccd9ed30738a8912bac303ad72d897374413
Source/Base Application/Warehouse/Worksheet/PutawayWorksheet.Page.al	85	6cd6b24bf71e03c297c6eff4be883fc2071d4bd281b794a21429cf81885e5694
Source/Base Application/Warehouse/Worksheet/Replenishment.Codeunit.al	260	2298f571d338d0847a67a46caf68792c2ea19dca75bc41c69a036c84d6313d0d
Source/Base Application/Warehouse/Worksheet/WhseCreatePick.Codeunit.al	20	b322e59f8329f10c30434d48a3b9196690464d09fece9f533316a569498d9089
Source/Base Application/Warehouse/Worksheet/WhseWorksheetCreate.Codeunit.al	380	b0c71ddce63e2beaa6646132e3811510cbf48c80ddc2d38750e22e9c4296a359
Source/Base Application/Warehouse/Worksheet/WhseWorksheetLine.Table.al	843	ca96f2ea9361bc33a7c66fb654945e36bc541461246c00e36856e4d3217ec803
Source/Base Application/Warehouse/Worksheet/WhseWorksheetName.Table.al	39	d72def95cb02182ff239075c79803f129db33606556a32ccb86db312476ed186
Source/Base Application/Warehouse/Worksheet/WhseWorksheetNames.Page.al	8	d9445a660ec6f90cf397129f49c1b854d212ba485177fee8b0c73681c10d54d2
Source/Base Application/Warehouse/Worksheet/WhseWorksheetTemplate.Table.al	16	23e523d4724261578c48c26e131b763a6eb31bbe3ecf7626b0dcca9ce8ae7bbf
Source/Base Application/Warehouse/Worksheet/WorksheetNamesList.Page.al	9	28e955982776bd3b2165eea217a59c2a68a69fbcea5358e24d68119ee65aba1d
Source/Base Application/WebhookSupportedResources.Page.al	43	3a9958ad857a3395ffb93feeb113aa2c0744b71b8b3a546f3609463a6e6f1374
Test/Library-NoTransactions/NoTransactionsSubscriber.Codeunit.al	74	41335a8908fc213fb5ef6d89a86b4217b5da7f06989018503e4e80de0939874d
Test/Tests-Bank/AppliedPaymentEntriesTest.Codeunit.al	511	6c85f957295ae6b03224d38a9a15d144a2b9abfbfd4b2634fa23043c1d55de40
Test/Tests-Bank/AutomPaymentRegistrationUT.Codeunit.al	116	84b1e41a86bec2c32469d6e2fe741b350651e1e61df3cd306cd4e64eef90069f
Test/Tests-Bank/AutomPaymentRegistrationUX.Codeunit.al	92	5ecd1469937440a7db7b213766a71a42c3d63dd94a69f1229f593d3559438475
Test/Tests-Bank/BankPmtApplAlgorithm.Codeunit.al	3286	67516ace636e696e62df79a1b24a7a9a2628c642e4a4ac24495f4f6909b70ec8
Test/Tests-Bank/BankPmtApplAlgorithmII.Codeunit.al	244	8e18dc30d3e4c255b0897f16db02f0032b16cf95f602411607dcaaf06e01dfe8
Test/Tests-Bank/BankPmtApplRuleUT.Codeunit.al	366	476fa48566ed148fafa86535a34dda2999b1318c187c0e7d9ebfd14058c13276
Test/Tests-Bank/BankPmtApplTolerance.Codeunit.al	882	7f82ca58569c59ab04dbdded6014975d3bef14177f9e0da1f11520076a65c69e
Test/Tests-Bank/BankRecTestReportUT.Codeunit.al	104	1c83a3f9a43371023ae4bc79c766ab9d7f426b671efd298b5f746a4f7ea3075f
Test/Tests-Bank/ERMBankAccount.Codeunit.al	366	f8813817528accfd53394b9f3611a2020f03023d071701503a3d916e9e72dbda
Test/Tests-Bank/ERMBankReconciliation.Codeunit.al	3116	767ae24c8845bf26a844c8a5e52c61d3266ea3b7b70610fd168d1054b306e452
Test/Tests-Bank/ERMCashManager.Codeunit.al	684	f158449244ba9d429fe088faf17687986a5ed297869337a8d03d2170c1cf4ad0
Test/Tests-Bank/MatchBankReconciliationUT.Codeunit.al	867	01865c8e986b5e4e45ed74030d028087e643cb9d8ed8c26969a81413da46c487
Test/Tests-Bank/MatchBankRecScenarios.Codeunit.al	674	9101b559674d2a397d6dcaf64a83fe54966fd8a8e342e222aefd60d6544e21e9
Test/Tests-Bank/MatchingonPaymentDiscounts.Codeunit.al	1188	86d62beff071cc31a9f87834dff12e74bf0c01f7eb5a86cc46ab569e393e06a1
Test/Tests-Bank/PaymentProposalUT.Codeunit.al	1513	9ea8674c5462ee4ab67c018eb6a8284dd723d96b10ea6fbf14b597458715cce0
Test/Tests-Bank/PaymentProposalUT2.Codeunit.al	1105	962d29c92766b65f83584370e5411109d3c8ebfa2c18016329147aaf162e021a
Test/Tests-Bank/PaymentReconE2ETestsPerf.Codeunit.al	217	8cf7fa3479c634bcda3beb2eef5fa5632b5622f60ad265bd48126f498a6a210c
Test/Tests-Bank/TestBankAccountTables.Codeunit.al	182	c41f5ccbb4737898ef8e7595ac672b29f6b5d6a9cb813b0f5bb680782335b8ed
Test/Tests-Bank/TestBankPaymentApplication.Codeunit.al	1083	d3981db33a6a1b3e52fcd2ec906f8c60cd0fd10674c361f8f303dde744b9eddd
Test/Tests-Cash Flow/CashFlowFrcstHandlerTests.Codeunit.al	148	a64b622da2a0f35eaf579492cbcd39b1f8f14efe248ccd38395171f49f782372
Test/Tests-Cash Flow/CashFlowSetupTest.Codeunit.al	134	8e467c51bf27666b86a735d495fdf0405a3ab859048b1e91aa6f93b4b1a07114
Test/Tests-Cash Flow/CFForecastWizardTests.Codeunit.al	100	e905f18de469ab826b50839a70fef165fc1dcbcb9060502cba8304c9046a979c
Test/Tests-Cash Flow/CFFrcstAzureAI.Codeunit.al	775	b22cc9779d10cfc298490c373146b3f17083b84c43026fbc02d8cce5b3ef5cd8
Test/Tests-Cash Flow/ERMCashFlowFillingI.Codeunit.al	1277	e137da7c0101ed999e4550e06587771bc25c79be37279c4c97dba1884a1f1545
Test/Tests-Cash Flow/ERMCashFlowFillingII.Codeunit.al	1356	64a046dc52cf037bd375aeca95474a4d2d994dd47fae53823ce56588fab5b65c
Test/Tests-Cash Flow/ERMCashFlowNavigate.Codeunit.al	346	25eca5b011e47303c74e6015b24f1ad3995f516b572e6399d2c022b2cab5d29e
Test/Tests-Cash Flow/ERMCashFlowPages.Codeunit.al	450	e118e1f376ae71fa7ff4f188560f21f19fb7be019fd9f2847eaa7b783f1deb14
Test/Tests-Cash Flow/ERMCashFlowPosting.Codeunit.al	102	61ce2f5c2a6db703f745d493555e595db50e4b5ece983dd5bda49149a0efd4fa
Test/Tests-Cash Flow/ERMCashFlowReports.Codeunit.al	271	0c6da80baf903dabe9477586b48384e3a23830046ebfda70d02224819a899ad7
Test/Tests-Cash Flow/ERMCashFlowSimplifications.Codeunit.al	110	b7dff38e18fff855e6b4f908d5264b7b1e081a01044d43cb89ca0db84e30201f
Test/Tests-Cash Flow/ERMCashFlowUnitTests.Codeunit.al	1431	eb70b222e84ca655aa157736863ab1e80ad127c8accd5bfc7acaeed320063bfb
Test/Tests-Cash Flow/ERMCFAccounts.Codeunit.al	139	f65e88821cf45e3dd3a6d5485870eecd8a1a2dbfbd34236b97d263ba321165fc
Test/Tests-Cash Flow/ERMCFGLBudget.Codeunit.al	151	af4d068ffa8af6901454b4b679c4bc5291ab36b6ea8fc33d3a80ef9b8bc0d31e
Test/Tests-Cost Accounting/ERMCABudget.Codeunit.al	785	521dafd3a531e334d33a61525c44a4d4e7173dc2a47ae3f52dcd58114422e293
Test/Tests-Cost Accounting/ERMCACostJournal.Codeunit.al	290	b5b308e63812a56f70c11dc4e17661a7ea14376b4060fae7a88f63b994153e3e
Test/Tests-Cost Accounting/ERMCAGLAutotransfer.Codeunit.al	34	a70ee6a5e35b349fc83bcbe4424dcbebcbc0684b70ecd6d8b5b580e334b29103
Test/Tests-Cost Accounting/ERMCAGLTransfer.Codeunit.al	284	ebdcb728ca69c92eb2a754ff2ff679f05bc94c495f5760d859f00f133cb9ed44
Test/Tests-Cost Accounting/ERMCAReporting.Codeunit.al	288	1856d4506e1354fc76c8fde44beea71392ab882e5f3462ac28fce9fb19d0701e
Test/Tests-Cost Accounting/ERMCostAccAllocations.Codeunit.al	707	9c8d9a1b363312fdfd170cd75cbaa60dfde22913ca8ddc102d729cca0b90fc40
Test/Tests-Cost Accounting/ERMCostAccountingCodeunit.Codeunit.al	1571	84faebfa450e961818584896c5a7d1e6fc85e2e644bce354667e9991e5c7a799
Test/Tests-Cost Accounting/ERMCostAccountingPages.Codeunit.al	1749	12f16050dda66768a0dec39bb8526c298237e60c2142bf42832feee1ea1798ba
Test/Tests-Cost Accounting/ERMCostAccountingPagesII.Codeunit.al	128	36c6468ff99ed341b88ce394fa1fdc6e333077db87e305ea4104de755dacdd67
Test/Tests-Cost Accounting/ERMCostAccountingRepTest.Codeunit.al	642	0c875a466399b50f2e30fb8c3c4afc7b30e7a453620edec0409745566758ba24
Test/Tests-Cost Accounting/ERMCostAccountingSetup.Codeunit.al	381	00f143e02a614496638f8ce392c84b20ee30ac64430d1057d2e1d30a96b0dbce
Test/Tests-Cost Accounting/ERMCostAccountingTables.Codeunit.al	1414	ba95ecf7170e3bbff82b070079de5d9801d169633f65fa1aca599a0dbcf07712
Test/Tests-CRM integration/CDSConnectionSetupTest.Codeunit.al	620	a1bc6f74ca5620062f1db89bf8a1c78e92137bd515e7c30a61a5c387c90aa845
Test/Tests-CRM integration/CDSConnectionString.Codeunit.al	350	29822db5183d2d281fb2834ea3e1160a552775098355cb390ad4ba65337fa805
Test/Tests-CRM integration/CDSConnectionWizardTests.Codeunit.al	134	a9e97b6ce7f8eda303c4baba5794dae6241b77aea50043e86af8312f26529c46
Test/Tests-CRM integration/CDSIntegrationMgtTest.Codeunit.al	606	4b3e40e754aa2656c6708f9826586e096b2d3c2f15d8595c83504af78f60358f
Test/Tests-CRM integration/CDSMatchBasedCoupling.Codeunit.al	455	269a6a0453f03aba96fe83c812b461a93eb770d98dfbbaa65717fd963d61d98f
Test/Tests-CRM integration/CDSUncoupling.Codeunit.al	1025	bfe7ed40aaed06da0c15b4a23770b2878372b32b4cdc1182871321e464562be0
Test/Tests-CRM integration/ContactSyncTest.Codeunit.al	397	0cf17320111e9a77661624deb012cc250a38b571cd4e113d89fac74002524451
Test/Tests-CRM integration/CRMBusLogicSimulatorTest.Codeunit.al	145	85831084595c1a06da34c457c1d7b089cd1acd91ddeb496e354f250586785643
Test/Tests-CRM integration/CRMConnectionString.Codeunit.al	364	d12003c58fbbdb5deb42aee23c9c2229ee0041bbcbdce5da8530e2d4b1ce052e
Test/Tests-CRM integration/CRMConnectionWizardTests.Codeunit.al	350	cd20afe3c25b2aa9a321775a0a81b3c462ff587aebe1e39c77c8b1f211c9caab
Test/Tests-CRM integration/CRMCouplingRecord.Codeunit.al	753	97de5dfb614d8a67e2f2604b93feb7219ac36f260a70d1f356bcf913b8109c0f
Test/Tests-CRM integration/CRMCouplingTest.Codeunit.al	1037	ff4d4da08efa0c6c1098c32178a50ad1377e79cce8664687b182ef5cd19d612d
Test/Tests-CRM integration/CRMEntitySynchTest.Codeunit.al	1358	62b1e39075c2af6cbc7de6ab17c30e57e72e875d3a5e0cd363734b6f936f7e35
Test/Tests-CRM integration/CRMFullSynchronization.Codeunit.al	689	8bb253acdc54eafe22a56168bd5b11a2fa677e421f59d3774af522cbd5a6b974
Test/Tests-CRM integration/CRMIntegrationMapping.Codeunit.al	1317	88b46438b9e9b1d6b409feb724b7373c6faa7f967b85cdd855d5f910df99d9ab
Test/Tests-CRM integration/CRMIntegrationMgtTest.Codeunit.al	1236	f7a525ab58ce22ed57bd5769432934426fd9ed01f7e1d130ba41132712b8ba5d
Test/Tests-CRM integration/CRMIntegrationRecordTest.Codeunit.al	298	5b3f9bfa72e54213cb6de4c37c7822983ab2ce92494e82f6b7bf6c2d73e196c2
Test/Tests-CRM integration/CRMIntTblMapHelperTests.Codeunit.al	275	9db96121b2e78d0a257ffcc2024b28fd9616107926a7b384b730da88c7a3f5b9
Test/Tests-CRM integration/CRMJobQueueEntryInactivity.Codeunit.al	153	28264055b63bee01ead6282611d7850bc79fd1627642b13c1997ea16f33a593a
Test/Tests-CRM integration/CRMQuotesIntegrTest.Codeunit.al	310	37cab583eac20927d732c4861732e299ebde3d107c7ff879ce26012997791cec
Test/Tests-CRM integration/CRMSalesOrderIntegrTest.Codeunit.al	1037	edd8ee8e2ff188aa180c6cead53262a52ed6de3bd837a26a0a8f1cf3482b2a35
Test/Tests-CRM integration/CRMSetupTest.Codeunit.al	1052	0802075b74d74a756e528492acaca605a8c5ee73cc28a8527899ad7dae527c0e
Test/Tests-CRM integration/CRMStatisticsFactBoxTest.Codeunit.al	140	e4ecea6217b062231f72d54efa7c25e366319be0c7715359b1a4f1a7b181d0ef
Test/Tests-CRM integration/CRMStatisticsJobTest.Codeunit.al	347	ba22d0ff0cd672ed8dae5a5ab61bca6de8312b3811c8be703de59fe8b6f30341
Test/Tests-CRM integration/CRMSynchHelperTest.Codeunit.al	299	2cb153c05a7a067bea95cdb8b3286800eab55bbd449bf9effc0ca2eaf5ffabbf
Test/Tests-CRM integration/CRMSynchJobScenarios.Codeunit.al	321	612ed84f2b58f14b7198224c6e08cecabac895917e7de39253dbaa7f21a6a59a
Test/Tests-CRM integration/CRMSynchNotifications.Codeunit.al	836	261ab05cdd12f1bc66885b5b2329a51e1ad149a4f38655a2726d1cacce80a4c6
Test/Tests-CRM integration/CRMSynchRulesTest.Codeunit.al	332	91059577bb43849389a9f5aa1ba95caaaa24dfad8d13637b83b68634c1a9c9ec
Test/Tests-CRM integration/CRMSynchSkippedRecords.Codeunit.al	891	2fea4f7a422253ba4015423716d750b9e67718834e64d859a15c8a9af0d4fad4
Test/Tests-CRM integration/CRMSynchStatusCueTest.Codeunit.al	63	26ec3161e2d8acbd73bf2cb5d7e1949cc4d6189cc8cb15bcb637fabdb3d6467c
Test/Tests-CRM integration/IntegrationRecordMgmtTest.Codeunit.al	17	cca9f552129d95277abca979f880bf8a22d22d0889e9bdda353b3e96597abd69
Test/Tests-CRM integration/IntegrationRecordSynchTest.Codeunit.al	379	ba61ef9a256382bb464d80d4a808d40d5c81c5f543995e48dc785ed51f455889
Test/Tests-CRM integration/IntegrationTableSynchTest.Codeunit.al	1508	fd7825f05ab1630618f150face82f626d3ac4a3cc3f0fb2d43d3d9f5e7c5456a
Test/Tests-CRM integration/NavigatetoCRMfromNAVTest.Codeunit.al	97	d03519f0359952f94c8880c6ccb831e14a5782e5a024434822101cef6ccc71bc
Test/Tests-Data Exchange/CurrencyExchRateUnitTests.Codeunit.al	449	9ab76da8adbad17fcdd43d6d3be1d3a3a9b34ef58e4ac685ec5e83c89b2d3efb
Test/Tests-Data Exchange/DataExchColumnDefUT.Codeunit.al	87	51e27cf9623a627dd4e4322409518873c34b302da5892b113be7a267cc597012
Test/Tests-Data Exchange/DataExchDefUT.Codeunit.al	365	349dccef6c7ef78572a4ccbd650147656be7eea793bc3d9e7a07a7910b730185
Test/Tests-Data Exchange/DataExchE2E.Codeunit.al	425	50ca96000370f7590c1623d5b12b5bc927fe5987e2a0c073b53eb624bdd4d0ea
Test/Tests-Data Exchange/DataExchExpLatinCharUT.Codeunit.al	145	a171742c52deef1f56d74795f711793e8ac4ba524192823da5fa53661863e5c8
Test/Tests-Data Exchange/DataExchMappingUT.Codeunit.al	94	662e287797bfb02355a4f60de1ae94597613186ab6fec281ace91bb849648fab
Test/Tests-Data Exchange/DataExchMockReadWrite.Codeunit.al	5	b2fa2c93f5d11860db5360f7c0197a8067b3023a76f752a0027423552383263a
Test/Tests-Data Exchange/DataExchtoIntermediateTable.Codeunit.al	449	4a4af59bfe92f4f30efc988f8aa5816feae86015ad45098dbfff9596e3265d0a
Test/Tests-Data Exchange/ExportFrameworkScenarioTest.Codeunit.al	60	f7f73e3e3cb6ee782a24594fae4850d931e123cba3a8742966d6478d23b3d4c4
Test/Tests-Data Exchange/ExpPosPayCheckLedgerUT.Codeunit.al	329	dfecc85ee1c774dc70107510841cf2177e7fe497fcb7954328879f199957ebd4
Test/Tests-Data Exchange/ExpWorkflowGenJnl.Codeunit.al	235	d1b872729e4bcea2e7b37052d586d241eb2f304ebf95d60a919b1dfe3f9a0f8d
Test/Tests-Data Exchange/ExpWorkflowGenJnlUT.Codeunit.al	145	b3d8067c75865eeb4e804239b928e7585eed3406984d8574b318b1b735502d92
Test/Tests-Data Exchange/ImportXMLGenJnlLine.Codeunit.al	670	4da5b13249d2edd11721e20f260fb3e118e2c260f7c97b66848ed7222f94faa9
Test/Tests-Data Exchange/IncomingDocToDataExchUT.Codeunit.al	1772	17ed4a5c7db3380016acd77fce6217b7da7a8f7b319d7db86ecc0adfd6b0f6dd
Test/Tests-Data Exchange/InvoiceMappingTests.Codeunit.al	501	09ee98df670c3e8a8106507118e65b214fff7f781b5f0b255b6efc0990de5fda
Test/Tests-Data Exchange/InvoicePremappingTests.Codeunit.al	1025	6051ede1165bc765fdc6e9ae62cce8cbccb9b7d481aba659b07a741e7af0c67f
Test/Tests-Data Exchange/PaymentExportFXTablesUT.Codeunit.al	151	511c893e152ce2b1aed9f63e1bbac1ae8f045023365fd1a3755f4b358b3d194d
Test/Tests-Data Exchange/PaymentExportXMLPortUT.Codeunit.al	295	22d38f16ad06df82f6ee71bb92cf75c54033bd169e2ba6d0c66bc0eec4ad5a31
Test/Tests-Data Exchange/PmtExportMgtGenJnlTest.Codeunit.al	439	c5732598eec6218c457ae8658fb31442c9298e56f5c55d081004879192440357
Test/Tests-Data Exchange/SimpleDataExchangeUIUT.Codeunit.al	332	8e4efbcef54bbcbc92344fe0668770edab2eef0c2283bce7c975ca364b300dad
Test/Tests-Data Exchange/TestBankMappingGeneric.Codeunit.al	402	64b8c37e9beea33cfb7d9e78f4cfe6d15db7f56b0e1d5ffbb0905048f8f9a81c
Test/Tests-Data Exchange/TestDataExchImportCSV.Codeunit.al	408	bfd740298a6c6bd81f85fe675364cabe70c884e1255fbf46764df3a5f9f953cf
Test/Tests-Data Exchange/TestDataExchImportXML.Codeunit.al	619	5e69cf1df5cd405cd88e775992394a6135d6df25ebbc8dcc24865ece7213c9cd
Test/Tests-Data Exchange/TestMappingToW1Tables.Codeunit.al	857	5041e2f1b5a812cc726f04f28ef19663f0774ad98144045ce50e31aca153e986
Test/Tests-Dimension/ChangeGlobalDimBufferMgt.Codeunit.al	44	c0eacb84c1dbda5735bccc33d32e0bdd990566bd3478ad2644eb5bdee9ff3917
Test/Tests-Dimension/DimensionCorrectionTests.Codeunit.al	988	e64e3c844fd07718288a73d202c9d05ab929a822b2e99c438bbbb5cfb8cc3485
Test/Tests-Dimension/DimFilterUnitTests.Codeunit.al	265	081557619a35f79c2edb7b25ca36bc261af46a44ffc17fae90cf2fe79ad7e166
Test/Tests-Dimension/ERMChangeGlobalDimensions.Codeunit.al	2211	01b00036b99ff54b38e1f8938e31000b367510d6487d0fb64151c931035ce985
Test/Tests-Dimension/ERMDimension.Codeunit.al	592	e88929c840d23de0077c467596be90bbd26cc68aea04843eea432f48f834828a
Test/Tests-Dimension/ERMDimensionAllowedByAcc.Codeunit.al	617	c32844923c5109e8a1ddf85a23a303667013695e87efa2376b91764189f606da
Test/Tests-Dimension/ERMDimensionArchiveDocument.Codeunit.al	391	fe3b40207f4761fe6e37fc30668d6d882b7aaafb101fdfc2aa8b0543dfe5083b
Test/Tests-Dimension/ERMDimensionCombination.Codeunit.al	218	b722936b6c22159d555dc778e62baf67752b93b014ff1b52da012b1dad9cbe50
Test/Tests-Dimension/ERMDimensionGeneralPart1.Codeunit.al	779	95777421ab6dbf7cbeacfe7bc414b92aa266c69b901d5a416d7969392534d638
Test/Tests-Dimension/ERMDimensionGeneralPart2.Codeunit.al	1724	088e33278a6bcfbae442b800f032304b028942bb156ce64a2409fc99d10a1cc8
Test/Tests-Dimension/ERMDimensionJournals.Codeunit.al	1630	68b7950cbb1b4334882b7b1bf561aaaeb1c885f3f0b922e103cecac543c067b4
Test/Tests-Dimension/ERMDimensionLocations.Codeunit.al	723	44ccf626eb50997359ec1c79ead6124508a68d52aacfc3190f22a7e7db06417f
Test/Tests-Dimension/ERMDimensionPriority.Codeunit.al	866	0dedb4fb62c0f85bb9e0b9e08387b52d05d45c22eb3c2786e7375035e63fb0a8
Test/Tests-Dimension/ERMDimensionPurchase.Codeunit.al	1662	0b644c1758eab36679d516a79065a55ecfe889f49fa8f1ecf5c207750f675c24
Test/Tests-Dimension/ERMDimensionReport.Codeunit.al	611	4ac659cd4f584d90719f61c35cd8930f9c1c4cda4920a3036709e43c962a37e6
Test/Tests-Dimension/ERMDimensions70Test.Codeunit.al	292	b7cdf28820202832d82537c63f632f3e3d6fd24c9068025f63a33d90dd636e80
Test/Tests-Dimension/ERMDimensionSales.Codeunit.al	1062	f361289d508f78d6a92bb02ecc1c0244cf058bb2c611731bf08b92009cd9d87d
Test/Tests-Dimension/ERMDimensionShortcuts.Codeunit.al	3205	0b0c5f588abfb5d09998faef6179d80a56580f3f80e0aba097b4b60653801eb8
Test/Tests-Dimension/ERMSuggestVendorPayment.Codeunit.al	2320	a8578830ca9e1eb60cd0b55fdea26a752516072aa3075cadcc78ba7e4b721f9e
Test/Tests-Dimension/O365CancelPurchCrMemoDim.Codeunit.al	158	0121640ba0d74407997ea4c174e54a77e7131913cf1f2f7c10d436d866c3a614
Test/Tests-Dimension/O365CancelSalesCrMemoDim.Codeunit.al	155	61e7e1e76c49178425129764b85d765485019f69f24045ee18244d4fda201852
Test/Tests-Dimension/O365CorrectPurchaseDim.Codeunit.al	252	df5d2a2a78ee75eed75cee87ac4432e439e889f8a6638b50e3bf150d0b6f910a
Test/Tests-Dimension/O365CorrectSalesDim.Codeunit.al	251	21f90ca081b87489c39f02c64f740a56c843cbdecd5d3e6a459c291032694d96
Test/Tests-Dimension/TestChangeShortcutDimension.Codeunit.al	127	fb52629f9f454d6c247394b759bc808bb270b892b4bf90ef81f28a085fd8632a
Test/Tests-ERM/AccountingPeriodSearchTest.Codeunit.al	95	8ea47861f17e788947cf535634028672c9823a68a7a72bdb12355da41027a43a
Test/Tests-ERM/AccScheduleCreationTest.Codeunit.al	190	edf94563d14adb0b9b509586d69bc35ff4a683f4034332749c3ace2d9af588ab
Test/Tests-ERM/AllocAccountSalesE2ETests.Codeunit.al	905	5dd1216d78eae10657311ff77fe0a61d41090edefb677874b049b19deeacb3d1
Test/Tests-ERM/AllocAccPurchE2ETests.Codeunit.al	1013	8bd3dae68a003807002cdf59b8ac7dfd98d69f714bb110bd65ad45b5f397fa53
Test/Tests-ERM/AmountAutoFormatCurrency.Codeunit.al	213	f47434759b79ffd10dcc855e7457b17c405eb614192f0c8483a4458e1cdaf12d
Test/Tests-ERM/BackgroundDocumentPosting.Codeunit.al	360	3710301daa8bf44c014680edc821e2e5beddecb997f7ab86ba2920fdc4b0273f
Test/Tests-ERM/BatchProcessingUT.Codeunit.al	20	92dc96d2ee1968f25913697c7620b3f0dcf6fb10a21b1c6e8bf5e6b35fc71f91
Test/Tests-ERM/CalcPostingDateTest.Codeunit.al	354	ca3b7a9f08f0b86129272c7a80ec77fbf1dc00ee0170c3cad8217f67e67b2a9c
Test/Tests-ERM/CopyPriceDataTest.Codeunit.al	1546	4f290e0c5f1d8fab1f0f5e9a5ea58e3bc2e5cf780380fcda27856bf1b8c37c43
Test/Tests-ERM/CostAdjSchedulingWizard/CostAdjSchManagerTests.Codeunit.al	83	55ab0bfd7397feb2535997ab37ddc06058a2c0e46b82f293738184c0db26a522
Test/Tests-ERM/CostAdjSchedulingWizard/CostAdjSchNotifTests.Codeunit.al	93	4b673c6bdc477f253bc62d1c2ca7e30043a61b70345a34d1be074794f96bce4f
Test/Tests-ERM/CostAdjSchedulingWizard/CostAdjSchWizardTests.Codeunit.al	76	29897957de0f02a1066bc11e87ea75ed9501b13dbf6ec332af9b99096fc520e2
Test/Tests-ERM/CreditTransferRegisterUT.Codeunit.al	567	fd7b557cb0e5429cdd210f6259b3a647695930aa5a79057b053f55926475964c
Test/Tests-ERM/CurrencyUT.Codeunit.al	154	f62c0871a74c3b900483bdb31bc581b635f9dbf627f01ebcef50ee5e332e5c60
Test/Tests-ERM/DataAdminGuideExtTests.Codeunit.al	6	6313024cb9ea6dc59093e7de5ea59f22a6c5bfdcdbe75d0e8788afa30c1af1b2
Test/Tests-ERM/DataAdminGuideTests.Codeunit.al	237	0c23c95ee764fbda12fa8b62041fea2c7c84f428c87cfe79feb782704706d703
Test/Tests-ERM/DataAdministrationPageTests.Codeunit.al	89	59758142453f9ad396eaee6c477d9e68856039207998700bf856ef7b79d0f9dd
Test/Tests-ERM/DateFilterCalcTests.Codeunit.al	11	edd52ee211a9d4b3dbd34f224cdadbef1c3b4276a685d2a56aa84e206fadda1a
Test/Tests-ERM/DefaultCategoriesTest.Codeunit.al	51	175c38f8c2859281b9b66f4293c15ee77edd1893dd94e97a6ca8cc54684ec1b9
Test/Tests-ERM/DiscountSetupNotifications.Codeunit.al	731	d7bf5a98a1632c3895e66af727e2909f92df99df903e867a48fc3c6f2d10b786
Test/Tests-ERM/DocBackgrErrorHandling.Codeunit.al	413	589b5f794857820331eed5a99eeb260d7c20269ecbfdc9ca8bf5676d2061a8f5
Test/Tests-ERM/DocumentTotalsPages.Codeunit.al	1047	acdd239b573072e4bfba0327e9e2edf771f71ebcda1aee33f997bce34adac3f3
Test/Tests-ERM/EditPostedDocuments.Codeunit.al	755	d368db039d6ef405fa4e57031361dfc0b77917477fd86ddf64c6bf658089f124
Test/Tests-ERM/ERMAccounts.Codeunit.al	422	42d0a0c29fe00221b0520e48ec7a7b4b9f97705ab9401927dd2623008c30947c
Test/Tests-ERM/ERMAccountSchedule.Codeunit.al	3551	33abd625fe4870bec8b8721d23e98a37797659584d7e0ffd82991fd550ba3f79
Test/Tests-ERM/ERMAccountScheduleCharts.Codeunit.al	224	41515bff069f6e0b41ff76e89d723b95043a476a1bce6a3e115d843f640f4ca5
Test/Tests-ERM/ERMAccountScheduleII.Codeunit.al	1721	5efbf3dd7f8e107868c03464a12776ab27ef46d46570e4701bf1104d752ce889
Test/Tests-ERM/ERMAdditionalCurrency.Codeunit.al	937	0bbff93b36f6d4b67737b242c3ff9fadfd7d839129096d41c30eb97b9e507bb5
Test/Tests-ERM/ERMAdditionalCurrencyII.Codeunit.al	546	378c2323d9e0105c872414ad7c10040bce4d98689369057d124a3654ccaa8e3c
Test/Tests-ERM/ERMAnalysisView.Codeunit.al	328	012f1537f12ba291956802783c979da436317b0b7be94dab9ff94aa3f9ce57b4
Test/Tests-ERM/ERMAnalysisViewExcelExport.Codeunit.al	573	9a3c238ba0d9b63cea55dc4217aa6197279cd92d9758b354d437f8f649bb0a3f
Test/Tests-ERM/ERMApplicationCustomer.Codeunit.al	1069	5096fe3dc545fb8bebae2812141c0b91a569ce102477f6dcf2e1f1a90aed3bf3
Test/Tests-ERM/ERMApplicationEmployee.Codeunit.al	326	a28bbf6ae7ea78db5a15254a42a833ccb7d6044378fe6e311148f5614883851c
Test/Tests-ERM/ERMApplicationVendor.Codeunit.al	895	a6ee2db938dfefc1b6319530c2cb359c6edbc671b2df1ed3712af08454660d2f
Test/Tests-ERM/ERMApplnRoundingforVendor.Codeunit.al	200	8010308c3a122b643ce9a8be4d6ba1a26cd9c0a0b851e01f067174a64b040297
Test/Tests-ERM/ERMApplyDiffEntriesCust.Codeunit.al	179	78d90ff8c3e5719921db34ee926beb584030a3e3daa3b3930fabb2e413460f99
Test/Tests-ERM/ERMApplyPurchasePayables.Codeunit.al	1113	3eb2389b0321e2d6893b91babd41c5376794556363f53d38e03be41d265ddcb2
Test/Tests-ERM/ERMApplySalesReceivables.Codeunit.al	765	ead21430f67523f5d1232141a30f19e83d9cb1d430d2432fb579a5da5dd406a9
Test/Tests-ERM/ERMApplyUnapplyCustomer.Codeunit.al	1670	d571540fe59a919afae039127e9ba64968bda075c3522a461892f363335bd063
Test/Tests-ERM/ERMApplyUnapplyVendor.Codeunit.al	1385	a7230ffd1842e1fe8cf67d3770e54f7f52816c14b9d31bdaefb80e0d5fc4e31b
Test/Tests-ERM/ERMBaseCalendar.Codeunit.al	259	afc5b4d2324000b2087ca2a11508bcd893cc5a36b0726fa51768580993413adf
Test/Tests-ERM/ERMBatchJob.Codeunit.al	2280	91decced10d8f417d6171038556dd398437c65782838efdfa8c333422f16b7e5
Test/Tests-ERM/ERMBatchJobII.Codeunit.al	281	9586cafaa1b6bfb9ea8404c622c94d0d44f85c6e87b8d02def25b1aaa9aeeba1
Test/Tests-ERM/ERMBATTestforApplication.Codeunit.al	124	3802688a63133df7354434d71555ea786e8ecea66964eb74f66b4782702b4426
Test/Tests-ERM/ERMBudget.Codeunit.al	1653	159a72b041b2a708af7ef918cbe1a8e7a97a374249419c95d261ee2730fd157b
Test/Tests-ERM/ERMBudgetUI.Codeunit.al	254	562455ad6dfc974845815d80db2751f2558aae956290bca74fdab729c652ca67
Test/Tests-ERM/ERMCheckPostingGroups.Codeunit.al	941	b926b8262dc0e4870f0fcb914713dcba7c7d9d113a18fc85dc8a5bf4835d0a7c
Test/Tests-ERM/ERMCloseIncomeStatement.Codeunit.al	479	1dbe9c38214deee8da1a7aa269ef7a0acf39d67bd3a8a478db61d175338040bc
Test/Tests-ERM/ERMConsolidation.Codeunit.al	536	2d6486b64514a5bf14cfa048782584911cf5914c76da6b8de4009bdc470307af
Test/Tests-ERM/ERMConsolidationFromAPI.Codeunit.al	139	a84c7c25527ee4fcf38acf477d8767eeec967f9adf524b218d6444fa1b19488a
Test/Tests-ERM/ERMCopyItem.Codeunit.al	1043	c2c14034fa97d53e77129b75705dcdabed95a3ec9684e12fa984ba9f7b5f6db2
Test/Tests-ERM/ERMCopyNameToLedgEntries.Codeunit.al	622	a63f8dd461526b253936f740a9a935417dd8323d6679118611484e1b49c2d4f2
Test/Tests-ERM/ERMCopyPurchSalesDoc.Codeunit.al	4688	91a0e29245b4245a6c5e262256f1de0b6cfc78c1752795200d4c3796639dd772
Test/Tests-ERM/ERMCreateAndTestGLAccount.Codeunit.al	61	59810db015df54f3ff47c2862f77423677bfb253f2e52e36190eaa61a4516c04
Test/Tests-ERM/ERMCreateFinanceChargeMemo.Codeunit.al	448	e2e538228de3156a027edf8601f63634ba577bc82a31332084de528f4245e200
Test/Tests-ERM/ERMCues.Codeunit.al	650	60d30b4826cca591061512c3dc76ef5edf55cdcde0960b1e017457d3ad936624
Test/Tests-ERM/ERMCurrencyWithLedgerEntry.Codeunit.al	128	ca453bd85f9b8ceca984fe63ca1894a1a3d208af37a7f3bc0785117ed20e0dae
Test/Tests-ERM/ERMCustDateCompressManual.Codeunit.al	78	32fd2304f937d108d37e526b38dccc8704d290a5ed24fc92e948320e3b854b11
Test/Tests-ERM/ERMCustomerApplRounding.Codeunit.al	200	d62811ad44af220cd14f4d1a75847a2b0c776dde78b27c8257e95f7bf68e00e5
Test/Tests-ERM/ERMCustomerDateCompression.Codeunit.al	128	8c0be454f49c5208b502ccee5644e799d5c8a97a6d34fc7470137b34871f068b
Test/Tests-ERM/ERMCustomerStatistics.Codeunit.al	797	ed744efe62980e61e8b157d1bf474119c72749dad2b855a4fd8d03a924727f37
Test/Tests-ERM/ERMDateCompressionGLBudget.Codeunit.al	123	57f78355dd8cf513615603338f29fbb528862f12394d225c50500dcb1dd24789
Test/Tests-ERM/ERMDeleteDocuments.Codeunit.al	1149	9c82ff8acaa78861ae4bdf003fdf99c8bcce9aeb5b223bfa0479dd3faf2329eb
Test/Tests-ERM/ERMDeletePostingGroups.Codeunit.al	114	b436662c36cdf73b81ea58c366d1a97de67233fdf1a62a3ee707ffd31c38738d
Test/Tests-ERM/ERMDiscountOnCreditMemo.Codeunit.al	290	ec6e44ed21beb0f01399bc6707d3a569ed44fab78a06f2dda838c82dea8edac5
Test/Tests-ERM/ERMDocumentLineTracking.Codeunit.al	435	a885e5e03fd4010824853c23b22bf51df2da8a1d04a98a7eba9528014df6b441
Test/Tests-ERM/ERMDocumentPostingError.Codeunit.al	325	63ce6c8c5b3fb08e76e5c8ff637795620e1d76c6b55ec51b9170a3f5678b6714
Test/Tests-ERM/ERMDocumentTotalsUT.Codeunit.al	523	77f6ad988447b1e8dc841ba69e2e2adb5e2366a31f829074e1ddc5a7bae4a567
Test/Tests-ERM/ERMEditPostingGroups.Codeunit.al	755	ac5392d2894124c957af66d02905fb86560653c0811d2f837425f80644c93978
Test/Tests-ERM/ERMExcelReports.Codeunit.al	174	3e559c2ae292e62a53726acd0ba7972a8bb44df07b494b06e6e61a27d2fc7e16
Test/Tests-ERM/ERMExchRateAdjmtApply.Codeunit.al	421	667b4630a49d3a667dca66b4f6cd172609f28865ae9905bceba94b25e3f427d6
Test/Tests-ERM/ERMExchRateAdjmtBank.Codeunit.al	243	8cc2a6ec87b68c9bc44cd8ee435c95c74293df6457ae5eaf99c513f921921ad9
Test/Tests-ERM/ERMExchRateAdjmtCustomer.Codeunit.al	592	1abed0b3607629ad5aef90148de5e7cd28b824188b5196c8fd308351f60097e4
Test/Tests-ERM/ERMExchRateAdjmtEmployee.Codeunit.al	221	c646cf9ee9de00f67a5861bcb379a0a67598d3b26d328334b97be8414fa9b049
Test/Tests-ERM/ERMExchRateAdjmtVendor.Codeunit.al	168	89ac62fecec422a63d79ab6972be16c916960342b60852cb3210e1653eac9a43
Test/Tests-ERM/ERMExchRateAdjustment.Codeunit.al	211	b4f65958f45135c8ce27d494cf914285618c48c2e82699862489d6e3a93cddbb
Test/Tests-ERM/ERMFinanceChargeMemoApply.Codeunit.al	296	cf038129a91b96057edc7ce8bbf4bc2475d727f3325b8e5650c3d45c44e0f1a3
Test/Tests-ERM/ERMFinanceChargeMemoText.Codeunit.al	213	8df2a1532fd4121832f00939dccc66fcb192f4790b3dbe0c1e7603c1bb9ac648
Test/Tests-ERM/ERMFinancePaymentTolerance.Codeunit.al	1466	d8e488d3cc1732ecc7122fcdc50635ed5891724fb5c9b58a903f22dcf264a45c
Test/Tests-ERM/ERMFinancePerformance.Codeunit.al	975	fe512f9af9be722d9e5af1abdcddef41581f8e729c05fa150e93350a18c410a7
Test/Tests-ERM/ERMFinancialReportSchedules.Codeunit.al	265	45e8d12dda6fd1dfad8c72c5914899476ae44c957b57d9079e4b57ddd91b1b2a
Test/Tests-ERM/ERMFinancialReportSheetDef.Codeunit.al	368	11ff83efa96070d930c413cdcb47aaa7a0eac68f38059d18a135aa4ca999c453
Test/Tests-ERM/ERMFinancialReportsII.Codeunit.al	1652	eec042c6cc3e07205e28a3a0a4f96ae98ca46baa4ebbc1cd4eb602be513a9270
Test/Tests-ERM/ERMFinancialReportsIII.Codeunit.al	1200	ba687b53851b5329919a29bc2d37dc74b6e3d8ed7c9b3c1422d5f98de776c6da
Test/Tests-ERM/ERMFinancialReportsIV.Codeunit.al	691	398618eda57857a4ee84afdab40a97b61ab53c8fd704512e725dc5cf21cc1756
Test/Tests-ERM/ERMFinReportSheetHandler.Codeunit.al	10	c6a34afe6a0bc799a8ff55bd26dd032554b839e0dec1c8d71d862a8f0e7e0a91
Test/Tests-ERM/ERMGLAccountWhereUsed.Codeunit.al	329	c69718978661cb932f0d600dd6bee4e6f946528150166f0ce9dd0f60c14ab733
Test/Tests-ERM/ERMGLCurrencyRevaluation.Codeunit.al	473	233e7729f3ea612edf0ff028546d149036dd749e46b8bfe3fc26929680733218
Test/Tests-ERM/ERMIncomingDocuments.Codeunit.al	1545	1a779ab1fb649d357c7f25899e3466c56e531d17d7694c829c1f2483e4e46bc8
Test/Tests-ERM/ERMIncrementBatchNameTests.Codeunit.al	191	1be9900f8475d4ef909680027dc06fbf43e2b176650de00796289704b639abd9
Test/Tests-ERM/ERMInsertStdPurchLines.Codeunit.al	545	3e2df7c2e937551f7ad2f1710d3c75ff7e036eb821c9492ad84297f1ef5fd05d
Test/Tests-ERM/ERMInsertStdSalesLines.Codeunit.al	540	648d8b191a897b05b56d6030ba474c163aad3a58f0633e11afa07f9bc641994b
Test/Tests-ERM/ERMIntercompany.Codeunit.al	1307	ec89b62d4531464d7144f441cf05f96093b6278bb8dc629297eebbf7777a8c4a
Test/Tests-ERM/ERMIntercompanyII.Codeunit.al	3096	8d6963b003c86dfa076ba500889a3df0b8c972db1a025b385c4c7aa169dffe7b
Test/Tests-ERM/ERMIntercompanyIII.Codeunit.al	2641	8aef883ec5ad19638fc56534ce4cf5c1a7e6815613e7e9b16866c4cd9e2640a7
Test/Tests-ERM/ERMInvDiscountbyCurrency.Codeunit.al	343	7d03c5ac4739d703a0b0ba8384ed66a57a28d28b0801a2eb45e17f0c18d3d62f
Test/Tests-ERM/ERMInvoiceandReminder.Codeunit.al	786	ec2f52b85f9154f28a8bc882679e00ab999f51286957b51c0e256ac4057a4177
Test/Tests-ERM/ERMInvoiceDiscDistribution.Codeunit.al	324	43f3e33972b1900f01a1baac70f025c5944c97ba709fbe7870b4aac0fd3f92a6
Test/Tests-ERM/ERMInvoiceDiscountAndVAT.Codeunit.al	1673	6a1e81fca563c2159c8075fd176443ab00922b75be0479c5a603a08d4a3d0a6c
Test/Tests-ERM/ERMIssuedReminderAddnlFee.Codeunit.al	568	7eaea6d530f5ee8f285abeef8b06a4e54f5ba9e86544be7b66bcc10f17cda87c
Test/Tests-ERM/ERMItemReferenceOther.Codeunit.al	344	f63b18f67a39ca82cfeba08466c2d3d635587c2f1c0c33c4460ab3b2434795f5
Test/Tests-ERM/ERMItemReferencePurchase.Codeunit.al	617	62b7c30ac8fa61d01c467800c84f97f44f12195d3a4fd6811bde4d9db6a034b0
Test/Tests-ERM/ERMItemReferenceSales.Codeunit.al	541	e0185c1affc989c4eb9939c1a4f2096b6fbe3de94160a2d4301ec7b68150a51d
Test/Tests-ERM/ERMMatrixManagement.Codeunit.al	174	e5bdf72e53efb17e81d7004178e8689c611ebb6528fc29b881fcd2b027763d8e
Test/Tests-ERM/ERMMIRReports.Codeunit.al	305	bb79f016ea735ccd0e5e5034997a700d1c06862156a4741b206a47cdd15e6079
Test/Tests-ERM/ERMMIRTest.Codeunit.al	659	bd29636a02183dd222fcfd4d6b7fc8628a5f2b624dd0da23feb6cf919902d994
Test/Tests-ERM/ERMMultiplePostingGroups.Codeunit.al	896	084ea0f0c157e98040fed1724666bbe9d1f4d2adab526553c3629e969e7712b8
Test/Tests-ERM/ERMOnlineMappingSetup.Codeunit.al	26	fc4942c1bd1134f503d9ce5d6707dd428429fc47e31e3438e09dcb6a15976e32
Test/Tests-ERM/ERMOrderInvoicing.Codeunit.al	523	ea705249e37d311573d24b7fdd146cde4f641d0c5b74f8605f1b45940caa9562
Test/Tests-ERM/ERMPartialPaymentCustomer.Codeunit.al	427	1d54656f3329b40838edbdb171ea4f424f8277ab96944333361c5ded2ff2afe9
Test/Tests-ERM/ERMPartialPaymentVendor.Codeunit.al	662	88013e345dde6c7c774823006955db7bfb3eadc8524f00a2509a36e851569834
Test/Tests-ERM/ERMPaymentDiscApplication.Codeunit.al	694	bebab630bfa8a5345887fa083ebc2835fb2fffb53546f0df8b43a796aaab0f82
Test/Tests-ERM/ERMPaymentMethodUT.Codeunit.al	216	4c561fce91e7c709ef5668cdee9680bb74730abd21a440f603d3be8b2d459bf9
Test/Tests-ERM/ERMPaymentTolerance.Codeunit.al	2420	8452514768a60bfd71becc9250ebb66f041aeefe817787403eded4e198a73d93
Test/Tests-ERM/ERMPaymentToleranceCustomer.Codeunit.al	514	848fdae33023a6843e76c824ff282f5022b619ec28c77366fe90afda4342b170
Test/Tests-ERM/ERMPaymentTolerancePurchase.Codeunit.al	327	61c05ca160c88fdfba97660877e5d2167b4d4092d1f0869f1f7c24f49fcbff16
Test/Tests-ERM/ERMPaymentToleranceSales.Codeunit.al	203	767acd9a48de26738b4f409a42954d163ec9872bde6ba04f2e999517c66e0bd1
Test/Tests-ERM/ERMPaymentToleranceVendor.Codeunit.al	522	856e7d1511f3bb9f45dddd19d1d6c9ccca3ae7622a8c9cf867cc3114b989c370
Test/Tests-ERM/ERMPmtDiscforCustVendor.Codeunit.al	1117	c9b9a88c21eba8a1683eb004a9c27272612d3f9d4bf71f0cf852ab68f1d36785
Test/Tests-ERM/ERMPmtToleranceVATAppln.Codeunit.al	789	557e423414252962e38df718fd737ce67db0def4c627af70696b3240060c497c
Test/Tests-ERM/ERMPmtTolMultiDocCustomer.Codeunit.al	487	6aa564309c384b57f36d30c155de0cee6bb4b0f6c3c9d7c7080179fa328abc0e
Test/Tests-ERM/ERMPostingOutsideDate.Codeunit.al	89	d86a575a2465aa3858209b935669effa257daad77ea417d70abd3d708fdf7174
Test/Tests-ERM/ERMPostingRounding.Codeunit.al	265	6bd1febab541431ea56f2db90fc520eb0468505952fe67f13875e8fbe158fb75
Test/Tests-ERM/ERMPostRecurringJournal.Codeunit.al	902	b8820d06a4d93fb791bdcbfae6c58b896828847eefe4d676701b958c0e055dab
Test/Tests-ERM/ERMPricesInclVATDoc.Codeunit.al	718	847b916d8fb43cb589308f570e09beca1c9b078959547a052449edc6848500a7
Test/Tests-ERM/ERMPurchaseBlanketOrder.Codeunit.al	745	2e2650306ebd0028f35419feaff0f3efd4e425f969c69f1191407fcad52e75b3
Test/Tests-ERM/ERMPurchaseCreditMemo.Codeunit.al	930	b1b25f8b3ddc97eceeced1945978687aa8214dfe22d9f1019bb637ab7387b85a
Test/Tests-ERM/ERMPurchaseInvoice.Codeunit.al	2277	4a9f2c510ae3265f84a37e1d3f10d0d6abcce3d64f504c06c3b979332aa8776b
Test/Tests-ERM/ERMPurchaseOrder.Codeunit.al	6430	3ed2d7c72071efb2795388555dcdc97da0acf160603a6f845119a4432e56ca52
Test/Tests-ERM/ERMPurchasePayables.Codeunit.al	2216	47ab89c046dafb0541f5775983ac0947a8bf6af2e8e9138b0aa233689fa47f92
Test/Tests-ERM/ERMPurchaseQuote.Codeunit.al	274	ea409e151649084704569c7cc23d03256d961cb6a73a0a0cfef74b361cb1c67f
Test/Tests-ERM/ERMPurchaseReturnOrder.Codeunit.al	1228	18c2a8f471bad883d240c8e63511e5923c76f622035003492b1ae86bdd1948de
Test/Tests-ERM/ERMPurchaseSubform.Codeunit.al	2421	2664bf7126cca03c246566a23113c46be4cd88949b59e73ae440fa97f3f1cd50
Test/Tests-ERM/ERMPurchaseVATPostingGroup.Codeunit.al	57	cf6f576b624a090feb2e8390f161491f77aaa1f4f950a681fc0c77f8bc4cbdc2
Test/Tests-ERM/ERMPurchBatchPosting.Codeunit.al	1008	d18358163827478c909f80a5876491287ac8961870d82c5a5469a96272da03c1
Test/Tests-ERM/ERMPurchCrMemoAggrUT.Codeunit.al	801	5295e069373f4976f490d84cb6bacca236dfbbe57fb36acdb8430c6087bb2db3
Test/Tests-ERM/ERMRecordLinkManagement.Codeunit.al	301	c1c510ac88deb388e6e6d28cb2f68954c82cb1dbbb42cba77abb094aafe4e6c7
Test/Tests-ERM/ERMReminderApplyUnapply.Codeunit.al	235	cf1960cf5629ff7e03fc28a01aa9feec8b2badbcef4ef1d0239649a02c722b45
Test/Tests-ERM/ERMReminderFinChargeMemo.Codeunit.al	1148	4ba0b32ce21119aabe0ef1baf5c92e4cbc2de84f444593bca92fdffc375b0d83
Test/Tests-ERM/ERMReminderForAdditinalFee.Codeunit.al	369	4901c9a121e970af61845d03b4806707abc790c954765c18c55d198cc985ec8f
Test/Tests-ERM/ERMRemindersGracePeriod.Codeunit.al	618	101d16ed808e5fbf414ae5c0e6c58fcb1c9203af80c9030fa8ef285e70398c2f
Test/Tests-ERM/ERMRemindersWithMinAmount.Codeunit.al	193	27a70e42a2ed37c78b9f5581f0de8dbc16c681e441d0eb27a94a991de0a80866
Test/Tests-ERM/ERMRemittanceReportUT.Codeunit.al	32	27ec54188b62bc2a1e5573096885b92075cfdeb0f2e98e55659566f8494f1a52
Test/Tests-ERM/ERMRevertVATOnPayment.Codeunit.al	150	d057a46794b8ee7cedb97bb1e17c1309317b99bb4cffd01a6b11c256433424d2
Test/Tests-ERM/ERMSalesBatchPosting.Codeunit.al	1458	11b5b693751ea8aec11244d1a20acec1b0d288923f8ed474ae25f77bbfd0fd71
Test/Tests-ERM/ERMSalesBlanketOrder.Codeunit.al	969	2ce8b72a81f8104e238c23e446c7dbfe848c1bb675c6f0df9c9c681caaa48f9a
Test/Tests-ERM/ERMSalesCrMemoAggrUT.Codeunit.al	943	515f7c71f6105b1ad01db85b67b2c2b77348bdd16cd3e36f77b82657bb0b1cfe
Test/Tests-ERM/ERMSalesDocument.Codeunit.al	3628	07d1ad3346ab6d9b056a6e795919e0ef0d5d5eb087dbe30e733a64ca9b1b0986
Test/Tests-ERM/ERMSalesDocumentsII.Codeunit.al	3002	5f8d8db3673e86e8f6f31d1791024b751296c9df639a72f8a8f49ed71b813c52
Test/Tests-ERM/ERMSalesDocumentsIII.Codeunit.al	3792	0c44557e722e3ae6c025e4e3221644af3c3f55eb4533d3ba123de8297beb1dec
Test/Tests-ERM/ERMSalesInvoiceAggregateUT.Codeunit.al	1154	a1c37ae300456453269d8147608229ea47f690740f4a68ee74d69b7892ebbea0
Test/Tests-ERM/ERMSalesOrder.Codeunit.al	3883	50885d3d086b63bc2004add61b1c9f46a5617385f9d11244c0b1347743ce90ba
Test/Tests-ERM/ERMSalesPurchaseApplication.Codeunit.al	874	d942c0e47019eafad46dcc169b9c016ad7d549bfbb1090e7a2468d04f62e4cff
Test/Tests-ERM/ERMSalesPurchCorrectDocs.Codeunit.al	1566	8e9959c43f8edb94946ad5ac5a7afce63b905a8194c9406581ac24e7994efa8f
Test/Tests-ERM/ERMSalesPurchStatusError.Codeunit.al	1330	c50aaa5d1c2cc628343445a6543d99cce7a36803bcf4c7f9500600eb7f2b8bdc
Test/Tests-ERM/ERMSalesQuotes.Codeunit.al	967	9f125560372e88fc50755f4c90abee3f90380f129a5d9ea3823fb41a6ba6c6c1
Test/Tests-ERM/ERMSalesSubform.Codeunit.al	2407	e286bfe712489828be448001ee4b653c2e2e7d05ec206d1e375810b2827b98bd
Test/Tests-ERM/ERMSalesTax.Codeunit.al	163	9819237730db550602e58bafe5e3ee8d83efdb28f70fcf6ec9c513b99c88962b
Test/Tests-ERM/ERMSEPADirectDebitTest.Codeunit.al	647	8952517c82feeed56c7aca0488a0036ce8da01a42bce8e0efbbe0eebfb138433
Test/Tests-ERM/ERMSourceCurrency.Codeunit.al	1018	22b9c6e717e91399b97d8271adcbfe08a46e3b3c210a095c454a66a99a09c34e
Test/Tests-ERM/ERMStandardJournal.Codeunit.al	430	662758c8bdf86453956fe92ae443eaeeb41cca675ca72994f2a3efecb8140c29
Test/Tests-ERM/ERMSuggestReminder.Codeunit.al	205	6ab9cea07fb054a5a22ec088786a64a94893bcb3ffc9c657e9df6ebd8cafa638
Test/Tests-ERM/ERMTableFieldsUT.Codeunit.al	474	555b16611fa6fefe12d3ecd35dc62ab3ca1aea38cb4b25df88f6cf1266d2b679
Test/Tests-ERM/ERMTestAccountCategories.Codeunit.al	191	402c2c61b02714bc52de078086f0302776c06f17d12763b508afa819827e3d89
Test/Tests-ERM/ERMTestsDataAdminGuide.PageExt.al	2	e582df820141573feab1c94b044a0bbde0f97ccd2711d18b16186698ea9a8b9e
Test/Tests-ERM/ERMTestSEPACreditTransfers.Codeunit.al	1463	885b01bbef006a4e6057ca2c4518ca5a503b9a48ac0ff60247e115e0211c2a91
Test/Tests-ERM/ERMTestSEPADD08.Codeunit.al	1149	091c6b1b4bab17890bbdaed6e0cf1847b23c27e1ce4ce989166819460528a444
Test/Tests-ERM/ERMTestSEPADirectDebit.Codeunit.al	1205	e98b9c964c95ae5e7be3d4f2b3f14bff1e44ae0eb1112d787935aafcb810a912
Test/Tests-ERM/ERMTestXMLSchemaViewer.Codeunit.al	1020	9ceffe11819142941cec3eb61783036955a7ed141f59da5888f17055d48f1653
Test/Tests-ERM/ERMUpdateCurrencyPurchase.Codeunit.al	535	3086de9415352f6614da87b03ed6fc873e6701c73e703c3e846741f8bfa5d7bf
Test/Tests-ERM/ERMUpdateCurrencySales.Codeunit.al	660	09967011dd450434f6d73605c64004c33a46f640645ae6025a7230d6880421fd
Test/Tests-ERM/ERMVATSettlementwithApply.Codeunit.al	479	7fd6518fbde115876b72a54dd9ba650c600803d58989b099229ce7b438773045
Test/Tests-ERM/ERMVATWithPaymentDiscount.Codeunit.al	272	588af7f3b80617e6115b386b4852aef6f8fb9aa8d8e2aeae86812b7331ff7b1e
Test/Tests-ERM/ERMVendDateCompressManual.Codeunit.al	81	8b72f503db5b0d596c19c1442fe88c31f6cedfa53ce442c00fa3920a6f21a7b1
Test/Tests-ERM/ERMVendorDateCompression.Codeunit.al	116	42d85821d41b9b1656d6dcf2c9af25087ea9001dc04d4c8bf9eed1b3ba820069
Test/Tests-ERM/ERMVendorPmtTolWithWrning.Codeunit.al	453	ebfd0a8e05f7b0370303c5ac7aaf5a4af59daf83c634f843a744356b24ae49e2
Test/Tests-ERM/ERMVendorStatistics.Codeunit.al	940	d2fffe372de46f8a196c03362e723592271db5ea8f5d8c23f78fb41a134266c4
Test/Tests-ERM/ExternalDocNoTestsSales.Codeunit.al	55	bd07f02baf0675fb7e9f331f17f131e7ff36f46d58764c9786f94a58819e20b0
Test/Tests-ERM/ExternalDocumentNoTests.Codeunit.al	144	793efcafe057bdc28865f71da5562b3060cce64fefa100657e38ac858adc813b
Test/Tests-ERM/FinReportExportHandler.Codeunit.al	21	e3336124984bda3e64bd7ba119bd44fd58567f3f323e6e79490c7a6bf0797c32
Test/Tests-ERM/GLAcctCategoriesPageTests.Codeunit.al	256	94bb175b88774a2e36cda747e2bed8b141929167a5c6428a78500777c55da38b
Test/Tests-ERM/GLAcctCategoryDemoData.Codeunit.al	137	7044c49b29bb486af47de0a9aad744a1ee6a225e3ae9024c5c51155fe81f6bf3
Test/Tests-ERM/GLReportUT.Codeunit.al	82	19232f16c715b5ae2d069c2d70b12b20827d4042469183b95d0c366f6a357eec
Test/Tests-ERM/ManualPaymentRegistration.Codeunit.al	1099	561060f7cf76fc88dfdf6f6a3e6a6a12c29460b8acd69c117d4a259aa5277b6f
Test/Tests-ERM/MockPriceSourceLocation.Codeunit.al	34	853f94c5ad82ef8aed8106bfc982c81cb0e852d832eeefdd3718e407150cdf13
Test/Tests-ERM/NewDocumentfromCustomerCard.Codeunit.al	305	b08e20c5de3ffdf1171fe2defc48807a2c7aa6ae2c321c8d15838926f09b600f
Test/Tests-ERM/NewDocumentfromVendorCard.Codeunit.al	184	d29f3edbc69729ef0a40014518f41786b286d5beee450d9603ae8c3cd6afdfaf
Test/Tests-ERM/NewDocumentfromVendorList.Codeunit.al	63	2f6e4752c584aa99567b33205b2733f4190cf9b317bc8b6a949b317fcc30ade6
Test/Tests-ERM/NoAccountingPeriodsBasic.Codeunit.al	216	56c51a6bc19f8d89aee510f1505b6e6df158d527ba7974bea8396b267ea52754
Test/Tests-ERM/NoAccPeriodsPosting.Codeunit.al	359	6a0dea38f43135a8239dd02da7b00866f05613912e3c9be565a7746b66ac9697
Test/Tests-ERM/NonO365ShippingAgent.Codeunit.al	107	99464bb6b690155a98341b0fe2b54cffc03a6617ffdc7fd55e0aa777bbc39388
Test/Tests-ERM/NoSequencePreviewTest.codeunit.al	16	5079e4763f88e44b6a0daf17ce473b77978a59ad003b682fa7019092de9d1919
Test/Tests-ERM/O365AltShipAddrBSO.Codeunit.al	151	c8925df4b4ddddd70c84f1889d292d60d36e67f125b97297f584257e74b9a201
Test/Tests-ERM/O365AltShipAddrSInv.Codeunit.al	152	2edf1beb96dbe4c4a65b77a3fa2f6780bfca6b797b9de21cad801ecfa99eaa42
Test/Tests-ERM/O365AltShipAddrSOrd.Codeunit.al	152	120c0839f386bdeeb3f173ad909ecefbf5b207ba79b3f7d32ec1bf9e5f3ff27d
Test/Tests-ERM/O365AltShipAddrSQuo.Codeunit.al	152	e00f5c9c335c6afa59153ffc13f26364480a742a14f85dd72944a7722e06f02a
Test/Tests-ERM/O365CorrectPurchaseInvoice.Codeunit.al	1031	049db48137674880dfbfe8c5b80789a075778a7e47563d9144eedb0b180563da
Test/Tests-ERM/O365CorrectSalesInvoice.Codeunit.al	1057	ee73911e4ae6d203765d229ba7929cda143cf23414cf7a9fdb0886ce22c44190
Test/Tests-ERM/O365PaytoAddrPI.Codeunit.al	86	b8cd6cfcb2332c4ffc2b76f6a73b79fb881e1d428bfee9ea6e210c9f8e86b7a7
Test/Tests-ERM/O365PaytoOrderAddrPO.Codeunit.al	103	c3c67d289b8b0e6655b8b3520863d3cb86efa7a14486163a877e29bdeb48deb5
Test/Tests-ERM/O365PaytoOrderAddrPQ.Codeunit.al	103	4551e178126f1138cfd0f530e2e9ae883ffc7d31d0ed95cb27187d977bd064c3
Test/Tests-ERM/O365PCrTypeLookupTest.Codeunit.al	67	d2011f5bfebafffda60f48d98b127d107fcc0592f19f0fbed31c7d9301a2b38e
Test/Tests-ERM/O365PInvTypeLookupTest.Codeunit.al	67	a570c91b3906abdf5c07fb2873e03a1ae72c61a8f02055322c083a40f482f0a3
Test/Tests-ERM/O365POrdTypeLookupTest.Codeunit.al	67	7197851e92755f4e3374f4fb3ce91bf7e86ef630998b6b038016fdf88d00c025
Test/Tests-ERM/O365PurchCodeTypeLkupTest.Codeunit.al	86	1d4fcf7a438fa3ee96fab14200864372e1ab4eef835225e5a3325c3448519486
Test/Tests-ERM/O365PurchItemChargeTests.Codeunit.al	396	3fd9b5f4e975a7f274612764e889b78aa5d3d4abce882bd51d45fb3511cef0d2
Test/Tests-ERM/O365RetDocTypeLookupTest.Codeunit.al	104	9e4476763e7a0281f2a0e38aea0748f853209fcf7c8e0c1a18c740f40a665ab5
Test/Tests-ERM/O365SalesCodeTypeLkupTest.Codeunit.al	86	75e520cbae157b0993f8272d006ccc92afe18de151d669d3dfb26645b7208eb5
Test/Tests-ERM/O365SalesItemChargeTests.Codeunit.al	338	fef9a0395a07396d4d1a74bb0811ceed5ca1e2cf0034835bc9e50a28fb2a2a79
Test/Tests-ERM/O365SCrTypeLookupTest.Codeunit.al	77	f246593eabcd98dccf05a7b8ef5950d9da419e149f3c9022b758d1f889403003
Test/Tests-ERM/O365ShiptoAddrPCM.Codeunit.al	95	25a53c39cf6e81082ed73123f7212ddad23d279fd1ee5f4803c1b992321dea76
Test/Tests-ERM/O365ShiptoAddrPI.Codeunit.al	205	57bc09dd5cda90df65da5801300173edfb0225116003b987d7ede8d1485e9558
Test/Tests-ERM/O365ShiptoAddrPO.Codeunit.al	261	8abdb6e49fce3f4ff99c38cfede48ca86812bcf85a1ba555f489291b362ed549
Test/Tests-ERM/O365ShiptoAddrPQ.Codeunit.al	206	b110fc4fe792a760e0e592e44b9f4f099c808fa87c61ca192032551db4fe13ff
Test/Tests-ERM/O365ShiptoAddrPRO.Codeunit.al	95	4c19c90909de8feb2df9e089da7826aff972c3feeb7120072c8a014304ba2d09
Test/Tests-ERM/O365SOrdTypeLookupTest.Codeunit.al	77	1f71bbe8218f76712425dc7c5e591e7a670fb4154f229f06d7d9c7cab97cfb37
Test/Tests-ERM/O365SQuoteTypeLookupTest.Codeunit.al	77	b4bebaab895f62212b139a5630c4d51dd08d839201ceb47ba07c1e5f0625813a
Test/Tests-ERM/PaymentExportMgtUnitTest.Codeunit.al	1147	dc2618d269aae687be86bee8bc315f01628782abdb9742d0306a16b7707bef34
Test/Tests-ERM/PaymentExportValidationUT.Codeunit.al	699	c049b98a143a5ff230d6982cd65b7ee60062666d8d266fe267afcef559a23246
Test/Tests-ERM/PaymentReconE2ETests1.Codeunit.al	1769	332af756fcf5a87e8dff5068c4a24711f9d85106013d44da9abde1979bceb0f3
Test/Tests-ERM/PaymentReconE2ETests2.Codeunit.al	1538	d374bb1ca3d55372315483a905b617da27cbfcf876d6cf0c56e014d2bdbe6ed9
Test/Tests-ERM/PaymentRegistrationUT.Codeunit.al	1124	c994d80909c3f8f56d730611a76ba09fb1ee28c14963d5a1c315e20dfd0a7198
Test/Tests-ERM/PaymentsusingCreditorNumber.Codeunit.al	329	54155c1ad73c57c56a189cd3ddc6b0edd0153c068a844cf02414a6bd95f06d8f
Test/Tests-ERM/PayrollImportGenJnlTest.Codeunit.al	200	69373ecca00bb15212e213702f3944939184d4831adc03c7e7750d318fdf4e72
Test/Tests-ERM/PEPPOLManagementTests.Codeunit.al	1859	7d00e8a7d0f18a36ea7282cfb34b00df26b8f81e41540e2dc33a2f8338279182
Test/Tests-ERM/PosPayTestUnit.Codeunit.al	130	6e1e9a4727d4112fae6d9a54ad25edc875a1bca7b588e7244f1b6e2d6890a720
Test/Tests-ERM/PriceAssetListUT.Codeunit.al	246	e4ad121700185103399cb27ff90d28558b3eecb52e3b419dae97c229bca4384d
Test/Tests-ERM/PriceAssetUT.Codeunit.al	329	98505468dfa7a496f86cc9ef818d4eae2b3cea64eb27d94a5f71ceecd2abab29
Test/Tests-ERM/PriceListHeaderUT.Codeunit.al	1542	9bd2f5dfcc0f390eca721dde33878d48f81d81e2c92d08db66bd1af06e54b206
Test/Tests-ERM/PriceListLineUT.Codeunit.al	2330	f3057f9ebea5e3120605b13ff52bdd869b5c51c7c2e4d5d1c412bc02e22b274b
Test/Tests-ERM/PriceListsUI.Codeunit.al	3103	889fe616f9486a63d38e88e4cd4c4f1f3b41dee255a1d165c63946f264a8a751
Test/Tests-ERM/PriceSourceListUT.Codeunit.al	234	2a1e2051a98d37a4e1fcfd501d93e88e0a1783c2bacebaba7624e306ebf7ba05
Test/Tests-ERM/PriceSourceUT.Codeunit.al	1048	278ffede25af2529908a2c223bdb7677ec0d00f5fcf798ece87d3cf542526d7d
Test/Tests-ERM/PriceWorksheetLineUT.Codeunit.al	1951	4dfa5f4d0e5f4931f2a736e24b88d600de40115ddd9e31623952b8b3c2969008
Test/Tests-ERM/ProductionAssemblyCosting.Codeunit.al	549	a0fafa35ed5ca384959478c4e1c02161927dcf48dad2c31ec4f3165c33edced3
Test/Tests-ERM/PurchaseDocuments.Codeunit.al	1125	00295f84d75d8530714d58cd53b19dd459bc797c93f526fefe2bf474c2badb23
Test/Tests-ERM/PurchaseOverReceipt.Codeunit.al	1127	812ddae761bd88068ea131d394576473bbd30aecde380a712581242225ee8ce0
Test/Tests-ERM/PurchBatchDocumentPosting.Codeunit.al	332	5e8eb94b9d70e337981d980be3c27b40f0d22de2858c43e790d542a603787c83
Test/Tests-ERM/PurchCorrectCrMemo.Codeunit.al	557	1daac3a5f7e92b0fa7c2573f0229e9fee7b80fbe17a24464f776e69decb2fb22
Test/Tests-ERM/PurchDocumentPostingErrors.Codeunit.al	429	38928becce441aacaa971f0a7655f86211bae5e52176b0c44f20c4cc4a2a0195
Test/Tests-ERM/REDTestUnitforDocWithInv.Codeunit.al	673	94441aa0938929d36aab8fcea5a26832a8eac4547744ec81e1c813d373a67e16
Test/Tests-ERM/REDTestUnitforPurchDoc.Codeunit.al	1644	acd21ea0d2b7529f87302ba39a4f31ce0975777028d1717a6b3ea3264daea38f
Test/Tests-ERM/REDTestUnitforSalesDoc.Codeunit.al	1528	470bc26e5fe415a6a2321e6619ed693e8296fd97771fc18abe43003206d5f908
Test/Tests-ERM/REDTestUnitforSalesPurDoc2.Codeunit.al	866	cf48c864580aa95256ea756c92fdcbcc98656caa87d0d0e3a9ab2a0ad4f92710
Test/Tests-ERM/ReminderAddFeeSetup.Codeunit.al	594	adbe308f5cefb9da38f184306661291ccd47eccc8887e8c4c1cac3cd57e01867
Test/Tests-ERM/ReminderAddLinefee.Codeunit.al	1642	eab569e1c48a96e63c31bf55436fac8a113c3e31c50e35822c874825358933d2
Test/Tests-ERM/ReminderAutomationTests.Codeunit.al	837	6f0b216758a0d034619ee1a354241f7977280bc5086d7272428d7093e6cef472
Test/Tests-ERM/ReminderLineFeeonReports.Codeunit.al	271	b38d45b7f7829cd2a0b374f7ce071a89b97a36919b471339d7e6a9131154791d
Test/Tests-ERM/RemittancePurchSalesUT.Codeunit.al	384	6d5889f6db389bb75943e8320fa5319c378f7f05c4bb5ac1faaa2f9e489700fc
Test/Tests-ERM/SalesBatchDocumentPosting.Codeunit.al	380	cf7934b57c395d04620d06dd8ebd1e6a28c8893a4d02285fd9b43efa3e6f68c1
Test/Tests-ERM/SalesCalcDiscountTest.Codeunit.al	247	849ed0124a509e4e37e227f89171723029a0c1f1a7f250195c9522f59107be42
Test/Tests-ERM/SalesCorrectCrMemo.Codeunit.al	623	94cd5b87072a83417e894a7433d501007efd1b254cd87778556e5b6919c36837
Test/Tests-ERM/SalesDocumentPostingErrors.Codeunit.al	511	3b3a27eefe23be7654c95ca8d5f240358d1528b79cc46de0bac7d34b3e3182a7
Test/Tests-ERM/SalesStockout.Codeunit.al	344	d4a1d260698e4c0e0d7d8b848eabaefc173766514a7eb27ae4c67e44468797ca
Test/Tests-ERM/SalesTax.Codeunit.al	325	2cfb1b664775b1a39541d713a6820f55c77d64dbd12f5f34ff6364366292600b
Test/Tests-ERM/SEPACTGenJnlLineErrors.Codeunit.al	215	c19541531955e32c470414ba796870a7707ae2b8ced63f8bcc0f7b1e66d43ec7
Test/Tests-ERM/SimpleUICustAddressSync.Codeunit.al	477	05014ae43b64e1c96e0144f5696c9570d13abca27d36bb3d6b68d8c2f93f0231
Test/Tests-ERM/SimpleUIVendAddressSync.Codeunit.al	438	67494fd0f18e83b9ca36ed85f9f3e532175a6f4d702a233be461449329985623
Test/Tests-ERM/SuggestPriceLinesUT.Codeunit.al	2139	0468235f35592c5a333e6901f30b477e96cb999950de7fbba96f5cf0f5669f4d
Test/Tests-ERM/TempPriceListLine.Codeunit.al	166	56188724177a0125e528665b4ad37a2c0412fd21e29deeccf8b0233319c50c5c
Test/Tests-ERM/TestAssemblyOrderPostPrev.Codeunit.al	112	a7ed52eac4e2c1415f46be87fc3dd009d5f89f70824d87d38dd6d1efa587d51d
Test/Tests-ERM/TestDateCompression.Codeunit.al	144	ba8afc74352e10ff876670df2bb3d466333a2ba8c1127ad3a8c1d27616b212b6
Test/Tests-ERM/TestGeneralDocumentLookup.Codeunit.al	144	d42acef90bdf137f7c295d096b5e3be7478a9215685cbff53866daaa3e39d0a5
Test/Tests-ERM/TestGenJnlPostPreview.Codeunit.al	466	174b4afc1c199f0a6584eb05a4ddde7838cb31e48014fd8512de2b3541b8f46f
Test/Tests-ERM/TestManualRelease.Codeunit.al	58	f510dd905540e963fbb6b8ec5c11c00901fe4a47543476872cc1333a42b8bc58
Test/Tests-ERM/TestPlatformEvent.Codeunit.al	27	9356367547df07d86ad79c7e13a864fef216677960ed10a9cd47660ad15acd24
Test/Tests-ERM/TestPostingPreview.Codeunit.al	171	c591bc2e6cae01eeb7e8b7573f3a40ea22b4d75681349de0af23c1b640bf1c44
Test/Tests-ERM/TestPriceCalcSetup.Codeunit.al	1229	787bb3d430dc8ff06067265aba59da3afcb4aeaae451effa76533415b36cd8d0
Test/Tests-ERM/TestPriceCalculationV16.Codeunit.al	3946	062107450cfd1abf5176e7666737c4cdea265ce6398c351b9c20e200e9d538b5
Test/Tests-ERM/TestPurchasePreview.Codeunit.al	753	2dfe52c957bea00eb849b2546b248bda7f6cd30455d4025f37d25161f9c00612
Test/Tests-ERM/TestREDSetupGenJnl.Codeunit.al	1329	b97875e4ce7fb8b9faf23870017f9a5c6db35fd619fa1aac51ba36b55ae59057
Test/Tests-ERM/TestRetenPolDocArch.Codeunit.al	323	4563eccc29d43c6a65b70e947bb3c425613164e604c52875dfbddb47bc35aade
Test/Tests-ERM/TestSalesHeaderWorkDescr.Codeunit.al	53	260075ae47bcf8588b34d616fed9d03648209d5525e3355dacc8e6c753569c0d
Test/Tests-ERM/TestSalesPostPreview.Codeunit.al	817	bf57509d8b455628e0562dd505f6b6646d1965e7e79af91118b2f851481f8951
Test/Tests-ERM/TestSequenceNoMgt.codeunit.al	85	e4c3957ab3bfd35aaf2b2cfb0d2ce418a22bcc96df9530bff300af899d261434
Test/Tests-ERM/TestServicePostPreview.Codeunit.al	146	3f310fdcf22e4e49dfd762fdbd0723af2f7f2d1c529a226c158e765d9a272e49
Test/Tests-ERM/TestSuppressCommitinPost.Codeunit.al	616	b028288f1f7605488e9e14bf8bed25a2e8357364376e4c9d9bc86bb571501d44
Test/Tests-ERM/TestTransferOrderPostPrev.Codeunit.al	101	239023dad3e3f36671be8a6db013b5c79804cfe90a9887e66aa2b38d3c7ee598
Test/Tests-ERM/TestVendorLookup.Codeunit.al	96	8c97a21f493e04333ffd306a523e9300a60c58ed67330acb637cd60c47731928
Test/Tests-ERM/TestWhseRcptPostPrev.Codeunit.al	269	9dc097d4bfb1a9c683a39b0e16872741194f892a1723cb0f8368f1ec256f6661
Test/Tests-ERM/TestWhseShptPostPreview.Codeunit.al	243	9c227f54e9d69149c89c129d6f64abbace99425d2f8dab20ccacc5e8331d6b0f
Test/Tests-ERM/UTCancellation.Codeunit.al	107	5d02e3d94700aeb486f76cfbae6bf030a9edc2439fec04000277630e3085bdf9
Test/Tests-ERM/UTVendorTable.Codeunit.al	294	75b16d6a078f97587bebff86e15308d74f7b2e11226a217f8c424ecf5de10367
Test/Tests-Fixed Asset/ERMDateCompressionFA.Codeunit.al	231	e5fabd375a9d372d3822d9c209aae9d9bf7686166d6757441a815b7c0eb571b2
Test/Tests-Fixed Asset/ERMDimensionFixedAssets.Codeunit.al	1162	82c63478702887a35c23acd2a07c3cd732d5bed2397ebeebff3505a346b9cf23
Test/Tests-Fixed Asset/ERMFixedAssetCard.Codeunit.al	596	0c788d749aeb512db96d353de5b2a052f9d907167c342afd8f7c79ac3fb4b644
Test/Tests-Fixed Asset/ERMFixedAssets.Codeunit.al	2370	96a4b754337e336f3ece26e62c8a90ae0bf71fe25ded1ac9430c347cae6766f2
Test/Tests-Fixed Asset/ERMFixedAssetsGLJournal.Codeunit.al	1045	021df3adbc06ae065caa92576784892136fb2bf06400dba9182799aa90e86ee4
Test/Tests-Fixed Asset/ERMFixedAssetsInsurance.Codeunit.al	408	af88f7966a66e45ae90ed14b184e96d92d0aaefee40b13ce14f25cca8f9ec048
Test/Tests-Fixed Asset/ERMFixedAssetsJournal.Codeunit.al	2094	bbba38abacf020e12a466390682e81c98b7bd275b3be5eac3caccbb4f4bda8fe
Test/Tests-Fixed Asset/ERMFixedAssetsReports.Codeunit.al	940	6263d5e21fc40b5171a146e9f8bda06dc026fd437ae782de132973443dd86209
Test/Tests-Fixed Asset/ERMFixedAssetsReportsII.Codeunit.al	886	d6b148fde590cedfa75b8b30459104a5bf309e267a32c7a3ad4271afbad21285
Test/Tests-Fixed Asset/ERMFixedAssetsReportsIII.Codeunit.al	585	3ef7f79c31375015cd04d64aa35344b14ac25d2786ef6162e3f460367523280b
Test/Tests-Fixed Asset/ERMInsuranceReports.Codeunit.al	306	449dcd6702f6235bba0a9a32ff721e9ba66fdb83aea1dda16f63f4426606c247
Test/Tests-Fixed Asset/ERMPurchInvDiscWithFA.Codeunit.al	73	9b287b5bd46ecae916aeee7aabeea39d2566b1598ab9b7f0c2113949d6a9c39b
Test/Tests-Fixed Asset/FAUseAccountingPeriodTests.Codeunit.al	14	171998087543386d6afe97003c977d791c553a1243e399a2f466217f70c8a164
Test/Tests-Fixed Asset/FixedAssetsPlanbasedE2E.Codeunit.al	255	d346589db13f242c4cf6454ce8f141040f984fc24fe277460759762628314279
Test/Tests-Fixed Asset/UTTABACCPERFIXEDASSET.Codeunit.al	19	c7877807bdfbcff5913e44ec64d12e442f0f2adfda1e2c1a41f89058e09bfd09
Test/Tests-General Journal/AllocAccJounralE2ETests.Codeunit.al	1043	acf51c6718505c6dab1e2b902f2e242d1aa4f9aececfcdb180c04b51069d41aa
Test/Tests-General Journal/ApprovalHistoryTests.Codeunit.al	201	fcc714de7cb55a1457cf23be6dd542acc208755c6d7d48cdfe8e73bb8e69d3a9
Test/Tests-General Journal/CheckDocumentNoUnitTest.Codeunit.al	257	ea995103a04fd9490a8c6c2257387cac1e759103bdb2c52c6a129d1edb9cbe6e
Test/Tests-General Journal/CreateGLAccJournallines.Codeunit.al	55	f87c69e9fe0d983103614206a78e9187e7b81fcc48ef05f105fa2a24eaae21da
Test/Tests-General Journal/ERMAppliesToDocNo.Codeunit.al	326	f84e7a0ce487392bb4538f0b3b8d0161ab12da3396e9e26dc98e34d3b5b07710
Test/Tests-General Journal/ERMApplyInvoiceEMUCurrency.Codeunit.al	112	d49336a577a01ff5ac2889baf5e01baea89cf77bd6d1a10161e25dc646b10282
Test/Tests-General Journal/ERMChangeExchangeRate.Codeunit.al	85	c60e8c4a3dea94adfc359e9be119fc032a866fe8fe19dbea0c69f3138c6c5937
Test/Tests-General Journal/ERMCurrencyFactor.Codeunit.al	253	e465a036a12392ed05f5bee20077d8aea9e1a385c9f6935e2f5da99ead62f99c
Test/Tests-General Journal/ERMCustomerBalanceManlAppl.Codeunit.al	63	9322df852a6e76f610c499b70ec1ef3286fafecd6100c1e7d98b4d0903ff6830
Test/Tests-General Journal/ERMGeneralJournalUT.Codeunit.al	3327	989c2e4d82850f8de46a466b60c51c85372bbea2ac8fd257d31f98e46f35ecae
Test/Tests-General Journal/ERMGenJnlErrorHandling.Codeunit.al	1040	71cedb22400e6ca5b5979d5e3b490a7af1f8d35813d31a50a95bbc386246de03
Test/Tests-General Journal/ERMGenLinesforVendor.Codeunit.al	320	212d3d07ec44c9c504deeb2dfde98fe7d855d0be68b680df7b0aeaa5a5b92b07
Test/Tests-General Journal/ERMJnlLineDetailsFactBox.Codeunit.al	138	6aa00de8b1c7edf56e21946485b83905670661eac410d6c363ac2a838de3e08c
Test/Tests-General Journal/ERMJournalPosting.Codeunit.al	295	6a53fb83397d7acfaaca08226173c5b1e66786c577fbc8005662410d51e3fede
Test/Tests-General Journal/ERMPostedGenJournalLine.Codeunit.al	543	89e022fc57ce6224d5fbf987a6cbfe1d3752aca9c095e558297ac371a72610b5
Test/Tests-General Journal/ERMPrepareJournal.Codeunit.al	234	08ba82f242edb0ad3510edbb1dd888fac3c507ba8bdd351570dcef31c428ae7c
Test/Tests-General Journal/ERMRSCreateJournalLines.Codeunit.al	721	cae2c23443939a42eb913e3e67c43b9f98d0e94bb1831ae2989b915dc775402b
Test/Tests-General Journal/ERMTestMultipleGenJnlLines.Codeunit.al	1108	62a22e392b5e45450d4437159de76290b2a958bd696f55938c652bee4ec87341
Test/Tests-General Journal/GeneralJournalBatchApproval.Codeunit.al	539	3d575ca86182bad9649b5fda960723bb188acef40a6c6f04dc544dcf4b03ea63
Test/Tests-General Journal/GeneralJournalLineApproval.Codeunit.al	836	f42879e274f788191873ea2aa12ad638c2827202f43e5d8de96cf0d76c3745c7
Test/Tests-General Journal/IncomDocAttachFactbox.Codeunit.al	263	e12ac46db53a8230aaa3de1022fe75cb941823bf6b8ac48a23830d6e179532bc
Test/Tests-General Journal/MatchGeneralJnlLinesTest.Codeunit.al	656	63014d1af175eeabfb9a14c9c2cde67829c5efa9b69a95aece1deb071feaab39
Test/Tests-General Journal/MatchGeneralJnlLinesUT.Codeunit.al	574	21f7a5c7d58d8505f87e60b7c72e18921dfbd31fb0a9177c4c0fd9a6c99bad58
Test/Tests-General Journal/NetCustVendBalancesTest.Codeunit.al	798	d8927a5169b41ac2efbec9c55e7465cc7817375649ea57370e25acff477c52a1
Test/Tests-General Journal/SCMGeneralJournal.Codeunit.al	175	5b3b875a25b93176d8e468d1c7bc82418a7e3bb7bc534e65b2a14d74d11a1704
Test/Tests-General Journal/UTTGenJnlLineUsageLink.Codeunit.al	185	a308e8f940b1cc7d30107fe974dc7fe2738d7400f9ac33daaecd5b39eb4a3832
Test/Tests-General Journal/WFDemoGeneralJournalLine.Codeunit.al	834	e4508aa284af69f56e88a870abfff28597886453b733b95df17d52b22ac0f656
Test/Tests-General Journal/WFWHGeneralJournalBatch.Codeunit.al	573	6058fbf5c86e45a2c30b531b5f46d7905073b26e236e52f36fa94662fd79ea55
Test/Tests-General Journal/WFWHGeneralJournalLine.Codeunit.al	492	fd80a61c9b18f431053001912cf8229ce40fd7c015b0d9fdef749cd4351cf2a3
Test/Tests-Graph/DisableAggTableUpdateTest.Codeunit.al	67	462a20257c68e68c36efea0d94c19d809efc24dfc056644c97f63540dc5a0b4c
Test/Tests-Graph/GraphCollectMgtCustomer.Codeunit.al	62	61174b61b612f30e028a05fc145469f3cc3ff78579e039298344f86affe98f07
Test/Tests-Graph/GraphCollectMgtItemUT.Codeunit.al	171	9c228ee96c9f7cf6ef19e056da18c316c6ec4643f4737cae6f0e0338bdcbffc4
Test/Tests-Graph/GraphCollectMgtJournalLine.Codeunit.al	420	2ec9f72e406ad70417e7129d9e8da51b6960a5721f3904e3f08503be9c09d8f3
Test/Tests-Graph/GraphCollectMgtVendor.Codeunit.al	62	8060f94b7d2de93d6ba3bcfd2d4ec4f57afb8f876ae4ffdd79ed5cf6bec8664e
Test/Tests-Graph/IRS1099CodeEntityE2ETest.Codeunit.al	10	4bf6bd928765fc3805a72bf94c77057ddf293ecbb0be154cd0fd65555958fe69
Test/Tests-Graph/O365IntegrationRecordUT.Codeunit.al	37	2a51a3a96db0ced869d04c672484ea2dcffdb6872b4daa8555b34e46162b8c9e
Test/Tests-Graph/WFWHSubscriptionE2ETests.Codeunit.al	469	becde94d990f59c6028b68671c3db43cd880efe07de585c1ece8eb59a07e2e1a
Test/Tests-Integration/AddinHyperlinkPurchasing.Codeunit.al	352	78367caf267c3f0b5f66d96f914f89c128b425bb8fa975c27696e60e09ce25d8
Test/Tests-Integration/AddinHyperlinkSales.Codeunit.al	378	b3478937570547640229a6f58da862e3b94c77a91b2a7c268e72daa38534f36c
Test/Tests-Integration/ApiRoutesE2E.Codeunit.al	25	a4928908c3953c29f22a6ddbe50f46db3faa5eebd4a72db8c3a55e44028424c3
Test/Tests-Integration/DocumentMailingTests.Codeunit.al	473	292fdaef9acaa1a019aa3b5fce9c5da62d490b62893ff6ecbb3cd81561eacf9b
Test/Tests-Integration/EmailAddressSelection.Codeunit.al	37	00406339083ed414e792832fb1f06df2a1604076a5c86f21334255cb3207c548
Test/Tests-Integration/EnvironmentPickerTest.Codeunit.al	127	a2e1766c68eb2224adf894ac6846b8779ee62f52e059c6436dc70427e0fd568c
Test/Tests-Integration/ERMKPIWebService.Codeunit.al	411	53e9f988e1153b72bbf62d79d07cd56b40125600c14f6dc44ceffedc47fd6249
Test/Tests-Integration/ImageAnalysisSetupTest.Codeunit.al	84	a38fefe70532f0c59450ba188cf15e013d88a8a4b517697ce84acc27469bba1f
Test/Tests-Integration/ItemFromPictureTests.Codeunit.al	349	f53f7dbebe604b57e05f2f90b9997a27dd872895376b4d92887ca67b3525711f
Test/Tests-Integration/OfficeAddinInitiateTasks.Codeunit.al	441	2fa4c54dcd69bcc87b57fb83adfaf08fec0bc4e51c3b9ba3336d764daadf7df6
Test/Tests-Integration/OfficeAddinJobs.Codeunit.al	178	8a6cb5fe1c5d66df106e7aee620fdb74df4596b58f15b855f5135cd2cdd55348
Test/Tests-Integration/OfficeAddinPopout.Codeunit.al	193	4743c2fd3b887ec3480e1afc7fb4d07e858cbb5ac0364bd0c6773fd3bc6995ef
Test/Tests-Integration/OfficeOCRTest.Codeunit.al	297	51e6279e4d0bbc0dfc1c4240672b441901be4f6049acec3887c953d41302f877
Test/Tests-Integration/OnlineDocStorageConfTest.Codeunit.al	23	0b36741e95539913e7394459e667ba262b9cbe210afa1e81b2654fb7c1b28d4b
Test/Tests-Integration/OutlookAddinCommands.Codeunit.al	406	f15a501d0281efcc05dd6d073cf4e9732b06841a31e737bca525a9413b1fef6f
Test/Tests-Integration/PowerBI/PowerBIEmbeddedReportTests.Codeunit.al	278	fefd488a652842fbf5e267503ee521b6a64f146f4d025cd4cedb1c7515ab8611
Test/Tests-Integration/PowerBI/PowerBIMockServiceProvider.Codeunit.al	102	14108d618adda23c9edf1e7aae69d2681c1917e2fe4400f9da3382d27785320b
Test/Tests-Integration/PowerBI/PowerBITestSubscriber.Codeunit.al	28	af922d14de2dfa80872c704ea7ea4282afda203e5289872ad6510935b992b9c4
Test/Tests-Integration/PowerBI/PowerBIUnitTests.Codeunit.al	41	25158ec629bda37165df16b2b5296a345c54dc73afcee74be2521585598c2a29
Test/Tests-Integration/SMBOfficePages.Codeunit.al	880	679b8aaeb9e032ccf86b30397fc496539220f1117dc67e13f5d09dfa4d68dc06
Test/Tests-Integration/TestAccountantPortalWS.Codeunit.al	427	8e7f04c48ed3533e98f1ba5be3172ee2013486112a76396f4edb0dae8dcea247
Test/Tests-Integration/TestDocExchServiceSetup.Codeunit.al	319	66af964741af49ecd92280e37f07bd913573bdb2408923fe2c928b3396c17a40
Test/Tests-Integration/TestEmailLoggingonExchange.Codeunit.al	31	4417d4b9fbb1e829e7097081d017e5e34c6a120512bcf1985bb7e6fe4c1013c9
Test/Tests-Integration/TestPowerBIQueries.Codeunit.al	361	dbcb09838b9d9513aa77722109e97a5d99a3203447fb3644ce57f0ec04bd36a7
Test/Tests-Integration/TestWebServiceCreation.Codeunit.al	10	b8ebabe4d0b4f082ef9b756ba2de61460f15282070c1a0a64cd7e83f8bec62a4
Test/Tests-Integration/WebhookLogsE2E.Codeunit.al	50	2794d779e7546b180a218c7a2eecd8cd9fae8e57cd98582b9a86ab9448051eed
Test/Tests-Integration/WebServicesTests.Codeunit.al	403	d9b0f2dce07303d787907f12c4387138485d432f0bd397b5fee05586c85d5ca8
Test/Tests-Job/InvPickOnJobPlanning.Codeunit.al	1429	8f96c347982424df55b400bb849db5758e732ff5bc059b77a3dbcfb0862d9f04
Test/Tests-Job/JobArchiving.Codeunit.al	356	0629c105a7e8f22e86f0a38a2fe5c75c47ef56feeb3c6799eb504a800590a7ab
Test/Tests-Job/JobBatchJobs.Codeunit.al	1378	4c6fe4da7e3cfb6504e37c3fed8eacc844685290c358fc5246db2f4b3f93fa05
Test/Tests-Job/JobConsumptionBasic.Codeunit.al	472	651ab41a2c2b23ff5cbc696aa671643359200be929e635c8ade8081ee4e8021b
Test/Tests-Job/JobConsumptionPlanning.Codeunit.al	470	ec7616dba7d1b81da1e652c88670ade16c2e9699d572edc3b922cdb58f8d3fe9
Test/Tests-Job/JobConsumptionPurchase.Codeunit.al	3586	57093c84628b491ef95d81c603820fb21745b0a77f9da8feff51c5a3676dd85c
Test/Tests-Job/JobConsumptionUsageLink.Codeunit.al	1206	108b670f4fb366ccf1fa86734fe42c44be5b2b64446b0a35a5345b8e8c43c071
Test/Tests-Job/JobConsumpWhseHandling.Codeunit.al	398	6bf5d413778c6bdd08eda9803e0964562d36fd76c72423cbc906570773a1002a
Test/Tests-Job/JobCreationWizardTests.Codeunit.al	84	a01a2397d3adc1e6a040e9394218474171f5d9961450c92edb1923e5822b63f0
Test/Tests-Job/JobCustomerChangeTest.Codeunit.al	75	f1b126040d4e4bda71d46457e9aaf170e1da7901d0c3fd49efa1f8f775400330
Test/Tests-Job/JobInvoicing.Codeunit.al	3014	7310e9095260645a4dba726c8cac9b5382e8be24466e5665ff5ab34899db6dea
Test/Tests-Job/JobItemTracking.Codeunit.al	2667	a4eef778fbca2bc68986a30f2fb0917d98cd3151de5e819fc9231a34c91de448
Test/Tests-Job/JobJnlErrorHandling.Codeunit.al	234	4c766dba1f715983cd22294589e9cef8c5e5a24978b07e2cb2ab16a8b0c7216c
Test/Tests-Job/JobJournal.Codeunit.al	1907	c03730748602fbf731811e7632ba7d3a268f8ee4a995ca8a25eced6132e8b65b
Test/Tests-Job/JobOrderTracking.Codeunit.al	350	a7eb57b62b3ea93f4b61fb5474510f15169d0cade90a79f8ab17a78694e1a1d5
Test/Tests-Job/JobPerformanceWIP.Codeunit.al	1468	919e51f79f071942b0f8bb4c1032b1b9e25024b41ace40fa931c970371ce6536
Test/Tests-Job/JobPosting.Codeunit.al	2120	b7bd39090d2a392596ae9c6be029628c8aba132ebee8cba836754e99bb0c1feb
Test/Tests-Job/JobQuoteReportTests.Codeunit.al	227	b495cf3bfbd687abff8ee22ea7cec0561dd6c549fc2dd997e361608a2eca0893
Test/Tests-Job/JobReportsII.Codeunit.al	691	f8a91ba8d9048ce9cc11f9d4405fd17f3d836bf753d153862272f0143c8bcd5b
Test/Tests-Job/JobReservation.Codeunit.al	732	1c459953fc23d4fea98e815c273c0d4c9790050bb99dec0f8536e5d6443795d8
Test/Tests-Job/JOBs60SP1Scripts.Codeunit.al	324	9470968aaa6d21d298ecdc2dddae181ea726e473453204250bd5db01e93df0d1
Test/Tests-Job/JobsAssembleToOrder.Codeunit.al	735	2bea6729a18c41a9fa6a9b66467c0fcf6b96a36c0f9e999a18ea1122b0d0e75e
Test/Tests-Job/JobsMultipleCustomers.Codeunit.al	907	927ba6cfff177e4452695aa1737cc6038350119ae6a9dc84ac76e6d489bb1097
Test/Tests-Job/JobsStockout.Codeunit.al	228	ce033a89f8a3379e382cb934202348fd7444c6cfb34d201e65aa95072cf6ae69
Test/Tests-Job/UTCCopyJob.Codeunit.al	789	be2c8376d0b856d370c11157fb15b46740060e8a26d39159232baa987474a26d
Test/Tests-Job/UTTJob.Codeunit.al	1662	4a2c9334f758a8885b44528d73b4b2807ef3dd650d1c0275597ef6eda32c5f72
Test/Tests-Job/UTTJobJournalLine.Codeunit.al	404	9f3fbb60bd1875c66084239b73cdb7180b597d6a977a7dbe0069358354a4968a
Test/Tests-Job/UTTJobPlanningLine.Codeunit.al	1383	0388a1326d182d409054c368b17d9a4d1c8cf845b141c0a737fdced853327a6b
Test/Tests-Job/UTTJobTaskLine.Codeunit.al	313	4d0799cf3ea2c8dfa089f8a7ef858742a6e85e258a17476aa9377f5db1480ea9
Test/Tests-Job/UTTJobWIPEntry.Codeunit.al	111	a9f398411e014abae188621045c318ad2c34db017fab03a4b5096d019e151361
Test/Tests-Job/UTTJobWIPMethod.Codeunit.al	185	30dd28249294b51b9313819083348302917b822d7587d12849b051247aab7ea5
Test/Tests-Job/UTTJobWIPTotal.Codeunit.al	795	cac2e530a58f0762e6c0db052b2e017d551a9d7523aa07204fd378ab98d718b8
Test/Tests-Job/UTTJobWIPWarning.Codeunit.al	48	f0e3310ba26c8d307b8fc21fba6d2a2d243625b0497868dc67e6ee1e08836129
Test/Tests-Job/UTTPurchaseLineUsageLink.Codeunit.al	116	5f0f8a09afa1a84bd90401dc86984ea27f873847b7ed67ce078c26f791a75a54
Test/Tests-Job/UTTServiceLineUsageLink.Codeunit.al	115	fcd726ec8539415c9b902df5a8aa91620347a4acac8edfc63236344779fbe612
Test/Tests-Job/WhsePickOnJobPlanning.Codeunit.al	2368	c4957d19f6c4e795f8073e7f6253fe9ff608c0cb7aab934c46bfdd582752ae15
Test/Tests-Marketing/ContactEmployee.Codeunit.al	201	b84384343a91793c7beade6ef46b026aaef571a5dda4dbc9f071baf845b28663
Test/Tests-Marketing/MarketingBatchJobs.Codeunit.al	316	fa925b64767072e47964bc05511f70d60524ded0c71a6c59e25a4bc50c4adf01
Test/Tests-Marketing/MarketingCampaignPricing.Codeunit.al	350	5dd8739bebdc040cef3a967e27d7f1eb18b8454291109df1febc9dd7d98fd2af
Test/Tests-Marketing/MarketingCampaignSegments.Codeunit.al	970	a052389bb5d02595fb6e1b299a0439df41396d9f94154743f4b02de84f03d382
Test/Tests-Marketing/MarketingContacts.Codeunit.al	3367	1be7bf65a75f47a9f775da4f340a87065c9ec5565947afd4810f384471e1b21a
Test/Tests-Marketing/MarketingContactsSearchII.Codeunit.al	173	adeaafe7f613d8dd5fbc546554eca0202884036b1a32078f164d2c4ef72115bb
Test/Tests-Marketing/MarketingCues.Codeunit.al	62	098092388fcea6d53e259ecaecb341c8f5941931b7482aaae6149163b6f658ff
Test/Tests-Marketing/MarketingDefaulting.Codeunit.al	72	3d3065dcb060882cba7b5cf2a2bdc5ed8f32f638b035ce1bb36e7d1af3790522
Test/Tests-Marketing/MarketingDocumentLogging.Codeunit.al	535	aedd574149c474d43613950fced2c6c32d97620983976ed8cb4a30cbbcdb342e
Test/Tests-Marketing/MarketingInteraction.Codeunit.al	1885	f0693eb327ba0876402ffc9d867010b4442af42392a6cc8c9065f78087db8c5b
Test/Tests-Marketing/MarketingInteractionsUI.Codeunit.al	426	6ecb2fc96de271ea094f6000a4ec75ba0fe00b067d5f73ba0773b6c76afaf550
Test/Tests-Marketing/MarketingMatrixManagement.Codeunit.al	248	0435df60493c587d2a2d3c8425e471ee6ed6e88a035ff649bf4be4bc74f36cad
Test/Tests-Marketing/MarketingOpportunityMgmt.Codeunit.al	1189	b817e233ab13f55a4fb1dbb45f5f1858c0c101804eb1b3ed9a4b91d92a7d3957
Test/Tests-Marketing/MarketingProfiling.Codeunit.al	458	ac2608bd692a15d522a1998fac982a6bc30b96d3b430dca1336bcc8336446a74
Test/Tests-Marketing/MarketingQuotationsContacts.Codeunit.al	375	7e42f57f9bf7a3f1965d094bcb0cca1ae25ed82f4e6082c37c832947a7398a7a
Test/Tests-Marketing/MarketingReports.Codeunit.al	842	36c821c197af3171aa596f24e57066b0976b04d4fd587d9480ca6345814e723b
Test/Tests-Marketing/MarketingSegment.Codeunit.al	321	7783c2274b2c6af70fcfdd55dfa4f0a963931d486ed9ff0dd1a5d3e3ec95aaac
Test/Tests-Marketing/MarketingSetup.Codeunit.al	483	b6ea86b0d361680972c7d6b24b25afcc48b61bd72fe10eb13c22791861598057
Test/Tests-Marketing/MarketingTaskManagement.Codeunit.al	965	e2789672fbe8e30619304615d8e6c03ea83ea69549ecb2d2a1bddbb21f9aff9e
Test/Tests-Marketing/PersonandCompanyContacts.Codeunit.al	398	28c71ce705e85b7c1b8f5e801aa863122507427c503f4d37e7ddfdff7dd482b9
Test/Tests-Marketing/SalesE2E.Codeunit.al	147	16f0b82b94bbb1a20c0dc0d5daa02af84db34002e69a069a79b85940e44355dc
Test/Tests-Marketing/TestContactLookup.Codeunit.al	285	969816f33e5d6dc77ff5e3a43f50db779ec903fd1fd70ec1808977b8825631ec
Test/Tests-Misc/60SP1VAT1to1.Codeunit.al	2982	95b6f3f145b5bdd2581cb89be03f1eac9dcd029e03c5843b56746ae9449ee12f
Test/Tests-Misc/ADCSTests.Codeunit.al	168	2f1c6e9116274bfb3c84d8c6e2d720b652258aa6446586bf7b8c660772222744
Test/Tests-Misc/AnalysisViewTableUT.Codeunit.al	96	2ee59d2cd94b630325cd03aabcdfa387658435e837e995e8d1d47a6d2779e5eb
Test/Tests-Misc/AssertTest.Codeunit.al	162	2fbcc37fb115ca339da2ecbe3c158a0025467e1bc3ebf2af7f58aa050ec20e6e
Test/Tests-Misc/AssistedCompanySetupTests.Codeunit.al	403	d9de7cfd1191cb068758499ce01f548a06d9ab2fa955527e401eaeb8500c09da
Test/Tests-Misc/AttachmentStorageType.Codeunit.al	577	312c849a861137b15d5b8c7de8c55a445468d66128267e9f1dfc3f6ce0168c3a
Test/Tests-Misc/AzureADMgtTests.Codeunit.al	224	9607f3d941a204bebb7dc191f7cdfab9c939ef77c05eeae6a99f7f2354135778
Test/Tests-Misc/AzureADUserMgtTest.Codeunit.al	291	2034ceb6eac706b3cc006466eba9b029bb2452fd334398341deecd0c7d85b7c1
Test/Tests-Misc/AzureKeyVaultModuleTest.Codeunit.al	68	e4f54d468d246f00b77af85887d5e528a189017990862a9a1b4ef5e520d04f57
Test/Tests-Misc/BackupManagementTest.Codeunit.al	249	b2ab3588c5047a29e1a515237bcd01f01379d43e9b6edc6412063df76b133cb3
Test/Tests-Misc/BarcodeScannerItemTrackTest.Codeunit.al	329	12c30f2debe8a3628061d2aa15de55c980ecb0e94ae9732ea6ae05aa22ee1c26
Test/Tests-Misc/CameraBarcodeScanItemTrackTest.Codeunit.al	326	30cd1aabe7177f7daf4d82d633471f2f979b7510973e09f9f2cb63c1b80834e8
Test/Tests-Misc/CatchDotNetException.Codeunit.al	21	5b5470a3f9291ed365e5944340e53651ddce3bf7e013dcd13bd7c4698567216d
Test/Tests-Misc/CertificateTest.Codeunit.al	81	9ec176f61ac2f12b22ce1a97bc1c3f14419f9d376617d032fb378176bfe4ec0e
Test/Tests-Misc/ChangeLog.Codeunit.al	1084	72b4995fbb31acd49b082c09e6d1671f09bd939f4814df88460fcb913c22a476
Test/Tests-Misc/ChartConfigurationTool.Codeunit.al	1136	86828a6e1a77dfab3a0a669ddec6602303b597eeaf6922b5be2045a2ba1ad0eb
Test/Tests-Misc/ChartsTestALCharts.Codeunit.al	181	1fbb925184a293af0aff9187c882d40c7118cf543c978209b4f2f72a60498a81
Test/Tests-Misc/CheckDimensionsOnPosting.Codeunit.al	1396	f64866e372266a6077b8d63ecbe8d2d6686b6a02d119664dbc5b6e6d1821eb5c
Test/Tests-Misc/ChecklistInitializationTest.Codeunit.al	59	05a7b25cfe6f15dd2fd346f32f9cd02956b61c89652aed4979a313d5212b1804
Test/Tests-Misc/CollectDotNextException.Codeunit.al	24	1de75a398922ac97a7a3aeb621c14bd3769a7d5a64117cc72524e24ea33ef391
Test/Tests-Misc/CommonDemodata.Codeunit.al	137	3db4797a2a7ae7516dcec2213e95af348492736a8936d5909cbee0402501fcd4
Test/Tests-Misc/CompanyCreationWizardTests.Codeunit.al	80	d66bc31790cd4937434520738878fccee9ceb2b286d0baa499f88b3d9fef8e32
Test/Tests-Misc/CompanyInitUnitTest.Codeunit.al	417	e544c597caa6c29aae968e292ae9f324ca82a9625a01efaad37b09861a5f5ad0
Test/Tests-Misc/CompanyInitUnitTestII.Codeunit.al	16	c1f6b1f4644bfd680637733f0fa97754b89dc08697340b4398c910f99e6bc315
Test/Tests-Misc/CopyPurchSalesDocUT.Codeunit.al	138	e33962edc7c7b660d5d4b1c20e873028f78d34e8c066ca16319d3d87406f3e2c
Test/Tests-Misc/CorrCreditMemoNotifcation.Codeunit.al	229	c1beb5f2e285b593b5ec2e4e7a38669bcc31b9530039af80bf903625debeb635
Test/Tests-Misc/CountryRegionUT.Codeunit.al	70	a8a1c6cca16fa6909bfb1d3539a73441bfeb37ac014e0cd976c8ba7b217badbf
Test/Tests-Misc/CountyVisibilityTest.Codeunit.al	358	d664b89e3a521cdef22d7485b1408072b0fe64d57df6ecdf9594be844a33d929
Test/Tests-Misc/CSVBufferTests.Codeunit.al	180	ad905ede3b50e01d24f1424135b8ac229b5b9b0fd964d5bb47720e331b7d3098
Test/Tests-Misc/CustomAddressFormat.Codeunit.al	297	be44590ea53c3c16240ee89cebdb2200007224769a824729b184ae76d8e36d3d
Test/Tests-Misc/CustomerConsentTests.Codeunit.al	33	5e44875c3f69f64357d02b8dc06a866b3a26b91404db05abf6fd28ebf02f0a0f
Test/Tests-Misc/CustomerStatistics.Codeunit.al	31	2ae507fec31004f78eb25194f99af1a9dbaed4380a22dc64d4451ef4ea80af0d
Test/Tests-Misc/DataClassificationMgtTest.Codeunit.al	32	244c7431c0d42825ab8e1647bace51a4298bfb6a1b6d53057dc952479a6e096f
Test/Tests-Misc/DataClassificationWizTests.Codeunit.al	130	188a426b37e3d3b53d2b5b21111aeb6206cf4da431549e99d5d61b5cec22dbe9
Test/Tests-Misc/DataClassImportExportTests.Codeunit.al	92	1f0197ad0d130952b36367e8fb366a73c42c20e2e09fc2963634191092f00255
Test/Tests-Misc/DataClassNotificationTests.Codeunit.al	125	de8f93bc20db10e0c0961b29f73098e2f6fc84d79139a4a23fd27bfa9ef23317
Test/Tests-Misc/DataClasssDemoDataTests.Codeunit.al	139	cfc9455e7a3a9e91af58d715b6c6190b9bb19b8bde63a3f9969dfaf7b0c1bc14
Test/Tests-Misc/DataEncryptionMgmtTests.Codeunit.al	165	29a60fb477a3db013f1023107cc227ebcd39e4ab9c9550c883fa3fafa95a8662
Test/Tests-Misc/DataExchFieldMappingUT.Codeunit.al	240	c4d51aaffe2d766bcef3556eb019171e349fc7a5f7b93696a0b967f9cacbf199
Test/Tests-Misc/DataMigrationFacadeTests.Codeunit.al	993	eb6cedad4bb320dc9d0fe6d9bf1e678db3025c30c9397efc239022cadbc7a4e0
Test/Tests-Misc/DataMigrationStatusTest.Codeunit.al	194	db8a227f7ff3a5aae2cca8bb1bfe33a683938d73d2dfca5755cd347263de9881
Test/Tests-Misc/DataMigrationTests.Codeunit.al	355	12f2c5169826e3d27779d4083fd5696fb6d80ec3a1fa65c78d01ffe0a79da3d6
Test/Tests-Misc/DataMigrationWizardTests.Codeunit.al	471	36ac2c110e565c9abd125f89ef4b4dea4ff101c5db064ad0ec9f6d15d7b92cd0
Test/Tests-Misc/DataMigrNotificationTests.Codeunit.al	207	5ccef949bdbb55739e5dd912607dfba776b3461580a95fc2a7ba3b0b64a95c21
Test/Tests-Misc/DataOutOfGeoBaseAppTest.Codeunit.al	127	3e8ae66229e377e9d0ee8a8f1aa40941aeca17ca890403cc2d8b12773ee3424a
Test/Tests-Misc/DataPrivacyTests.Codeunit.al	455	3d8e75d8749575feadc381de7f6456345fc605f7bb533fbf907982b39043f941
Test/Tests-Misc/DataTypeManagementTests.Codeunit.al	22	668ac971f268e234ca02569700c8fb5d01aef9094003cd7e39c53eddeadf5ef5
Test/Tests-Misc/DayBookReports.Codeunit.al	147	ad4b6bdf93c574956572d20511ad87270f8d55222024deb7bec77fbd3f56ba18
Test/Tests-Misc/DefaultDimension.Codeunit.al	120	d4f5c378bfef2c481e7c56dd993b9bc9ab7ff17af2f1d6cdd0728b8d25a1ef8d
Test/Tests-Misc/DeviceCardTest.Codeunit.al	66	70cc4f936cfc44a922b0a4fa4ad49cb0c5f5e7c541ae3da9fa101316b848f9c1
Test/Tests-Misc/DimensionFilterScenarioTest.Codeunit.al	287	f8f3649cdbc692388aecd0d69e65d2e8561d199f100ff9d10255bb1df40c4659
Test/Tests-Misc/DocAddressPropagationTest.Codeunit.al	740	d079b39e9f4d45bb78b759a8121dd0679b1e827f75b0709fb740224a87be6019
Test/Tests-Misc/DocAppSetupWizardTests.Codeunit.al	181	428b6c1a643635a7fa73e17ad4bb8ab46833bbee18dcdf0a22ba1ea9d0d8d7ed
Test/Tests-Misc/DocSendingProfileCRUDTests.Codeunit.al	176	ff8767710245f09de6ee46d5707ff537ac91f05091125d6ef49cde95e91169b0
Test/Tests-Misc/DocumentAttachmentTests.Codeunit.al	2597	c806c9f8ef68ed7459774700f718664c7ed4805ce6e9c83d69efa1eeba47178a
Test/Tests-Misc/DocumentSendingPostTests.Codeunit.al	2402	1f4cd1da504cd92af1e64fd6db47c583c992051d92f98c21d1dec1cb27eb5165
Test/Tests-Misc/ECSLSuggestLineTest.Codeunit.al	143	6907f5e7062ce13fdb75811d8e9b462c46223c495b2eb2272609c8f1a54aa79b
Test/Tests-Misc/ErrorMessageHandling.Codeunit.al	649	785648434c1b4f7eaf3e18862874d87e9c0ca5c5f205a6aa501c2c5cfb5aa0ce
Test/Tests-Misc/ErrorMessagePostingSetup.Codeunit.al	477	4ae19cc1e78c9d29d272501359e725a0c2dda5cd090eddad595c0152fb986fda
Test/Tests-Misc/ErrorMessageTests.Codeunit.al	526	93726a2c216bc5149c9cadea474e821cf3de7030d369ddf9e6151ce9524de533
Test/Tests-Misc/ExcelBufferTest.Codeunit.al	611	d0cda712e4a5e8dc8bb86bdf852089b79199c3b704a4d288be3c3a9d6789bf0a
Test/Tests-Misc/ExtendedTextDocuments.Codeunit.al	304	e04f36b5e8be40ae256507309e6cc36a6efe0ec57a384340c57aa666c25b61eb
Test/Tests-Misc/FieldStyleUnitTests.Codeunit.al	75	8b08fc808b780907718bb68e2d31db0acd527600c193fc722ba2611e1061da2a
Test/Tests-Misc/FileMgtTests.Codeunit.al	258	066b3942482e9bdffae7bfa96e8462184b00e5888f50f12233d96142a25ab6dc
Test/Tests-Misc/HttpWebReqMgtTests.Codeunit.al	37	6691141e0d0994f8b7efd99b9d67b226b11b82d8a164d91f63d58deec2ba0959
Test/Tests-Misc/HybridDeploymentTest.Codeunit.al	108	c0d2e5649cfd0d01aa8e5095b23df9296a0a8d876310b37cefe9c196edc40f9d
Test/Tests-Misc/ImpIncDocAttachmentTests.Codeunit.al	77	73bcb55f6d398b15f8971246a5fea147872bbdc4a19501dfb79494af9c687fbb
Test/Tests-Misc/ImportItemPicturesTest.Codeunit.al	117	b0a79c7044255a81efebdde931940727e46c5fcd7ce84cc3af31ca4524d03f61
Test/Tests-Misc/IncDocAttachmentOverviewUI.Codeunit.al	33	61a154a1ce6f4ebe996c35fbf1ae864c79d74955b952bce961d65f003b657600
Test/Tests-Misc/IncDocAttachmentOverviewUT.Codeunit.al	389	777dc881596ae93b8b7ee51df4ff5b60f8dbf72b22285c90d3b123bba6c63d64
Test/Tests-Misc/ItemTrackingTest.Codeunit.al	244	245ea9e87f088aa89cb302f6a9df977212752081679666323cf5f8de76ca3cf4
Test/Tests-Misc/JobQueueEntryTests.Codeunit.al	392	6a5bb5024a07a1f335102d967e38f6874741fb3169b30768643313d23a981791
Test/Tests-Misc/JobQueueInactivityDetect.Codeunit.al	185	993895a71ed15d88187e157a24b670e5c17b226e3f27c7bf3c023fd0985bd566
Test/Tests-Misc/JournalManagementTests.Codeunit.al	282	bd59589b70fba93aa5d02ab55d8dfc146c2d7f3af6f5238888ef251c4c5a2d9b
Test/Tests-Misc/JSONBufferTests.Codeunit.al	131	38dbc215db4a1b1025021185b3cbc61cc1414f0c7efaa70d12cac76bb4ca7803
Test/Tests-Misc/JsonTextReaderWriterTest.Codeunit.al	64	b81e934791ba36f671c392ad4589e8f733625c0ed6e0b9eb9ac5a1558e378766
Test/Tests-Misc/LibrarySetupStorageUT.Codeunit.al	66	ef0c1b6b3425dd2614332eb9c1e9fa686a8ec00d58aefe4693f80120d6242e11
Test/Tests-Misc/LibraryUtilityUT.Codeunit.al	11	c7c3fe5eb22b8a4b7e096aabda36bfbee9546e4cf66b6aaa5de4897c12c40f49
Test/Tests-Misc/LibTextFileValidUnitTest.Codeunit.al	18	11ff43d781760216e31768474e48e86d44df78ff36d144ed8b0e54474125f5a7
Test/Tests-Misc/LibVariableStorageUnitTest.Codeunit.al	54	563353ea48ced0ef096ceb32654db59c9ff09e951842f14cf0b0185a34758c83
Test/Tests-Misc/MandatoryFieldsTests.Codeunit.al	349	f53efdf5ded8d76f8db61a1c4825dc92607163ac782427fbf58e916d682967c5
Test/Tests-Misc/MemoryStreamWrapperTests.Codeunit.al	47	14de72c5dd41d4a8c4fddada0c435f84269b27ee37f7d2be471415422d171ba3
Test/Tests-Misc/MetricsCollectionTest.Codeunit.al	85	ad214f8eae21ddefd020d0d3f9c686afebea6cd5a173ce7cf00934f4ea9d1419
Test/Tests-Misc/Microsoft365LicenseTests.Codeunit.al	80	48437f5a7a584ec470ccfac0a98fa4a9f9118b3820167bd67969b8193618077a
Test/Tests-Misc/MyNotifications.Codeunit.al	131	dc4d8f6002c02c1e80399be87cac896ad5dbecdbe1ebb89bbeb8d6c3a4022978
Test/Tests-Misc/NormalDemoData.Codeunit.al	135	ab8fc8b9c54015264537819c2b507032263d88de4d5df32a08e06430ff2bd213
Test/Tests-Misc/NoSeriesCheckTests.Codeunit.al	72	224ce7f82b715e6b4a306dc89a044f868a721db11882e506f5c52a494e47829b
Test/Tests-Misc/NotificationLifecycleTests.Codeunit.al	332	1bcab1a5cf616d77d6eccfb7e5ab15ef1ae12a02b83f5191a8b903fa67bd8295
Test/Tests-Misc/ObjectSelection.Codeunit.al	220	ba249199734db792d188ac2c5620f4baf52cb83c1c2e84c0c7706d228a132530
Test/Tests-Misc/OnboardingSignalTests.Codeunit.al	79	dccc2b35037108b1feb896e5034bdad4e7e237a945d44fdb26fc42710969e592
Test/Tests-Misc/OpenXMLManagementUT.Codeunit.al	74	2c4ef10906973f0e3c0b80dd3a4ddc099ceac79e2cb0b92eade880fafb95d987
Test/Tests-Misc/OptionLookupBufferTest.Codeunit.al	182	19cb6533ece281ec8310450321099aa008a7ab0f20cbe708b53218b66879fefd
Test/Tests-Misc/PageManagementTests.Codeunit.al	135	c25e778076976a26920a061fbba0a3d59911d1ca80b7fae3c9c94ee7980e1b7d
Test/Tests-Misc/PageTestChangeViewMode.Codeunit.al	45	45f9a002c1539976b726cb1663244c825d7dddb40a300e32d731a0373452aa7c
Test/Tests-Misc/PaymentServicesTest.Codeunit.al	957	cb79c46be08f2113a64237c253e4f237885de76c9803de8eefba960d4d49ae7f
Test/Tests-Misc/PayrollExtensionSupportTest.Codeunit.al	428	073b917e4467f88f6be2543acf7dff7c5a616ebc65bc0b85b4aa9a5a888977ff
Test/Tests-Misc/PEPPOLBISBillingTests.Codeunit.al	850	5d8da8023edbfc8f0233930e95e3340000cbc2ebe27c5a05f044178495ef244a
Test/Tests-Misc/PerformanceTest1001.Codeunit.al	42	e64d26a3314b026055cea1b9497a410c2cb65fe7268a75aafc8d4480dad8507d
Test/Tests-Misc/PremiumPlansActivPlanbased.Codeunit.al	24	ed42f08dcf725a423c9f74b62ec785b9958fde8add5c9642b13ce38c120c7b67
Test/Tests-Misc/RCPageDispatcherTest.Codeunit.al	111	574084512ef8a6004b843bcfe98e4ddfeeb5a6dab170772e69fc54a21eefca2b
Test/Tests-Misc/RCPageJobQueueFailedTest.Codeunit.al	1214	a6a567cdfdf0edfb95d3079bc56d2934e8f3ec694220405971000918dee1042c
Test/Tests-Misc/RecordRestrictionMgtTests.Codeunit.al	338	9e09ac7c092e6d46d87846269873e3de190808ef35b1699cbb6c1030f8b281f3
Test/Tests-Misc/RecordSetUT.Codeunit.al	1431	ff665ba94a2f5c8956f909a8ea8682cb39ac97a5a1fe7453af1142c616971d6a
Test/Tests-Misc/ReportSelectionsTests.Codeunit.al	1747	d42ea05bbea6035aa0a3af6dd9e7d2e48217dbdc9b58b8e141cdde886b8ea48f
Test/Tests-Misc/ResolvingCaptionClass.Codeunit.al	66	128fe5ab378bb9a48c466ce94bf9b6615ce4fdc358c79cf1883ddaacd5567d3e
Test/Tests-Misc/RSPackContentEvaluation.Codeunit.al	335	b8107eb9338f008b4454ec4aa840b40f0a62f7ec9d2ec58520a223e2cf5cb12a
Test/Tests-Misc/RSPackContentStandard.Codeunit.al	118	fa99cd83599f64fdc0bc8825d9983a36b67fb4aede0c38e3bf4c14a1a5173e26
Test/Tests-Misc/RunPerformanceTestPDF.Codeunit.al	55	c82c4272abb3e04860512d2ee79181e5510323da09c47fedc71e4fad523bee9b
Test/Tests-Misc/SelectionFilterManagementTest.Codeunit.al	563	6e2bd89b0dc3ba64f26b5f4aae7ff4be2ca92e252e17ef05e5e0e48909a2961e
Test/Tests-Misc/SendJobToCalendar.Codeunit.al	393	b0d4ca6664e6401cfd78e3addd431303ccef9d033a2bddc367d3c9cca2fa63c3
Test/Tests-Misc/SignedXMLTest.Codeunit.al	67	3b43e804b8a11d92fc182d25bbe1926678a4f7eb6a2d5ae1182ef0ea36ea614e
Test/Tests-Misc/SignupContextTests.Codeunit.al	2	eeff0dd39db381bda98caea93760a026600f16b18e398df5752cb39085a0b820
Test/Tests-Misc/SkippedDocumentLines.Codeunit.al	401	dd723e7dabc88a9649a905789fe6d570c9864a2230d6bcf11810ceb39c7cd140
Test/Tests-Misc/SnapshotManagementTest.Codeunit.al	140	dcc8478921e4c48ad7fa75012af71899abe413080935793872138cc753aa09ba
Test/Tests-Misc/StringConversionMgtUnitTests.Codeunit.al	3	dfe773450e4a62f6784a9d0d57aeff158910d73f319de762b560e49a1d983098
Test/Tests-Misc/SystemInformationTest.Codeunit.al	26	bb86e5361da7cc7cbc91db10b4fd487bc206029eafc9dcaa08091e31353903b0
Test/Tests-Misc/TableFieldObsoleteState.Codeunit.al	19	def22bcd17c06aa46108badc79417dbae7cfd9be2aef9f89b2fbacd7fefd6e9a
Test/Tests-Misc/TableRelationTest.Codeunit.al	82	09360f5da21e4e28a1d251ce59be7540ebef574c9125c0a48f3959e35b601439
Test/Tests-Misc/TeamsCentralizedDeplTests.Codeunit.al	50	b3096e8dda300699cc48153bd8d3b4cf6d0c0851e08a80931ad16fd327a04bcb
Test/Tests-Misc/TeamsUserDeploymentTests.Codeunit.al	22	c2b9d65b78a5e5d2b3ad8cb8aba53b7ac23735407bdba8c74e06f55b194452b4
Test/Tests-Misc/TestApplicationAreaCountry.Codeunit.al	19	0af7712ec1bee116e1275e6e58ab47540907fba4093a1a8e2d6a6ba7edd34701
Test/Tests-Misc/TestBackgroundPrinting.Codeunit.al	115	34277b351bb281b37307e6131964033688800c9f75080380e67724c8f18d509b
Test/Tests-Misc/TestDatabaseAccessIntent.Codeunit.al	45	c059b3d23621c0a75bf60b9e8025e9e7e13e822719427d5c4284db21228f1ff6
Test/Tests-Misc/TestExperienceChange.Codeunit.al	29	9d2eaea5db65d763bea2c66e75f487687a40bb83837fc271f03a785fb1c5c145
Test/Tests-Misc/TestFilterExprCOD41.Codeunit.al	131	44c38e0cc74e8b212c0c01feb9014f3e49ffe69b6057a7455e08ed82d285c947
Test/Tests-Misc/TestInstructionMgtPasS.Codeunit.al	52	d50019a3e8401660c0b4d688832d1a219befc1f7631c39e8571f655543fba552
Test/Tests-Misc/TestItemChargeExtendibility.Codeunit.al	431	2c0bd79b673216d05a8ff99e2a8d0ad1a0a61cb2450103fcff5e1e43138bc86b
Test/Tests-Misc/TestJobQueue.Codeunit.al	827	8d567ae23052a3d61a40455257841aa7e3be8201a9ba12df906d9676b2a2d9e8
Test/Tests-Misc/TestJobQueueSNAP.Codeunit.al	899	87086a96fa8c9ff61b996bf3c93e4f1764711490f4e2bd9b00fcdb5b5310704d
Test/Tests-Misc/TestJobQueueStatus.Codeunit.al	238	15522b0285d0514a510bc816a7ba20ad472a08382790823b85961f37f9612acc
Test/Tests-Misc/TestLibraryInitialize.Codeunit.al	41	2b5fbaafb8ea78f620ef076e521064a40362905f2cc16bc657770a3138e0a55c
Test/Tests-Misc/TestMemoryMappedFile.Codeunit.al	29	89787128f1e3ca70afe25d2cb6cbafe1d2ad0ea462817765bc8a6e50df07a98b
Test/Tests-Misc/TestMergeDuplicates.Codeunit.al	1337	ab11a77959a315313d60c398ba99b0792dabfb37f678667f7dfee26365b77888
Test/Tests-Misc/TestMyPlatformNotifications.Codeunit.al	62	6a6c72b6e4740ee405c9c500b86f8965a13d6b125cebe288320206f154545ddf
Test/Tests-Misc/TestOAuth20UT.Codeunit.al	359	1ad127f742693646db49845ce8ca049feeeef681d8b0c971f7bfdfbedcfad8a2
Test/Tests-Misc/TestObjectRanges.Codeunit.al	4	2f0d37ddfeb0be13cca9d66f6296e265b7449277f20bbc31ba41b08c9832f9ff
Test/Tests-Misc/TestOCRServiceSetup.Codeunit.al	105	fc39e05dae54c4e0ad21d2fa43b6c2387d90a85d64676a8f31f4b6d648bc28ce
Test/Tests-Misc/TestPartnerIntegrationEvent.Codeunit.al	1007	a9dd45c5ddc55664f8014c0d789f1b7166f39e32be97b2cfe8fd33a893658a28
Test/Tests-Misc/TestPlanningReqWksh.Codeunit.al	600	ccd35196b07ed7553c4687f9995392fcc236d0728b0e26d510df3fe40e901629
Test/Tests-Misc/TestPostcodeServiceManager.Codeunit.al	50	a10eff2e9f6d4b5a545f61db0b6ef3b7df1797cb2c3cd15f48c217d3eac1211f
Test/Tests-Misc/TestReportRequestFailure.Codeunit.al	10	ceaba05acbf866ae14cfbc5fb6de4cb92fc596aaf49e3cd94f7477d70e2c3a0d
Test/Tests-Misc/TestSanaInterfacecalls.Codeunit.al	64	08fc5d1532a396b397f13dd43b539e9d1d15e61fe1194a6a8cb0307f9436684d
Test/Tests-Misc/TestSignal.Codeunit.al	3	2cebbff62cd66113f6c0949b18b0e556f6f3ce7b11cd908c7f4eae4f035b14f0
Test/Tests-Misc/TestSystemConstants.Codeunit.al	11	ffa6963e105c1eac82db1bae6f95fd4ce1d7a3d89b9ef0dae56dcb32d10b1843
Test/Tests-Misc/TestVATClause.Codeunit.al	218	12626bf8175557c3121e37ba15456a750d94feb98f7cff7e4c9491aaafa2acb8
Test/Tests-Misc/TestWorkdate.Codeunit.al	7	8f7cf692ba2a626cc2ea739a2bbfb095a4acc434f9cc02ad8c286e60407d4fdc
Test/Tests-Misc/TestXMLTransformation.Codeunit.al	163	ac87a531d2b6cbe8a15cd0becc5051f677391d785400123b2ca3c3d8a7af06ef
Test/Tests-Misc/TransformationRulesTests.Codeunit.al	506	9cfbd911835d570209ec0bde008116d12349f5449132684f3da2528a45fb1203
Test/Tests-Misc/TypeHelperUnitTests.Codeunit.al	403	22dae0efdd711e8861246e7cc0b906cded22214de0a6fcba917eaca328299ae2
Test/Tests-Misc/UILedgerEntriesPage.Codeunit.al	210	ede212d9ce8d92b4c05e6d1031b75b4255f378161b9c1e25e653cea127906ce8
Test/Tests-Misc/UpdateParentTest.Codeunit.al	213	0ffe273ef1a6a8abb59664577a3facddf169169db74eb1da4eee6ef0058b42d6
Test/Tests-Misc/UserFactboxesTest.Codeunit.al	124	9ea12f69bbd8c336f320c9e9a169009a58c1fc3f1f581d30d2277da8d2a38711
Test/Tests-Misc/UTCountryRegionCode.Codeunit.al	189	a062061aae4f674838474c23e752aaafb30420154a588847b563b0918004340f
Test/Tests-Misc/UTCustomerTable.Codeunit.al	314	585610c0cba7ba96bb55595aac5cf977c5f6a5f11dd223b50e786283a2bdcab8
Test/Tests-Misc/UTPageActionsControls.Codeunit.al	2158	6d49ddaf5e3321f58a46b0df16120c3ce7df28a00b0b59d3300febf8b1baab1f
Test/Tests-Misc/UTPageActionsControls2.Codeunit.al	596	4c8f0ca20af14d2ca262cf87be33c46f8202bdc0817da0e953e634703ae80243
Test/Tests-Misc/UTPeriodFormMgt.Codeunit.al	132	6ef1909e56534672a8a93a4e9adf2de9b6d154304c7f67959f62d657c0edc959
Test/Tests-Misc/UTREST.Codeunit.al	104	a6a9c24b6bfef410f36cb11177b51680ba8145fd26e5ecb58b91490d8cab9763
Test/Tests-Misc/VATReturnPeriodUT.Codeunit.al	812	c7e9d40cf2a7ffcba394a34b3a14496cbdb97fde13cdeb0cf9221eb8c2aeea09
Test/Tests-Misc/WindowsLanguagesTest.Codeunit.al	21	0d481278f22d873ccbc9bc13371f1b2b263438a6cb40970d613047767e7a3e12
Test/Tests-Misc/XMLBufferTests.Codeunit.al	479	09b2cd9bb5f4c09256ce06cc2a30bc737e9e737a49145fcae7d9e145152fedf8
Test/Tests-Misc/XMLDOMManagementUT.Codeunit.al	145	fb1ec8245ece3906cabe6826e28ae94a86fd472a6129fb0672ad7e619c093932
Test/Tests-Monitor Sensitive Fields/MonitorFieldPagesTest.codeunit.al	165	ec969c031aa50f4bced7a31b29ec730e605f6af2fee1a4ddc34425dbefbaadad
Test/Tests-Monitor Sensitive Fields/MonitorFieldTestHelper.codeunit.al	45	f6fbc1307df4d45e6b9c8b2bbd3d89c81647ecff6df1f32550c18736e543bc33
Test/Tests-Monitor Sensitive Fields/MonitorSensitiveFieldTest.Codeunit.al	136	f147851af32d907c617043be57ad39d4d897cca7e8742a27313587ba82ff6ceb
Test/Tests-Permissions/BudgetsAnalysisReportsE2E.Codeunit.al	222	21beb4fdc001b54ffd057b67294521365cf11b18e9f308d9f34161d67d3c0aeb
Test/Tests-Permissions/CostAccountingPlanbasedE2E.Codeunit.al	226	5d2f0a12330cee52091993ed2da6f58fa796e77624f547b79079ef40b61105f3
Test/Tests-Permissions/ExperienceTierTest.Codeunit.al	32	3114126e58909840071da05ad3c4239ae8fd6f6f6baaaf46dd2230ab87efdec6
Test/Tests-Permissions/ExtensionMgtPermissionTest.Codeunit.al	9	f0c43e92ae5a5622eec69dbc0a36a9aad9946976ffe2f946e9a5a18c5f8fd34d
Test/Tests-Permissions/LoginPermissionsTests.Codeunit.al	38	c183169306293821be0004d49c6d09ca9e688cfaaca84fe5fab318af23fe796a
Test/Tests-Permissions/MarketingLogInteractPerm.Codeunit.al	32	f0cbaf606e7e007ddab3524641eb9f7f7f84efe5dc1f55aad95da9c041551593
Test/Tests-Permissions/O365CustomerPermissionTest.Codeunit.al	93	6af2a0838141ff60d745cca0b51d2e32e6dcbd384ef441ea93a760b445967295
Test/Tests-Permissions/O365ItemPermissionTest.Codeunit.al	56	bcfcdd5aa04723830f3daea8b73b9f6f7a70c44a59546ccd1b222f9733c65297
Test/Tests-Permissions/O365SetupPermissionsTest.Codeunit.al	170	e1a8f6bdb779118c310c243dc5db6886e851b2020bc24402974f228190830234
Test/Tests-Permissions/O365TestBlockFinSharedDb.Codeunit.al	10	9c4bb8582a975c1fc8dfc718bf4874e0eed99a0989532bf73b82a1e194257731
Test/Tests-Permissions/O365VendorPermissionTest.Codeunit.al	93	553a0e7dff2d76adc17f2da7a4c8dab2a11da7cef0ba42af8beb4bdbf455b7cb
Test/Tests-Permissions/PermissionsTest.Codeunit.al	369	f919cd9dd82e4faaf144bdfb8d07dfa3a27ff733c4810de3afa27639d4923453
Test/Tests-Permissions/PermissionTestVerification.Codeunit.al	10	49768b64d87e387cf7070200a4bf610775b04537fddecbe1dda733cceadab37d
Test/Tests-Permissions/SalesDocumentPlanbasedE2E.Codeunit.al	161	dbd72a7a0617bd31c905a4afa17765f4acdb4e8348eb78b14485839a8d477899
Test/Tests-Permissions/ServiceMgmtPlanbasedE2E.Codeunit.al	508	077ba25b2131002ddfd609aa51817e1cd4dfc9c68966e576a077bc1d50c697bf
Test/Tests-Permissions/TestEditingPermissions.Codeunit.al	430	054b5d4e09425b82575cb69ce049da6c0226d9c6deb5249c7bc74d541d5b347a
Test/Tests-Permissions/TimeSheetsPermissions.Codeunit.al	43	6aa7ce13cf6e1331dd173a3bbe4231ed00623b2139d190ff38b93203c356f08e
Test/Tests-Physical Inventory/CopyPhysInvtOrderUTREP.Codeunit.al	91	94c71708245e3e6d666cf517fa40edbbf20674aa87496af3b2ee547979c376a8
Test/Tests-Physical Inventory/PhysInvtCODUT.Codeunit.al	124	3dce0b69b3fef6f6e48c0bccd04256399be676b47c499b786d9cc1db9d516787
Test/Tests-Physical Inventory/PhysInvtItemJournal.Codeunit.al	163	2fff7fddf0f301a2b92598e5adc8b0297f86a7e8cc698d3b93a389ffe2df2ddb
Test/Tests-Physical Inventory/PhysInvtItemTracking.Codeunit.al	863	6530dc8474c480f8ae698c28cd9c9911130c8f49a74645fa650db0fd67b3ffa2
Test/Tests-Physical Inventory/PhysInvtOrderDiffUTREP.Codeunit.al	132	56457d925c4e3a34665a7c9b5b863ee9b347dc8a58fe6894ddefecd439388fa9
Test/Tests-Physical Inventory/PhysInvtOrderLineTABUT.Codeunit.al	337	b3e5f9bb37ba84801e35bd7f014c72c7d21cecdd21b3875a4de4e96ecd67150b
Test/Tests-Physical Inventory/PhysInvtOrderPAGUT.Codeunit.al	374	4a82e977e5eb8c9a66eb74e1db3a1fea7dc75aaf469ad4df282d73aa19ed342d
Test/Tests-Physical Inventory/PhysInvtOrderSubformUT.Codeunit.al	541	4381e7de0e43a34e81140d0b20fbd199bd238bffdaad32110174c53b3f2115c6
Test/Tests-Physical Inventory/PhysInvtOrderTABUT.Codeunit.al	238	0f1c6200262379dad2cb00c9dffb791f693c8c09ccea12cddb168014938eb15d
Test/Tests-Physical Inventory/PhysInvtOrderTestUTREP.Codeunit.al	164	eb3f0ff74a0f52fdba94607b764f88c7849338b345e74373272c8f14838a07d3
Test/Tests-Physical Inventory/PhysInvtRecordingUTREP.Codeunit.al	155	2640609374f5707df5cd241cb9c444a3315ade0b74d90d1bb0506ae59078d18c
Test/Tests-Physical Inventory/PostedPhyInvtOrderDiffUTREP.Codeunit.al	86	29d9a35644e7f0dbd1ab5df6a942a01c82eb476b272a973c45ddb7f866db6578
Test/Tests-Prepayment/ERMPrepayment.Codeunit.al	2915	6a6e974c398174d48bc084596ee0179ca1784769aadd170eb3bb1fd7d9e92e08
Test/Tests-Prepayment/ERMPrepaymentACYPosting.Codeunit.al	372	f6cdcb13c83481c4fe92e5336ab8c7a46be69933cb54d251861c0714bfc70851
Test/Tests-Prepayment/ERMPrepaymentII.Codeunit.al	1411	f3a6bac69289997c23406d162d98f57cf8cab04717677f279c6ee081e4b1955a
Test/Tests-Prepayment/ERMPrepaymentIII.Codeunit.al	1028	3c24c297d22511ff3ebaca74d1cd614a7841f162b7bb0edaf67120399da4446b
Test/Tests-Prepayment/ERMPrepaymentIV.Codeunit.al	2404	a73410c85d1e5689cbe9fe4afc07ba63ae8118c1d081971dd1d8b151815fb0f5
Test/Tests-Prepayment/ERMPrepaymentV.Codeunit.al	3357	6ad1bfa618971aba751b279b8532aa742edd714c6420bf10ad03d5ae42a512e8
Test/Tests-Prepayment/ERMPrepaymentVATRounding.Codeunit.al	1239	3c7215af69571976e8610294e891ec72793cd7369e7fecc7ae5ed4c9a779e0e6
Test/Tests-Prepayment/ERMPurchasePrepayments.Codeunit.al	287	f9f47ec0c80b6da525fefbd30298c2b670887c1a6fbecaffe2dadb8304db6cea
Test/Tests-Prepayment/ERMPurchFullPrepmtRounding.Codeunit.al	626	c39ef71c038b66cdb6be5a0ca51e11ce921c2e508e45f37d5bc7f4872ad4e74c
Test/Tests-Prepayment/ERMSalesFullPrepmtRounding.Codeunit.al	643	7d0005cf0ee4cf3ccfed3d7de43dad71e9f4cf49c1a84cf90efd420d4c51c01a
Test/Tests-Rapid Start/DataExchtoRapidStartUT.Codeunit.al	462	055c6c129d394f1fc014ac4652332b8c2202e7e3e2919b0a8c6a397b601428e0
Test/Tests-Rapid Start/ERMRSDimensionsasColumns.Codeunit.al	235	77018a4950d4ef69e048615e71589a1f5ca43d26a327b26a47aff339ff876d40
Test/Tests-Rapid Start/ERMRSFldValidateandApply.Codeunit.al	374	f2d79bb255a4d082881cc7128b8a32f36e90be6623065c488b1c2565f7249461
Test/Tests-Rapid Start/ERMRSPackageBaseOperations.Codeunit.al	654	4709b0b4a65b0dc5d42918b84c4b32b9033d431f0bd64d2f200603f80a87d57c
Test/Tests-Rapid Start/ERMRSPackageOperations.Codeunit.al	2131	8d8bb79e9062e2c80f1558b490cb315d144442b229de60aed646a2d3610b27bf
Test/Tests-Rapid Start/ERMRSProcessData.Codeunit.al	938	112032c1fb61051c738052350476684a1d33aec171fd6b4e43b3ddb25256373c
Test/Tests-Rapid Start/ERMRSQuestionnaire.Codeunit.al	422	941b182cc62b1ebff3840fbe91ca64df158c8d3f82d39cbe1f4b94a5d165c1ce
Test/Tests-Rapid Start/ERMRSRoleCenter.Codeunit.al	178	4eb6fd72bf4adb9a05cf40c29905893454d4bbfe89e61bc4d2fb8aeb620cda43
Test/Tests-Rapid Start/ERMRSWizardWorksheet.Codeunit.al	1633	38ec42c544a2a91c57e3b2e24edac731f4a5d8d37b312e820846f4ef64459623
Test/Tests-Rapid Start/RapidStartNotificationTests.Codeunit.al	42	6cdc790ed78ee0219ceb98538c72e6fe7f0044622ba1d1b810bd1e4c44656fdc
Test/Tests-Rapid Start/RapidStartWarningPageUT.Codeunit.al	35	e582be76b4b7ead2a8f0c623ba300face87f074164553f730491bcbd4cf07d45
Test/Tests-Rapid Start/RSPackEvaluationApiSetup.Codeunit.al	37	45fcae4b60f903cdd29bb93117f20d80c0ffe3f94858b031228233aa9d5d37fb
Test/Tests-Rapid Start/RSTableInfoTelemetryTest.Codeunit.al	37	a63a25c3cd0941f29336a37f4b7026faf2012fa0ad6a361c06aadb7d58072a48
Test/Tests-Report/DailyReportTests.Codeunit.al	384	e5fec9ccbd6082c98ea2f82e8a23c4cf9135cc3cc6db7d9466c11786f9a840b1
Test/Tests-Report/ERMFinancialReports.Codeunit.al	1351	82a1e53183c26084746f39958fe09494bc99d96deb4b386edc4ffeae37009998
Test/Tests-Report/ERMPurchaseReports.Codeunit.al	1063	d8395a13df87b2bfa44b6c36628e9a12e4e3b5e6c75c6f787fef1cac19d2e716
Test/Tests-Report/ERMPurchDocReportsII.Codeunit.al	77	dd6b25ba1f4e712e934ad0199bce8d43d86af6ff3cc7925c4e3b941d7ad3dd44
Test/Tests-Report/ERMSalesDocReports.Codeunit.al	481	86b378ec87d5c068df77f9b010c72b04fa9a516b7138e43e2947113215768d6f
Test/Tests-Report/ERMSalesReport.Codeunit.al	2270	2209b5cfd0df2e4ef118aef3d2f03328659c0395c59520e5df2784f220f169de
Test/Tests-Report/ERMSalesReportIII.Codeunit.al	2160	ac8c86a1401d46dfd87a0c8d400aa8aa5a3c99aea02ff5ff27e8d844c1be47ef
Test/Tests-Report/RemittanceREPCheckUT.Codeunit.al	174	a588f90e2d2ec223a998a103afed32b03a328ebaf322cf52f09be4086f92c14d
Test/Tests-Report/ReportLayout.Codeunit.al	470	efc36a1e9b966904ee42d78ceb41420950a218ef4f836dfa28095d51dd5fc95d
Test/Tests-Report/ReportLayoutsTest.Codeunit.al	215	4c08aa08e0d5249cac5809b3bd286ead58078522156e7a69d44fc6e93b0eb209
Test/Tests-Report/ReportLayoutTest.Codeunit.al	519	c5a02d23c94e45164e4e204568c9a794ae1a52259a911ea408e20e4e71e1d09d
Test/Tests-Report/ReportSettings.Codeunit.al	86	4fe1702375f887590a116b3bb2f11a0e13e2795cce219e98dfb0fef16d1d1f30
Test/Tests-Report/RepSelectionsStdStmt.Codeunit.al	1566	cf0deb17209b7ef0f6eda9b4781ae4dd96ac5b69e16072ab1e1682de2a8e3545
Test/Tests-Report/ResourceLabels.Codeunit.al	367	d236e04ac6dc3dfacac2e6b9bc29a880f34514509d2cd168c72bb5880bbe5ff1
Test/Tests-Report/ServiceReports.Codeunit.al	1732	b72441b804d8c7a280f9c5ee65ac555e27ff4f56abb9d764a7d30b71b278391e
Test/Tests-Report/ServiceReportsII.Codeunit.al	893	0bd44b18db8c2a859ccc19823a7b02497ed70f62440386255a31af3a6a064068
Test/Tests-Report/TestCustomReports.Codeunit.al	1181	d558e4ad711689dbbac91abf8a890020a77d6a737b79d1d64f4de8d8f53c9f59
Test/Tests-Report/TestReportLayoutSelection.Codeunit.al	230	2dfccf7aedc817dc4324c3f25d3f32ace3b09f890709252dccdd2f5e5b89d096
Test/Tests-Report/TestReportSaveAs.Codeunit.al	43	07d7e75e928a07fffb56dd13235998bf0460b1c7855a887861849826f59105c4
Test/Tests-Report/WordRDLCReportSelections.Codeunit.al	424	274b84c5e41ea8a28f6ad78c5df75077c3fbde0bc7040dd6d57c9897560efaf8
Test/Tests-Resource/BasicHRPlanbasedE2E.Codeunit.al	92	5761a071f0c7b76ab3fbc83339495284dd90f9d5c5828c2780288b0c5f211920
Test/Tests-Resource/EmployeeReports.Codeunit.al	615	a98a9b91b6acaa269d61e15224162af862c92ff75850ff5753a3548f595ca342
Test/Tests-Resource/ERMApplyUnapplyEmployee.Codeunit.al	353	825a631bfefb5ea403286fbbab37484004f61d3cb9c47f87b3fb3b920e7775fb
Test/Tests-Resource/ERMEmployeeApplication.Codeunit.al	312	37547e40f1403d5e8591e4f018b3c554586c2b254bee5e297e2a18b62f04fcba
Test/Tests-Resource/ERMSuggestEmployeePayment.Codeunit.al	869	fd73f420919e1e32f7c85da11d03023e9f2e1f2dc3d0d020011cbd159db29ef0
Test/Tests-Resource/ERMTestEmployeeExpense.Codeunit.al	137	28f5d27f987dae35ec8fb0df73b1e58347d3f9d4dd3f717cb3ae0deb5742b4d6
Test/Tests-Resource/ResJnlErrorHandling.Codeunit.al	175	9ee834ac79f44b47a509e894efb311924c146ef27cedfc99190cab9c9be963aa
Test/Tests-Resource/Resource.Codeunit.al	1221	b4aab7ef4c2abd87513b448312439d07f24aba8ea3d63a4f9b8e33c7a8c99fb7
Test/Tests-Resource/ResourceBatchJobs.Codeunit.al	181	7349a56a1dc54b5d6e8bd7ccfaaf487d73e1b1f2e427aae8cb91bcb657903760
Test/Tests-Resource/ResourceEmployee.Codeunit.al	346	bb79a4d757c96a315e82deb7399f7f4a98dc5f0b36cae5a80faf391c735ad946
Test/Tests-Resource/ResourceJournal.Codeunit.al	413	2c5c44f3d5243fd9940575cc877965d6cb848f0a69d539faa310ffb6ae0e4389
Test/Tests-Resource/ResourceMatrixManagement.Codeunit.al	549	2798757e094615bda84a32673307a2243d8feb8625bfd61614df2ed1eddafe65
Test/Tests-Resource/ResourceReports.Codeunit.al	330	5a65448076482d58cfe52020adbfe6e1b720c960ea7e5f25862b9b97ddac701c
Test/Tests-Resource/RESTimeSheet.Codeunit.al	534	3f39dfd9755094631d74841f4a53ce38f79152bbbc03cb68934471e9058576da
Test/Tests-Resource/RESTimeSheetsCreation.Codeunit.al	568	7c62af092e8e5cf41d026680b8054e5fbaa5018b70f2a9bebe3e3214328ac09b
Test/Tests-Resource/UTTimeSheets.Codeunit.al	767	1813898a6be6ce0f1d8ceb1e1a04a25c88e822266d59188b7f10b3d20c0a1504
Test/Tests-Resource/UTTimeSheetsPosting.Codeunit.al	348	a182c9d893dcf46346fab70e744bdb488788de6a1a77bbd57a35710df4ee9fb4
Test/Tests-Reverse/ERMACYAmountinGLEntries.Codeunit.al	54	cbe08b30e2fa2c589bd7dc94eb920d3e20e621f49f040679cd20d5bb2a0a8e21
Test/Tests-Reverse/ERMBankAccLedgerReversal.Codeunit.al	160	52bd28bf4b4535a4653cfccb5128fe31b131dd76d47a0cf5408d4376ce9cf047
Test/Tests-Reverse/ERMCustomerReversalMessage.Codeunit.al	260	4c274c1ab08711085f1a989fe3318a43b2597d2e0f30b477a8963751de263839
Test/Tests-Reverse/ERMReverseBankLedger.Codeunit.al	551	db557fec7edc34a82547eea49ecf802be9ab67cb85f34d23b4571552000e9bf4
Test/Tests-Reverse/ERMReverseBlockedCustomer.Codeunit.al	71	30811670cf492c95968741b1989680e28441a1e6c6b66c59fc5357504237f646
Test/Tests-Reverse/ERMReverseBlockedVendor.Codeunit.al	53	fd97c0aa4d86a785e6cad2c8f25aba005b32a7b89392b6a7eb0f42862cb6d027
Test/Tests-Reverse/ERMReverseCustomerDocuments.Codeunit.al	69	1f5b84ae8350cc6f7d6cd834831a308cb2025007aff49ed69e578df6282e20dc
Test/Tests-Reverse/ERMReverseDiffAmountType.Codeunit.al	56	f9825ed9a45986dc43f068864b3f1f2435f0b65a9f8c64f9f21c49a03d2ec87b
Test/Tests-Reverse/ERMReverseEmployeeLedger.Codeunit.al	286	85c3ce763b8570e1811427234dd1fe71c861bdd75de8756722aec8ccafd8d22c
Test/Tests-Reverse/ERMReverseFixedAssets.Codeunit.al	342	b9e3a3a59c03e2723df8ee9228a67caa493d5e0e9dabae9f1cc5b091eec03fca
Test/Tests-Reverse/ERMReverseForCustVendor.Codeunit.al	410	77e27a2b68fb5b159d42a3bf195d0ec4fe0a430f6a0f8f80eba07df988436233
Test/Tests-Reverse/ERMReverseGLEntries.Codeunit.al	722	f391833d55df71a793ba073fffdf11eee74f9fee7a62e96eaa0de04b111c433a
Test/Tests-Reverse/ERMReverseGLEntriesII.Codeunit.al	262	ea6c8fd6fa0c6a73759e51eed522e027dfb0a8400e54e7d22f4f8f78e236b08c
Test/Tests-Reverse/ERMReverseRecurringJournal.Codeunit.al	269	205cc0c80651d62f387304f7c1236a500b5e85708a10810b64b45bbfdb81a2fb
Test/Tests-Reverse/ERMReverseRegisterNoError.Codeunit.al	53	d2420604439ade284fb77141f1b96ef135ea474466d504e9919f196748014a0a
Test/Tests-Reverse/ERMReverseVendorDocuments.Codeunit.al	69	43ad1438d247b70e6af6a83e358829b1dc2acc098cb217490fa5df1d61198757
Test/Tests-Reverse/ERMSourceCodeSetupReversal.Codeunit.al	40	e11fb1e580e54838eeeef3f1443b3027137d13c0c61cd7dab6a4c87910042590
Test/Tests-Reverse/ERMVendorReversalMessage.Codeunit.al	234	5ae05ee77bd973ef8ad9e1e0dc5c1fa4cbd23c2e89385b4789efe534d161f376
Test/Tests-SCM-Assembly/SCMAssemblyAvailability.Codeunit.al	457	33d85529c9b606a02ff8d977a51fc21ef1b9fbd4d03ef87bc7f844d29dfe5e81
Test/Tests-SCM-Assembly/SCMAssemblyAvailabilityII.Codeunit.al	1192	393415a845f1adb5982835ed65c2b0bf3c623be2ee83ba22d3368daa00d46a50
Test/Tests-SCM-Assembly/SCMAssemblyCopy.Codeunit.al	972	024eafd5a7f7b05444078d009022c17fc8544cc5f8988906992dde888b888122
Test/Tests-SCM-Assembly/SCMAssemblyItemTracking.Codeunit.al	788	16f030b33043acdbdda8ab7931c9e7d844ca560daefca37f236599221f4bf61c
Test/Tests-SCM-Assembly/SCMAssemblyOrder.Codeunit.al	1383	18555cd6c3c588b4f9e6e6e822b0a63af382cf5a083d02ccb38ddb3cd691342e
Test/Tests-SCM-Assembly/SCMAssemblyOrderFunctions.Codeunit.al	590	40f1e9ac80baae2f00cd853b0727d6d69105f1e444122c1249142eef247af224
Test/Tests-SCM-Assembly/SCMAssemblyPosting.Codeunit.al	1175	471a69d10193b82aff70276cb21787e1189e0f1e4a2edeb494e918e6d8a151d5
Test/Tests-SCM-Assembly/SCMAssemblyReports.Codeunit.al	483	83028a3bf0c3bc86a505d44d6198ac7d85984d07bdd8126107e26904b0c106f1
Test/Tests-SCM-Assembly/SCMAssemblyReservationI.Codeunit.al	427	5db092cbda86b8f3bacb51b29b9165cdaaa3e55469e2d4269eaec57c186e4beb
Test/Tests-SCM-Assembly/SCMAssemblyReservationII.Codeunit.al	638	fe47d2ac4012b15c7a699401dd11b95f8db7be6bc01086aa01bb8aaf987295ed
Test/Tests-SCM-Assembly/SCMAssemblyUT.Codeunit.al	501	898d35d79d902ec0502576391ef58864f3180dab3cc3ce61f238518f6ccb7f35
Test/Tests-SCM-Assembly/SCMAssemblyWhseHandling.Codeunit.al	486	8169792912b525aa3130d4069a9491d8e315dda2909cedfbdfa40278ad0489c9
Test/Tests-SCM-Assembly/SCMCalculateAssemblyCost.Codeunit.al	325	be52f812a0ece874d6919bd2ca9911082b4f7e49c28653a61be74aaaf3a8cd19
Test/Tests-SCM-Assembly/SCMKitting.Codeunit.al	2074	d63f69e12b3b8bc55315a455fec7f7ee0d705a7340a873b6cc75c30e94c57531
Test/Tests-SCM-Assembly/SCMKittingAbleToMake.Codeunit.al	548	7d4883ea50aa3062d69bae88f83538f6123d232cf0ed93c467ae62b1291fee26
Test/Tests-SCM-Assembly/SCMKittingATO.Codeunit.al	2822	746214ee040d539aea21c9e12c66cc1eda433670e661712f8eacbccbd210ae52
Test/Tests-SCM-Assembly/SCMKittingATOinWhse.Codeunit.al	1014	bf10754731ecceee6c93f99dd2b41fb4caedb4ad6c704f881ca6ae6819552a77
Test/Tests-SCM-Assembly/SCMKittingATSinWhseITBM.Codeunit.al	1395	3d60fbbee5355220f90a89da3315ad47f937179effd2bcac4d29c7c63a676427
Test/Tests-SCM-Assembly/SCMKittingATSinWhseITIM.Codeunit.al	1992	6310cf2e8f39cdc7b2f042282aa3c07626ffbbdaa009c9cf83732acea0c8ee7e
Test/Tests-SCM-Assembly/SCMKittingATSinWhseITWMS.Codeunit.al	1954	9aae0340d054151da33e3e3c3814a681453af75d59c1d512a16d683aa9b7ec73
Test/Tests-SCM-Assembly/SCMKittingCostSharesTree.Codeunit.al	415	6876ccf342050351e0cf7334409e4e71038408280b74ad5053d22894134e4c1b
Test/Tests-SCM-Assembly/SCMKittingD1.Codeunit.al	519	7a0fdd4f07355f45a2d118a2692f9797783d2959255426999dcc94ddc0895d41
Test/Tests-SCM-Assembly/SCMKittingD2.Codeunit.al	1186	cb7efac19de841b07dc8648dd3d1307b62dd280a746ac19761bcddb2fd7831f7
Test/Tests-SCM-Assembly/SCMKittingD3Part1.Codeunit.al	756	57fa2f91a3134bf4b8acd23452f9fe3c4754a166781e8f325b2029f5e67dca2f
Test/Tests-SCM-Assembly/SCMKittingD3Part2.Codeunit.al	354	abfd5c1fd5d206336a5def2115da7c98fd26df06fc2f3180a39494783f2ae898
Test/Tests-SCM-Assembly/SCMKittingD4.Codeunit.al	1307	614993c3069fc21b03d1e34b8b2e3288077e77a376b13b4c9ee0fb9154dec25d
Test/Tests-SCM-Assembly/SCMKittingD5BItemTracking.Codeunit.al	1218	9098ffeba19dc4d0648025c3b22b8eed23ba3094a2de4023d70e5a4bdc5d6d1f
Test/Tests-SCM-Assembly/SCMKittingItemprofit.Codeunit.al	679	fac0b93f99e62d70b22a5e3ee647c615d5767210dc8a87dff921b4c0ff252102
Test/Tests-SCM-Assembly/SCMKittingPlanning.Codeunit.al	742	a32bd6a9847ca65d40b890ad5ec96e21f1eca9c91b853d0f696c8db501a783a8
Test/Tests-SCM-Assembly/SCMKittingPrintoutReports.Codeunit.al	574	1583249a780052fc26662bd4b676eef637a3fa6ff0e1e67635561ed0d54fc0b7
Test/Tests-SCM-Assembly/SCMKittingReports.Codeunit.al	1160	2aac4f76ca15a34f85486d23e68d0a106be182caef7020ba6b88f767895d2821
Test/Tests-SCM-Assembly/SCMKittingReservation.Codeunit.al	1319	e16066af2b66619fa9c152dcf2154d6fb766fb8a956b2db04f224a000b94b869
Test/Tests-SCM-Assembly/SCMKittingReservations.Codeunit.al	1646	0ae4efb9a87f979884876f3ec89c5be532836240c3a246e61704a70a3b12c052
Test/Tests-SCM-Assembly/SCMKittingStdCostWksheet.Codeunit.al	368	b15e72d7f6d7f2ae619bd7f1f72a6f5e09fe46454a3d426fbf03fb1bdf7ffff3
Test/Tests-SCM-Assembly/SCMKittingUndo.Codeunit.al	1216	d71d8074ebcb8bb9129e9960774fb57764fc02fc331cb34913a7323ce8eb85cb
Test/Tests-SCM-Assembly/SCMWhseAsmToOrder.Codeunit.al	1844	debe08f392a331734ab053fb7a8d05b62e89ff42336403ed01810290de9aa6ee
Test/Tests-SCM-Assembly/SCMWhseAsmToStock.Codeunit.al	1194	5ac4bb2b34fc86b69ecc8842839b4ce7d5ff2579fc07bc45527108a2e1c95772
Test/Tests-SCM-Manufacturing/CostAdjustmentFeaturesMfg.Codeunit.al	182	4c496f3c472cfafd5a16f36e3d2a9ed8f5ccedde518dbcdbeacffe6c39d24d56
Test/Tests-SCM-Manufacturing/SCMCapValueEntryLocation.Codeunit.al	115	d81ace15d3d7f96c595d3742d0c1ab4b9b0fc6fcdb23bdb31a5a37a87ec90c62
Test/Tests-SCM-Manufacturing/SCMCopyProductionBOM.Codeunit.al	361	2f99be8ffbcd922b2aae65df44509dd60adae117f4c3a42fb3098fca7ff2ec22
Test/Tests-SCM-Manufacturing/SCMManufacturing.Codeunit.al	3806	20eb88509bc69a6d135028b06a7869e83ee95f7e5819dacc0d92cbdb1ce42542
Test/Tests-SCM-Manufacturing/SCMManufacturing70.Codeunit.al	3254	564ee7fbfa75485315ec593d4adce02f879336f3a632ce47901a2598b95d3ca9
Test/Tests-SCM-Manufacturing/SCMManufacturingReports.Codeunit.al	765	e0e32b950e8c1f4b91a3109e8bbc842df45a70b0ada582660fc054db3d55ec71
Test/Tests-SCM-Manufacturing/SCMManufacturingReportsII.Codeunit.al	600	68bcd6059957b7ac6f9aeacdbc7bfd48688aae80b53eda39f81c574d46ce689c
Test/Tests-SCM-Manufacturing/SCMManufacturingRoutings.Codeunit.al	1185	f07e6ea22686efec68c5de5624dfe93c6bfc4dd7a8d847d984fa412b785c4dcf
Test/Tests-SCM-Manufacturing/SCMManufCalendars.Codeunit.al	493	e6fa6090c29a206c228311759ffbc5b3058cc1ffa4f0ad45037ddfea728e5ca2
Test/Tests-SCM-Manufacturing/SCMManufLowLevelCode.Codeunit.al	153	a9c7a31f7b0699a1164e827614d417434f6d83c7ee179a64329271b30819ac23
Test/Tests-SCM-Manufacturing/SCMPlanningAndManufacturing.Codeunit.al	1921	217a871cdffb3982e61f451236d13d4cbe9eb605ef2ad62e488c164c1f02309e
Test/Tests-SCM-Manufacturing/SCMProductionBacklogChart.Codeunit.al	329	d68de45379580b68097760ea20305713ac54f84cbfbbbd7b6d84b4b2a5f327bc
Test/Tests-SCM-Manufacturing/SCMProductionJournal.Codeunit.al	1530	3de4c943eda4e1915d7030fe891974eb48bff88197752923ecd09f0f523c395b
Test/Tests-SCM-Manufacturing/SCMProductionOrderIII.Codeunit.al	5713	eac35c0c5cedafe9550607e71ec347dda3486c33e4dc0ed4b626e938fc56c792
Test/Tests-SCM-Manufacturing/SCMProductionOrders.Codeunit.al	3573	2905ce894160d77307b49b395193424f24bc226944e9b72b25d3239b7d6cd8f3
Test/Tests-SCM-Manufacturing/SCMProductionOrdersII.Codeunit.al	5480	4ca3e3cedbeb4fbd2692e55b72626592c9cebfc5e930bc517667d449012f8b32
Test/Tests-SCM-Manufacturing/SCMProductionOrdersIV.Codeunit.al	2651	be613e0235301f5d4d5ad4c008682910318e61a3825be9341480f721c1d8ecdb
Test/Tests-SCM-Manufacturing/SCMProductionOrdersV.Codeunit.al	841	ffe6ef97cf98338d585494619d6915d71d719839cfe70d770e63848bfa68b4be
Test/Tests-SCM-Manufacturing/SCMProdWhseHandling.Codeunit.al	1444	4f346bf8eb7c7402643938507435b0c896cc0868772117099e8b5b90e1da78c7
Test/Tests-SCM-Manufacturing/SCMWIPCostingProductionI.Codeunit.al	1910	c6dae76f1cd6517bf2d9c404d82b274fa680e2a77b08104ccc766fdbcea42263
Test/Tests-SCM-Manufacturing/SCMWIPCostingProductionII.Codeunit.al	1246	750fa36b9c60c89b24ba821cff07539530729bb29fe8fa03ab396d56ee79caae
Test/Tests-SCM-Service/JobConsumptionService.Codeunit.al	339	41d9e34a3a03cae3230bec20cec0a9f37d753b46420ae361be010f6f6a8c1ca4
Test/Tests-SCM-Service/RetenPolServiceDocArch.Codeunit.al	184	950b7f0a5a75b2e2961e7cd4d8f670a4e4e8bb36a6bae800406c54a439ebed36
Test/Tests-SCM-Service/ServiceAdjustCostsPrices.Codeunit.al	80	563ccae6b50ead891ea9a726a969b800073b8c1d059c08fc28895a7137ae36c7
Test/Tests-SCM-Service/ServiceBatchJobs.Codeunit.al	548	5672fe7e1eef3db7d7a98b478ce007c4e80c682d48458a2fcea9c81780fef258
Test/Tests-SCM-Service/ServiceContract.Codeunit.al	698	cc460f4e40c4bdd0b7232f8d68c68b751de00c897b3de77bb30ad69b1353499d
Test/Tests-SCM-Service/ServiceContracts.Codeunit.al	2730	715c1801f4e03ce7ae56c835f013eca0445a4dcb9644c8dad91c1af281830ac5
Test/Tests-SCM-Service/ServiceContractsII.Codeunit.al	1589	9554e0dfb784d38fa63e25d969b6cda848193cde069e7e804a8a2d18aad37726
Test/Tests-SCM-Service/ServiceDemandOverview.Codeunit.al	756	9fdaa335fe793671849e5d52566fe8cd9d68e1c86683781c9abf9744cf2bc9f5
Test/Tests-SCM-Service/ServiceInvoicesDelete.Codeunit.al	362	134ad9b66317a5d9eb33cfcde44ec59079d23432189cea8d54d1f944bd5d5f26
Test/Tests-SCM-Service/ServiceItemAvailability.Codeunit.al	567	6f000f9e44e58106fcb606c27dffd3bb06da5374faa1e7cc8fd75ffcec769c0b
Test/Tests-SCM-Service/ServiceItemBlocked.Codeunit.al	730	17a3c61cae86349ed1ae7408f7625174408124c4cd7744f8eda5c0dee67cd563
Test/Tests-SCM-Service/ServiceItemReference.Codeunit.al	539	567ed2fa2ded2e9ab23c5a7863c4d33facd710c2021b49ed9bb545a8db836add
Test/Tests-SCM-Service/ServiceItems.Codeunit.al	1514	979a5de507e8c4009603cff1477f2c3c28e3e892daeaf0f3af60c43ae6a612ab
Test/Tests-SCM-Service/ServiceItemTracking.Codeunit.al	1119	cb238f36d578aab304c27313980a28c6e9dbb2fde245c5bfaa5311b3c7fc40ce
Test/Tests-SCM-Service/ServiceLineUpdateValidation.Codeunit.al	894	8829a9fd2d267f30764126e4d828a903552b32a6e7b617c85d82210a6227d1df
Test/Tests-SCM-Service/ServiceManagementSetup.Codeunit.al	1126	99bd5892484117e08a95bf0fe329475bcebbc49346be61039148f813904b68a4
Test/Tests-SCM-Service/ServiceMatrixManagement.Codeunit.al	169	2a054121f70dff3980900ad995ebf2cda289112212d3959d8570649cee0c86a7
Test/Tests-SCM-Service/ServiceNavigateForm.Codeunit.al	125	373f8a053b2793f78fe78a5bcfe1a70bf01fee7141fef31a507ee59027b86963
Test/Tests-SCM-Service/ServiceOrderArchive.Codeunit.al	348	c6b2e7ec2fe3c028d753a3623b4ba3c7a38464049845a6bdfc8ab5b451ab0728
Test/Tests-SCM-Service/ServiceOrderCheck.Codeunit.al	1105	a5c778fb60d80a2d3ac2ceee9ef0541bce241c19cb0edc9678ca51ee833a13af
Test/Tests-SCM-Service/ServiceOrderManagement.Codeunit.al	932	af5e29fffec3a8d1225fe00602475759af64cecc6938c6dfa3ac9f15066acd6c
Test/Tests-SCM-Service/ServiceOrderRelease.Codeunit.al	2167	29b505b2e20d32728ba5b5dd088d80996ebb39679332d6662ff9bd1de2f886df
Test/Tests-SCM-Service/ServiceOrderReleasevalidate.Codeunit.al	206	ed5bc67df3e5f1a5010e2f25a71ec575c5994a9ea625c0ffcb7c6d0c40c17b04
Test/Tests-SCM-Service/ServiceOrders.Codeunit.al	4163	acdb12e758440d082d08ad93ba307a199ff3e8a42da68a3071967d4c59568103
Test/Tests-SCM-Service/ServiceOrderTracking.Codeunit.al	458	5b03aa3418cf84a5d70ecd942868791377bf0b4e03a9eb12f098fc7ec978eaa7
Test/Tests-SCM-Service/ServiceOrderWarehouseOrange.Codeunit.al	550	6119e81c5d4d5deb70b3b805b4d4716135ac7128665dae3fc0b97a67ccd574ec
Test/Tests-SCM-Service/ServiceOrderWarehousePick.Codeunit.al	211	bd81698131d65bd33aa600e41cb932c4c27a2695f5e3d33406482e9d829606e0
Test/Tests-SCM-Service/ServicePages.Codeunit.al	503	7467ad4974968af02f8f5221cd338b7eeba3ede11e195f83e72bcfa1525ee587
Test/Tests-SCM-Service/ServicePlanningManagement.Codeunit.al	640	f1ffb6275dea763c7c55167f611edbf9571af578cc27f7177b8b15311ad753c4
Test/Tests-SCM-Service/ServicePostingConsumption.Codeunit.al	1633	de84759539d8b986e383979fffee7b8b3a1301334c6a1f1e014547136e908dff
Test/Tests-SCM-Service/ServicePostingCreditMemo.Codeunit.al	1182	f41e41a14f6a87a5bd55b1bac838a263c76dc711280e1556324e93e63cab2c3a
Test/Tests-SCM-Service/ServicePostingDimensions.Codeunit.al	1990	683c45ff7eaa292b88ddec79b13923e65022ade54ac75b3dded0a9d97d49247f
Test/Tests-SCM-Service/ServicePostingInvoice.Codeunit.al	2225	60dbbe4c3dd5c13181112757a3e61783a4323009253b82ce1a4665c6ce55a413
Test/Tests-SCM-Service/ServicePostingJournals.Codeunit.al	444	059ebff902e6f1eb25672af68aae36a1351d0fbea859996569dcfc6c32109c94
Test/Tests-SCM-Service/ServicePostingShipment.Codeunit.al	1333	5d807d07adcbbeb56814d92e0b9deb76d7a9e0e106a8e3e8669c8142636956b2
Test/Tests-SCM-Service/ServicePostingUndoShip.Codeunit.al	636	9f47def7312c4ce123013faafb6b832dd60b7a5bc8605bd3e13353ec1e3536ea
Test/Tests-SCM-Service/ServicePriceIncludingVAT.Codeunit.al	146	240e5a2baf984f5c87c9e943181c21c38f6d6a381873444ae38b30db3074865a
Test/Tests-SCM-Service/ServicePriceManagement.Codeunit.al	447	758c2a14a24133dd74ad5816f4bf2b2c9ad3304b6096ab0d198a94cd0c80e79e
Test/Tests-SCM-Service/ServiceQuote.Codeunit.al	184	7f88e5451fe1748566c621221427bf26b5d17add4b789c7f687616e7815a4d61
Test/Tests-SCM-Service/ServiceQuoteArchive.Codeunit.al	264	9efb3629ec84329d50f1ca02535d8edf52e8b5796a8d37157d9d46d6a2fae944
Test/Tests-SCM-Service/ServiceRemovalFromSales.Codeunit.al	53	c33e26c1c929fb2722fa914a03f5bf79b026636a240896509337ac2b2e96e03a
Test/Tests-SCM-Service/ServiceReservation.Codeunit.al	1319	9be252a8bddafaeb7e29218468fa1e29299bee56ca1754b2dbff98db1873f217
Test/Tests-SCM-Service/ServiceReservationII.Codeunit.al	506	d8cc71d46c716df2d7439409c1b44de668570282d7c5a5de44bc4a93e684ce64
Test/Tests-SCM-Service/ServiceResourceSkill.Codeunit.al	125	d245e8d0ef68c4325c5dde9539ce7a709c70f24b963171c8f39b5a82b70a1274
Test/Tests-SCM-Service/ServiceResponseTime.Codeunit.al	230	3b60a4c8181908974f85bc3511f7b1a6fba8fd0efe155f33f4a369e1aa38ca59
Test/Tests-SCM-Service/ServiceStandardCodes.Codeunit.al	815	5d80a99495d5a8456209fedac8110ea2ca2280a707675cf8eb721d66f0e1e2e4
Test/Tests-SCM-Service/ServiceStatistics.Codeunit.al	1453	35b95785ce0c6dbf86ee64ed6408e37cbc2e6cdd18b7dc658b7174526b00d721
Test/Tests-SCM-Service/ServiceStockout.Codeunit.al	327	542786c76bd6674fcf64f58880e98475ca680d865adb7cf1a1a6390acf216e32
Test/Tests-SCM-Service/ServiceTableFieldsUT.Codeunit.al	58	a34a6a90ffff76533663ee297304b3a0e350dac50f44b318668e84121074bc11
Test/Tests-SCM-Service/ServiceTimesheetPostingUT.Codeunit.al	259	bfb51d87c7009bb02a83471fe1511cb3bc056d47bf03a31c72455f02b5fb4d98
Test/Tests-SCM-Service/ServiceTimeSheetsUT.Codeunit.al	547	df518adfa55dfa2d1d3de698fc5b6bebbea623a7a37e6222859accfe8b6a130e
Test/Tests-SCM-Service/ServiceWarehouseIntegration.Codeunit.al	1694	fc2f2be3dd940e096b2bedbf73f1d049bfff22260bcd00b6ccaf71bd25a6ad23
Test/Tests-SCM-Service/ServiceWarrantyandDiscounts.Codeunit.al	429	22a90b435d1a70685f36eba31eff2355ebf5bd98968d5c474d51acf1ab6d2e42
Test/Tests-SCM-Service/WorkingOnServiceOrders.Codeunit.al	1244	3e0d7370e61670a6580ef7a10f7dfc35031918fc58805042ccc3bc7ae5e5e5b1
Test/Tests-SCM/AnalysisReportsChart.Codeunit.al	818	91305b426e47784f1bccb3fe79a5fa43945f4aa741450642a310695b3d35ab34
Test/Tests-SCM/AvailabilityByLot/ItemAvailbyLotNoTests.Codeunit.al	355	bf56599a41331d6cf661f20631550aa78b4d5b86baf9f9ea9f633662ee26afea
Test/Tests-SCM/CopyLocationTestSubscriber.Codeunit.al	24	8b05a2b1654122d41fb25c18393f213b679f103f66bd1cca90c5f1c1611c7581
Test/Tests-SCM/CostAdjustActionMsgTests.Codeunit.al	138	40aed4e1b71d4a3c9147ce0d31f84c57e20cf28073037cfe73c28f72dfd9a8a6
Test/Tests-SCM/CostAdjustmentFeatures.Codeunit.al	459	f320ea5f0a7da4e2fd46af45421e2a526a76e1429434fc0f435ab06e0d93381c
Test/Tests-SCM/CostAdjustmentParallelRun.Codeunit.al	871	777f45d174099ad30dbf850585a2f5d9169c7437a4c7fdae6de9e3bfa1aa4d85
Test/Tests-SCM/DateFormulasinlocalsettings.Codeunit.al	15	98fa29036802d708c8dfa715ed95d466a92c3fdccffdca378287036f007a34ec
Test/Tests-SCM/ItemBlockedTest.Codeunit.al	1064	593c93fcdeb77bd394fe4945a678a25f1c6e2fa4873e784beff7e7263caf5375
Test/Tests-SCM/ItemJnlErrorHandling.Codeunit.al	205	e9b90c762c856dd58d1416b0b39de0a4f3ec6980de8b672e211ce3d714fce73c
Test/Tests-SCM/ItemVariantBlockedTest.Codeunit.al	1094	055876d1ba90ac54ee29f34744ef5e3d2c3c30a0f821a47b89ee1b6ed2094dbf
Test/Tests-SCM/NoninventoryItemCosting.Codeunit.al	316	4a3189bc6bd95e3d3286c5fd87b0e3a68003b627af16ebe0d50dda8ea6f71c73
Test/Tests-SCM/PurchOrderWhseValidateLine.Codeunit.al	180	1ae26bf455805621f37035bc336075ef8f4ac25a81f8bdc0d242cc061d2880eb
Test/Tests-SCM/SalesOrderWhseValidateLine.Codeunit.al	202	c0407848c728f5e493a248e81b862bf998d87f6d9fc9caaafc065ef2dfa53cec
Test/Tests-SCM/SCMAbleToMakeReport.Codeunit.al	341	4a30a7dc430d838c5ab5c9842f91770930d293b0dedd1e41c95b8a75f494cf57
Test/Tests-SCM/SCMAdjmtofExpectedCost.Codeunit.al	91	3d4d61976ca04bd5b3b4fbd361b31aae5e18f2d17c0c05ba8162ce82d34cff11
Test/Tests-SCM/SCMAnalysisLine.Codeunit.al	99	46fd002ab275e27a99c66d54b5c660953a9536ce9ea4f3e3cf046b63d24a3631
Test/Tests-SCM/SCMArchiveOrders.Codeunit.al	505	64b15597a66fb7b745c647d972910614374cc770bd85818248741cd146151365
Test/Tests-SCM/SCMAvailabilitybyEvent.Codeunit.al	412	973e9e90579095b585ead44bcfd1e69b2c4abeab55d71403fb2098ce21ee0ffe
Test/Tests-SCM/SCMAvailabletoPickUT.Codeunit.al	2448	c7766b2f1199180494511626cc93bfea0803e4e21055457a37e535be30208023
Test/Tests-SCM/SCMAvgCostCalc.Codeunit.al	610	141795a3be0663155f1c362e5ed1134c568c261a841fe5b6ed09f24aee8ca5ff
Test/Tests-SCM/SCMBOMCostSharesReport.Codeunit.al	717	4fe9e9a040bb9b29f8a393bc261477c226b49d7bc79c6ae6ea3080f7e24f7bbb
Test/Tests-SCM/SCMBudgetandAnalysis.Codeunit.al	153	fb12ac3b2e1b556632c5d95798bfa03fc5750e6bf6a2f920e66e0ee6519fc5a1
Test/Tests-SCM/SCMBugfixes.Codeunit.al	1241	be3e29774b82decf50d3ea0472ba74e4f0fb326b58243b79d653af01194231b6
Test/Tests-SCM/SCMBugfixesRunModalErrors.Codeunit.al	277	5d8bcc7d26de916ffdd08bdb82f87eb84cc834a24f1bb2bed55a446febbd0e17
Test/Tests-SCM/SCMCalculateStandardCost.Codeunit.al	472	031e2a5e005d41380d9d4a11f37356521af5e761e0bf0a95dd9885d648f5c107
Test/Tests-SCM/SCMCapacityReqPlanning.Codeunit.al	279	f68132144a2e8aac2da194b1723a24b46b28ffa1bbc34176af131bb23d111c69
Test/Tests-SCM/SCMCapacityRequirements.Codeunit.al	2811	a03e76bec6c6ff36c5ced8877da04ad98a93ccb220e329f4251c781a100d319c
Test/Tests-SCM/SCMCertificateOfSupply.Codeunit.al	799	442c679bcc052a96092aad0f38b56b8148cb99fe2cde3ad47800401b41a561a5
Test/Tests-SCM/SCMCETAFAddCostSales.Codeunit.al	304	c536e930873dde4b22597c5d85da5a33577a60a8d8f1ec213e44d30c46998071
Test/Tests-SCM/SCMCETAFCostingRevaluation.Codeunit.al	786	cfeffb7625e5dc3d36e37888f7afddefaec28edf81af879c82d345ff57d6ce10
Test/Tests-SCM/SCMCETAFCostingRevalWIP.Codeunit.al	945	eb1488ecb3c0738f50b9a35cd5942cae2298dda71ddfe0c1b045befbc6c6b901
Test/Tests-SCM/SCMCETAFInventoryValuation.Codeunit.al	525	5120bcc47007b784c37cc22964b960cdccee6b9df2615884fa8310304f7c40e0
Test/Tests-SCM/SCMCETAFPurchase.Codeunit.al	486	86f635aa92f9d13423974823e3c24bb56eb23bb6e83fda7a61d9c5924b2acf11
Test/Tests-SCM/SCMCETAFSalesPurchase.Codeunit.al	472	64fe73feb37ef74f9541922055d3df6609ec7459fdc0d07ab111d0b6d5b38dcb
Test/Tests-SCM/SCMCopyDocumentMgt.Codeunit.al	1619	f8db882ef942018d9838be064eac0978178febda7fff6d9286942aaf28aa6beb
Test/Tests-SCM/SCMCopyLocation.Codeunit.al	251	d192cc3596efe9a58a326b4a1decb24f091eb2a5e2819047a51decdb40f5c2a7
Test/Tests-SCM/SCMCorrectInvoice.Codeunit.al	766	bd441ea41d23b26a62d8f79e3bd99d6ab7c9d10842baeb87cc82c0f2c009e7d1
Test/Tests-SCM/SCMCostingBatch.Codeunit.al	1220	24eb001e5afc0e996f7a860e9f71a92af58dc36938a532ee4715b451a019ee68
Test/Tests-SCM/SCMCostingBugsI.Codeunit.al	599	e9d2802ccf8e740068ab4aa7637e3b94d3494057a4686d27a274e87adce036ee
Test/Tests-SCM/SCMCostingBugsII.Codeunit.al	2062	824a7a31f62ea658c97624c6d57f354557fbb5090839c8c5ad4eddbac0d6046a
Test/Tests-SCM/SCMCostingPerformance.Codeunit.al	432	d2f99248c42ec56f41d7c4d75a6178df470cf156b70ef104179d41331060c568
Test/Tests-SCM/SCMCostingPurchaseReturnsI.Codeunit.al	510	e1880b891ba369efcdc5d7d0655dca1e4c6fad45300da1af94fa119af618047e
Test/Tests-SCM/SCMCostingPurchReturnsII.Codeunit.al	513	0aa453943d447a6ab1f4d93122729dc1e960c3d52f73eb4e9f8fbce7391a76d2
Test/Tests-SCM/SCMCostingReports.Codeunit.al	345	bf388c967f8d8aa4ec73f233c045a48ba2d4009ba9f88826871147314b426f06
Test/Tests-SCM/SCMCostingRollupSev1.Codeunit.al	645	b3d472e08c80bfd86196b3e9d142afcd04bf13e3b5b5421f84486c4a5a8c0586
Test/Tests-SCM/SCMCostingRollupSev2.Codeunit.al	1317	4c68b0570bf4ccefc18aaaa3b76c86a4a4e8bbeefe2c5dec9c7b07cb99410f1f
Test/Tests-SCM/SCMCostingRollupSev3.Codeunit.al	683	a4dbd70de47f155f6371ec3471dcb8ecc32c572475541969e080d55586903c15
Test/Tests-SCM/SCMCostingRollupSev4.Codeunit.al	527	5d35bc543e24591a69dc2649ab5bb0722aa17779b7080205c1829664a617cec2
Test/Tests-SCM/SCMCostingSalesReturnsI.Codeunit.al	440	8eeaab8d64372062d7a3b0af08a702bb046054c7627c3478c6f93ac069c34392
Test/Tests-SCM/SCMCostingSalesReturnsII.Codeunit.al	692	b52b62f666cbe4faca4375342be843f9c2a08a23e7a0cd9c41f4189f0a93928e
Test/Tests-SCM/SCMCostingUT.Codeunit.al	60	73625eba51af92053819ab0874707a2274bc8e2a56de6f736d8bb610fe939745
Test/Tests-SCM/SCMCreatePickDataDriven.Codeunit.al	950	aea79474e12a4ade47a5b2732fb145bf075c8c142b83b5a29574900a1719f08b
Test/Tests-SCM/SCMCreateWarehouseLocation.Codeunit.al	190	48bc935fb77a28144fb06d8ca832dfbc19b9008b2117c1f8619c0ca4fba3dbfc
Test/Tests-SCM/SCMDedicatedBins.Codeunit.al	1307	0cca15722a9df6b915c5a9cddc3844f0ebedc931332760f72db8573e7d17d5ba
Test/Tests-SCM/SCMDeleteReturnOrders.Codeunit.al	65	b48a5bc29b5a3aedfd58b0cfcf8baeb5331b4fc35bf02daa4b86a472561f1302
Test/Tests-SCM/SCMDeleteSalesDocs.Codeunit.al	195	67b87650e26bf266a22bb598699f7a1aa169cdf06f9127a4894fdae7b69c5aa0
Test/Tests-SCM/SCMExtendWarehouse.Codeunit.al	4549	58da50d812ea25cee3b7b05f6b28303c3cc114cae9d670a463f2f881afbdd932
Test/Tests-SCM/SCMFulfillment.Codeunit.al	1244	d3828e21ead1482faf06a23dc6baee1b2b04f8ddf80d4ea9a75eaf99fa47287e
Test/Tests-SCM/SCMIntercompanyItemRef.Codeunit.al	452	83def88a4f6442fc23c8ac43d547390ad65f353135e7789e16c6463e095fa660
Test/Tests-SCM/SCMInventory70.Codeunit.al	705	9e9eabd7de1f942e14e64dad595fbcf88a0d3ad33879a572f3306fc2fde299d3
Test/Tests-SCM/SCMInventoryAdjustment.Codeunit.al	411	996d1d870f5f6a5c4b3a3d41d1a07ecc74115f54a6109ff10b66f11dd9e90e6e
Test/Tests-SCM/SCMInventoryBasic.Codeunit.al	2077	b6c2a07cd737519c40ee2536da0eae43d90477f0a5a5efbe572012262f4f9166
Test/Tests-SCM/SCMInventoryBatchJobs.Codeunit.al	999	a84ae7541ba19c1f8548d028b49ffa80b28fbfbcaa7177d2a2d9b929e7fa9279
Test/Tests-SCM/SCMInventoryCosting.Codeunit.al	1265	8af2b4e60e143bbd8ac6507687ed144e9653404a03858c714c78335b41e41e70
Test/Tests-SCM/SCMInventoryCostingII.Codeunit.al	1640	30103247b8eac5f635bb0d654572aaf9824cea170e9dcb69f9c1d82631d50fc8
Test/Tests-SCM/SCMInventoryCostingIII.Codeunit.al	797	8eec1f3cb474867187a27045c074b9a19f6c86f8d4b451eaa34be095fffe213e
Test/Tests-SCM/SCMInventoryCostingIV.Codeunit.al	1367	77678f0483eaec2135a3b0bc2995e11ee93a45d4777430cc89bc4a8cb24094c9
Test/Tests-SCM/SCMInventoryCostingOrders.Codeunit.al	1255	7120e982f5c9336bb00a5450e247bd508142c918f1f063d4c3df73cca03f7b16
Test/Tests-SCM/SCMInventoryDocuments.Codeunit.al	1420	1e77428e098669d38e0c1774ceb1dee013cd825f24bc8ff1ba786f8ea4142348
Test/Tests-SCM/SCMInventoryItemTracking.Codeunit.al	1933	f576044693da625b8b6c1daae13c49a8435392ff778db4d15e8f22072d897307
Test/Tests-SCM/SCMInventoryItemTrackingII.Codeunit.al	2492	3826257ce55270f96f285aabad84fb1b2d65f57b172fb641c5f76a29ab9b9f9e
Test/Tests-SCM/SCMInventoryJournals.Codeunit.al	1338	3fb3f3dda48f617459f423cf122991ac3d5041e1a1ccafe62695ddc873d2e16c
Test/Tests-SCM/SCMInventoryMiscellaneous.Codeunit.al	1748	47714d2ed1587b33d43822a780175bc8e52d0fd4471deb2522e2d1ff5059d81d
Test/Tests-SCM/SCMInventoryMiscellaneousII.Codeunit.al	2183	1e1e9ef25e153452644f528b01ca3fdfce5a7176ae8478a75b349f1d120228ba
Test/Tests-SCM/SCMInventoryMiscIII.Codeunit.al	1579	07ca6e1c207775129a53f4eb290c833811129f228d5fd10b210b67f2367494fc
Test/Tests-SCM/SCMInventoryMiscIV.Codeunit.al	1230	76c94ff2c941adbc3baa5c31a9d8d88e6d282cfad6ba1e873f452dbe9fc745c9
Test/Tests-SCM/SCMInventoryMiscV.Codeunit.al	1013	5c5e50977ecff790926b8937a08f95c62c4d48976bd0cc9a289b60cbdc67585c
Test/Tests-SCM/SCMInventoryMovementTest.Codeunit.al	820	4c971c284b791ee1301fa0b4c92770db91cfdc105d979e1e2396791946e65676
Test/Tests-SCM/SCMInventoryOrders.Codeunit.al	2108	cac3472bf7222a971d37e6cc78ea4ce47cc0b6c9351e82e8cf1aacc6d9cb32c0
Test/Tests-SCM/SCMInventoryOrdersII.Codeunit.al	2259	b5c98ec550bf6dae490bacc8eca92e70028d8ba9234cc76f3c0a7e3dfb03482e
Test/Tests-SCM/SCMInventoryOrderTracking.Codeunit.al	549	81690ad770bc24db76ebd7497324ceca6a25e16e95cbe414964dfb66016ee608
Test/Tests-SCM/SCMInventoryReportsI.Codeunit.al	1148	0841dca7c3bfe7d9dc257db38c5cf91fc7bf0d19c072d4d60d44e16fd393b7ce
Test/Tests-SCM/SCMInventoryReportsII.Codeunit.al	1206	0af44819af6f0c5d5884010bebb100459782834c5069ec04c82096bb38ff834c
Test/Tests-SCM/SCMInventoryReportsIII.Codeunit.al	1487	a13c46c9812edf12ab913e1e7b99bdfeb483205a63dd5930ca3b0f6cd1e76429
Test/Tests-SCM/SCMInventoryReportsIV.Codeunit.al	1835	2a1d622af62daec5ade9e37633134f6f3e4fb1b19306f13df293557e7482723d
Test/Tests-SCM/SCMInventoryReportsV.Codeunit.al	1332	23514e2e573ba5fdc4d0633cc54ba1175c3c380d140f375d671473b5e69447f9
Test/Tests-SCM/SCMInventoryUT.Codeunit.al	109	19aa0946a119560df9a3a07375ea8394cb7418e4d0b8c330534dafd09185f0cf
Test/Tests-SCM/SCMInventoryValuationWIP.Codeunit.al	368	df3e54eecdedd9f6c2837ce33ff3eef1696f34aa2ae6cd5c90871ffbda8ab159
Test/Tests-SCM/SCMInvtDocPstPreview.Codeunit.al	399	48b105f800eb96ab6c2bc77d7a0211332617613fe7645ffe3aed236d966cb165
Test/Tests-SCM/SCMInvtItemTrackingIII.Codeunit.al	2556	3ff4737313d2e7de92df808cdd21ba38a4124c28028a4a535ef681c3908d3084
Test/Tests-SCM/SCMInvtPickPostPreview.Codeunit.al	444	21adaec5b7b4e187fca5fdca0eb3af9191eaf061fc9dd0ecd5de039347f04758
Test/Tests-SCM/SCMInvtPutAwayPostPrev.Codeunit.al	209	148affea49a0f7fd4abcbaf6339d19ad7291b2dc81af83692064b973e4782d60
Test/Tests-SCM/SCMItemAnalysisView.Codeunit.al	178	f75bec09902ad3dc3224e22b2c6e1f917c9b3cdc0ccf05f374d9146d526e078d
Test/Tests-SCM/SCMItemAttributes.Codeunit.al	1485	556a894be4e6e9b51ddaab0a8aea1c1de31ed5475a66cf8ea2d13a9ff3259b01
Test/Tests-SCM/SCMItemBudget.Codeunit.al	162	2789f05df24553a5a2d94249adcf3d06fdbc5181eb7452f42330d4b8607a70e7
Test/Tests-SCM/SCMItemCategories.Codeunit.al	1273	15612996e8c35d5a29dfb5d143db5aa6160e4869d674e7a6f2d09eee01553519
Test/Tests-SCM/SCMItemChargeBlockedItem.Codeunit.al	342	d9dbba5cda26adeb13c46062d66914e91a6eb63ad204607bde2ac1816b2e516b
Test/Tests-SCM/SCMItemJournal.Codeunit.al	1430	dc429329426f47defb4be6cc6f865e0bf087d741e6c618f46a17db3ae8270b72
Test/Tests-SCM/SCMItemJournalPostPreview.Codeunit.al	306	3535acfa9a31a8ba98a665691c6bcd3b89d2a884f966409e72c83cca1c27dd39
Test/Tests-SCM/SCMItemReservation.Codeunit.al	551	af4983f57031272acdb56c3d9d32641974761a8ea64c6fa7defb7856247f34a0
Test/Tests-SCM/SCMItemTracking.Codeunit.al	4138	461288e1ab55327cd356b5f233b2ef1f692d201bffe4bf83ce5b709e81ef8f24
Test/Tests-SCM/SCMItemVariantAttributes.Codeunit.al	498	6dd39809a2522bc496936ba0e54e9a073fe9983715da7908bdff4e48238a16bc
Test/Tests-SCM/SCMLotNosByBin.Codeunit.al	329	10645a40b577b830ae4f3ebc2f7362fd9da3ad225b7d59c74a808c123105639b
Test/Tests-SCM/SCMLowLevelCode.Codeunit.al	295	52dda8880cb4517fd96e7dce4f0d2311a9f0dbe5fccea16a4a3239489ae13864
Test/Tests-SCM/SCMMovement.Codeunit.al	1044	7e7ee52c203be3a463358f6a8f2fc8bc833b14c53ef28d5886dca7d34b5acd48
Test/Tests-SCM/SCMMoveNegPurchLines.Codeunit.al	95	5b1446c34f415e9447557dd2df0c8d3571962d34bb17aff329733d023a05ed4e
Test/Tests-SCM/SCMMoveNegSalesLines.Codeunit.al	106	21d94ee0e67036990ce6c1ba41be5871b4aa720810d7698e8aa44515eec019b1
Test/Tests-SCM/SCMNavigate.Codeunit.al	348	fecfa145946d95616e8ccdec4209f7e4a7870f96d2474dd70c576471ec88e31c
Test/Tests-SCM/SCMOnlineAdjustment.Codeunit.al	629	9c00618dc663cb0e5b0d69c6149a046122b9f70f7118ec8ea42537d5f2583752
Test/Tests-SCM/SCMOrderPlanningI.Codeunit.al	1062	62668e3894b137f7cda9584bd9aaf137a5420ce28914ebf1a3d22812d1f21a8c
Test/Tests-SCM/SCMOrderPlanningII.Codeunit.al	1116	2708fab1ff0c8d127fd0045a6715ef205be5fe5688d28174c354e3bb2a3b52c6
Test/Tests-SCM/SCMOrderPlanningIII.Codeunit.al	2275	49d0aa7f89749a794606e6102f6f60289e1a714a0d1cde746b6e3699e3c09804
Test/Tests-SCM/SCMOrderPromising.Codeunit.al	973	d25eafb579175f2d3d4508ed3a689dd853b5ebe322d7dabdaea0ee6d10e1dae4
Test/Tests-SCM/SCMOrderPromisingII.Codeunit.al	1028	de3c02603d112b7b69ccf716cf73e1a27e1d538217cb75d0b0829c6a622f28ac
Test/Tests-SCM/SCMOrderReports.Codeunit.al	258	b5b9e64e85a4d391b0064c6104d7ac195c889b999c3549818e69e56980616c3b
Test/Tests-SCM/SCMOrdersIV.Codeunit.al	3080	073630f1e5180959cc80e4456adc580b1ce047e411fddc65ecafaa2b02858c1d
Test/Tests-SCM/SCMOrdersUI.Codeunit.al	908	e4a2fe8dc60521cc2949dde3aba486c7b491d3c21f1cd8f3eb83d405ed9c1661
Test/Tests-SCM/SCMOrdersV.Codeunit.al	3063	ef485d11fa19f01569fe9fac1f5a5a569f858429c6106c464733f5d488facf8d
Test/Tests-SCM/SCMOrdersVI.Codeunit.al	3071	36331e6cbefd445eef2ad5551eed0bba104d5ea008c5b793f4ab421b5eee9d90
Test/Tests-SCM/SCMOrderTracking.Codeunit.al	755	823f83f868344527a8f3d404e402f7323b32f763684d2fff7259875970a83ead
Test/Tests-SCM/SCMPackageTrackingFixes.Codeunit.al	392	5fd51ea42e423d66f4778b1f6a447f8f21b5646a5088ed201de57559b4673ea4
Test/Tests-SCM/SCMPackageTrackingPurchase.Codeunit.al	602	391c4ec3b389739f58dcda1f2f6b7bd2aa9824c74cacac20d0fa9bac296abac3
Test/Tests-SCM/SCMPackageTrackingSales.Codeunit.al	1605	5d81d37400c5bcf56259bb6b2f140191eca582a4dcf8f6d1071c93b28c49bad7
Test/Tests-SCM/SCMPackageTrackingTransfer.Codeunit.al	1240	de3b0bc04ce8ad6fc433eb755823ad98810c72df5cad99d995037b6030988c49
Test/Tests-SCM/SCMPACOutputConsumption.Codeunit.al	652	890f8ce79181589dcf17a10e37092b7c2af63fd15910843e78cbf12b657da568
Test/Tests-SCM/SCMPerformanceTests.Codeunit.al	793	d60f66a85f211a7f2a53bc32137d626ae45dff634749a604f52d794461fdeea1
Test/Tests-SCM/SCMPickBinPolicy.Codeunit.al	1124	575d6ccb1e1891625364ccc72f68efcb20010afa6851896d629e202107e9de62
Test/Tests-SCM/SCMPickWorksheet.Codeunit.al	1231	a9736d1980dff23b4140099ed92abbf2b0e6bbc3509f7731dfb110a62240e88c
Test/Tests-SCM/SCMPlanning.Codeunit.al	2289	af4d0de4507c948a5ace8994cd19c9dcaca0c0bb8013ce10bebe55f485e61c9f
Test/Tests-SCM/SCMPlanningNTFtests.Codeunit.al	1715	eb626a505e3918e99aeede35e8fa045cd69f73cc028a752b679f723b9547d2ef
Test/Tests-SCM/SCMPlanningOptions.Codeunit.al	554	0641c8269f108af2f89444fb3f599d6593787df5e49621fa85348a2bb09d2610
Test/Tests-SCM/SCMPlanningOrderTracking.Codeunit.al	959	11a82d66b9b764efdc0e53ee0b870296109757098b2dd12dc45a99fbafebd913
Test/Tests-SCM/SCMPlanningParameters.Codeunit.al	762	5d2a5851b952c17f9ea14800712ea3c06fef28f41c01aff402b2a5e87616ffc7
Test/Tests-SCM/SCMPlanningReports.Codeunit.al	134	649f60187f2fc035384c5ba85cae4590d1cd3e1c31e2640550ece0b4e424f711
Test/Tests-SCM/SCMPlanningTransparency.Codeunit.al	529	fdb07a7628273ebd1b37752ca4abd163bae3cbfd0e75022b98afc4f4668d01cf
Test/Tests-SCM/SCMPlanningUT.Codeunit.al	336	4dab3935027357afbb877bc2e0a0e8108a9668bf63ed6be450b58830f8ca7421
Test/Tests-SCM/SCMPlanReqWksht.Codeunit.al	3788	e9f044bcf2a3996c8501397645c5308a948dde905de2d978b2d0ef5af7d9faa0
Test/Tests-SCM/SCMPrepaymentOrders.Codeunit.al	513	8be8bfd1290431f84a1faa6ff470842c539fcfea70c615a0f89da6f70a17c376
Test/Tests-SCM/SCMPreventNegativeInventory.Codeunit.al	125	161c12a9ff4275f756866fb8f4977a27fdf733cd5055f9c0db42739d9e1b32cb
Test/Tests-SCM/SCMPSBugsI.Codeunit.al	1179	fbbad6fe720067681d56bdd05ff5bfc3ff2febc79f2573221c952d4eafe8caab
Test/Tests-SCM/SCMPSBugsII.Codeunit.al	595	3036e2d8a91470aee4529d9015801ef595557df3481357549f332ffa26b81ee4
Test/Tests-SCM/SCMPurchaseCorrectInvoice.Codeunit.al	680	04cf078c7b908374fb1ed325ba80c1dd83e585038544b79ed9b672f6d1be538b
Test/Tests-SCM/SCMPurchasesPayables.Codeunit.al	855	1f9bcff65136bc1c90d59930f58fea2ed60cd4a24559e3a16c35cbc9ca2f1b35
Test/Tests-SCM/SCMPutawayBinPolicy.Codeunit.al	1344	9a2badc9bb7ef7c0321133ce0ff50f1b25ecd9e4523f67ba33c90daa8594d439
Test/Tests-SCM/SCMQtyonCombInvoice.Codeunit.al	150	cadffde5dba297391fe4aba8870cd30e2be07301004e6e6ebab7cabc73237931
Test/Tests-SCM/SCMReports.Codeunit.al	1190	0a3fe05d317e2517b3e5e210f365d53337a060c88d2052251e8cdd52ff8d9ea2
Test/Tests-SCM/SCMReservation.Codeunit.al	1830	712791ddf151a79e26e67a613d2cbe1db7696704f8647eabf9931cad2feba87e
Test/Tests-SCM/SCMReservationII.Codeunit.al	2604	39fa36d31aa2374a6647ab251cc047d43536a566942f67d50e62a4cf55950a86
Test/Tests-SCM/SCMReservationIII.Codeunit.al	1169	7356b66266be14d5a90b510f5c1ffa7621fa9bb6a1eb555fed3ca2f1e461360c
Test/Tests-SCM/SCMReservationIV.Codeunit.al	2109	7280e75320458315da11d843d642c189e8358cefcf6e0baf73d093d4f1827db1
Test/Tests-SCM/SCMReservationsDataDriven.Codeunit.al	660	1146fb7378750217bcd4571b27eab59b031d936448ab678d4c917c896875d0f3
Test/Tests-SCM/SCMReservationV.Codeunit.al	1052	a60ac0686da582ce137d249db21269aa91c5e61d8781c5e79277bfa4c097b66b
Test/Tests-SCM/SCMReservationWorksheet.Codeunit.al	898	46bd8e6a8686ca1e5ceb3e40a213a9a0a612c3ef0757fd13e0d37eac2d9e4f3c
Test/Tests-SCM/SCMResourceUsageType.Codeunit.al	131	3ed8554bfe65a88bad75c07736b05ddea33a75dc1be9ddde184a33728e3400be
Test/Tests-SCM/SCMRevaluation.Codeunit.al	561	631cc2911fcf9b919d08f9aa15f7a8892dcd9a8794d0ff49cd6266fcbadca3e3
Test/Tests-SCM/SCMRevaluationII.Codeunit.al	1352	d417b37f2094d23cc1f245b2660431d19761d8b47b3b095a8615b4c0a479305b
Test/Tests-SCM/SCMRTAMItemTracking.Codeunit.al	3079	565fda6302daf1cecd05995d1ff4d8a28a0939bc4fa3c05dd88548037a1f51c0
Test/Tests-SCM/SCMRTAMItemTrackingII.Codeunit.al	3496	b8fa756fda5b102eed56c4867f52057e26817bb8ac624e9960aaa03c742dfd15
Test/Tests-SCM/SCMSalesOrderManagement.Codeunit.al	441	3f76e4cd0fd51cbdb09f14627e400ec96741755c679f473a99f36f54b4786605
Test/Tests-SCM/SCMSalesPriceWksht.Codeunit.al	279	ab72ddaa8a9e79ace997e5a6ea00ab6d5847ae63a9b1e3050324540047cd7009
Test/Tests-SCM/SCMSalesReceivables.Codeunit.al	1120	6ff962e9fc68e5ac48fd769b41a0042b3bd8c12c08d5f5af1e11e6048e75ec37
Test/Tests-SCM/SCMStockout.Codeunit.al	87	ca6dcd9c8955e982983595fa970f36067b27f9b91423adbd4e5c517cbb31ff9f
Test/Tests-SCM/SCMSupplyPlanning.Codeunit.al	3181	5bc82f04d909c8fd4200ff2224d6da159b854a1e6c2b3e1bc88d54644afbee32
Test/Tests-SCM/SCMSupplyPlanningII.Codeunit.al	2298	2ed78866013d76f19d996a8f24588134b26d4d0a9350a690e78dbe12ac5e3523
Test/Tests-SCM/SCMSupplyPlanningIII.Codeunit.al	2231	270358f26667701e339e927e09e999027900619fdf4ca7dab2ea0e9955335f45
Test/Tests-SCM/SCMSupplyPlanningIV.Codeunit.al	3199	b2249e068c67289b0cbd77d5e3273f0b7e8bec0dad69bedd078b1de3535a7ad5
Test/Tests-SCM/SCMTestUpdateDateTime.Codeunit.al	144	a55f553f96341397ce6466ce72ad93f9c6a33c51401ad89c955fe78fe232dd2b
Test/Tests-SCM/SCMTrackingPackageBase.Codeunit.al	316	e86947298ecfccb4e4d8fb94865860431c2083de7cf24124e78b71683771d756
Test/Tests-SCM/SCMTransferReservation.Codeunit.al	1439	63dde5dc8f42dd14358177fe41e2ed5f2404ec561bbd9f26e918181eff37188a
Test/Tests-SCM/SCMTransfers.Codeunit.al	2929	bb5dbef2bce08ffa12d04f47b8f9dd019b5d7fd575f48b41ac606e4a5be7193b
Test/Tests-SCM/SCMUpdateUnitCost.Codeunit.al	185	51825c0dc0786ca69371dec53115f963437847f3648047204fac260c0632c507
Test/Tests-SCM/SCMWarehouseDocumentsUI.Codeunit.al	563	1dd453777a5267b33d4703ca309edc106d416ceaaa2ca4021695f5c8a56a0ddc
Test/Tests-SCM/SCMWarehouseI.Codeunit.al	2143	d87f904fce53a47262b6f8f36be14a6cf2cbb00df1a3c503330748948da8af0c
Test/Tests-SCM/SCMWarehouseII.Codeunit.al	2039	1175b4593d0234c256db46300f830c0f487d9685a8e8bb75d4427e34c736bb51
Test/Tests-SCM/SCMWarehouseIII.Codeunit.al	4741	5ea236911b6983c4cb1b622c43230e6cdd720f3f439b2d08a54ec8ec4ef455c8
Test/Tests-SCM/SCMWarehouseIV.Codeunit.al	3259	be0678a7df7b51df8cf442cdc9a1c4bfd8e4dde77046f293b96119b090d74de4
Test/Tests-SCM/SCMWarehouseJournal.Codeunit.al	4022	aca8417dabd51a138802ece35ac6b6061d252f371a2b651701536b6f690a318d
Test/Tests-SCM/SCMWarehouseManagement.Codeunit.al	2061	fe4ab15864b69e38383f9c9b4b9816d795c0807c57cfa990f885a83aa3358be8
Test/Tests-SCM/SCMWarehouseManagementII.Codeunit.al	2911	ce237fb2215fcecd4c38c6e4ebe5e29c083a0563ff160f1921811d7a025eac6a
Test/Tests-SCM/SCMWarehouseOrangeLocation.Codeunit.al	195	91e561897232a64c190ffa94b44b1ae4ddd1b118e60d4f8d34f50bf7e14bf81a
Test/Tests-SCM/SCMWarehouseOrders.Codeunit.al	2333	66a2ca666b17fa81465956674d42bd9bdea6dffddc82ed0c0658bcde41bdc07b
Test/Tests-SCM/SCMWarehousePick.Codeunit.al	1764	dac6954951a76effe78bfa07aba81933a3f086d8fccb872737f9bbebbc10c2c6
Test/Tests-SCM/SCMWarehouseReceiving.Codeunit.al	4043	d4b7c4bb3aca78b60cb5fbe84c96e2751a1a8d9f48a7b92c6ce9e38bfc756953
Test/Tests-SCM/SCMWarehouseReports.Codeunit.al	2046	1bcddf5d122d9f3f112e751e49913a1a6ba25bd4227fe9c10ed39100a48bc4fd
Test/Tests-SCM/SCMWarehouseShipping.Codeunit.al	3753	c9f07728a5c02266569cc6b744f5784663210faafabf140b8f220c6ea2ea0a82
Test/Tests-SCM/SCMWarehouseShippingII.Codeunit.al	3012	518a6274e7084dee91e2a9f0d62843f7e5dd8640f5dd3d0eabbe78e9a7884c90
Test/Tests-SCM/SCMWarehouseShippingIII.Codeunit.al	2562	57bfec30734753e763d06e5406b856173d0a8cedbda3172f74976238c43465d5
Test/Tests-SCM/SCMWarehouseUnitTests.Codeunit.al	1956	6005581e0b1b6fbc75d1823736ce01636d4732788fd3c30f294a480daeb1c1a6
Test/Tests-SCM/SCMWarehouseUOM.Codeunit.al	3885	4233ae2208fa17e5e25108b0b05fa4b55434600036760578512aec6332d5649a
Test/Tests-SCM/SCMWarehouseUT.Codeunit.al	1344	be4e25131a522770b097ccd2c52f9445a6fd2d0dfbefb51959256c7cc578b8ff
Test/Tests-SCM/SCMWarehouseV.Codeunit.al	3108	0bfc1d8199340e7aeafcc4654fb811a7f4ae95875addf56227f34c4a69e29912
Test/Tests-SCM/SCMWarehouseVI.Codeunit.al	3453	1efc4f623aadbfd038e355b3b6064b82463da5983a133248632f7b31ec1c809e
Test/Tests-SCM/SCMWarehouseVII.Codeunit.al	3190	57fe1dd725f411499e2e9b0db6f1575a56ab281f68127673907b234bfdb44b73
Test/Tests-SCM/SCMWhseGetSourceInbound.Codeunit.al	402	8165f11c0722f1b12a1ce124be3a5e335e9f9e9bac4e3520b1a86d3529abf2e9
Test/Tests-SCM/SCMWhseUOMRndingUT.Codeunit.al	314	5b5a5b9eab69bef6990d71aeade9b79674b70bf30c09129774d43f6ff8577ce3
Test/Tests-SCM/SCMWIPCostingAddnlCurrency.Codeunit.al	143	cd17f9ebfdcfb0906235eb47b118812d059b17e99ca8f2af14372b50d892244e
Test/Tests-SCM/SCMWIPPosting.Codeunit.al	96	5133bc08c48ec64c37d888ab6509d44f2d686075c01a0994592053e320ba8bdf
Test/Tests-SCM/SCMWMSItemUnitofMeasure.Codeunit.al	1543	d52d1be782ac286cf852e33be43f4fe55cc64792051767a235ca3877bee0b25d
Test/Tests-SCM/SCMWMSregressions.Codeunit.al	306	c4b5c65bfa610e05e9a252b28df3d39622223910afd1b3b048ec85f23f607d6b
Test/Tests-SCM/SCMWorkCenterTest.Codeunit.al	431	ff8a7ebc4cb283366fd8be3db32cfc0c41957a70a8d9b93e27e0e6768a03a206
Test/Tests-SCM/SMBServiceItem.Codeunit.al	1511	4040b0bd67c70e394388093e0ac3529df75e6f7779985c83d21c416aee158fd8
Test/Tests-SCM/TestItemLookup.Codeunit.al	575	86ee36c535afd28f9f7fbabe815c67e0f23f5de0b6d83f858973eee1c96def36
Test/Tests-SCM/TransferOrderEvents.Codeunit.al	15	87e73ee346ac27948f3bea340f9c5db333fabeceea761c2aec60ee08816243a4
Test/Tests-SCM/TransfOrderWhseValidateLine.Codeunit.al	163	995ef65777fc89c7a66dab478921507bf737c3764f2bbd983785d856a715bc28
Test/Tests-SCM/UTItemTable.Codeunit.al	262	5752879e7a096d8bcedafea81fcd99f0894f2242d46ebee2d6689cbbad1c8b79
Test/Tests-SCM/WFWItemJournalBatch.Codeunit.al	1245	5d7f391774980d717f432381f19314bdf3d98171d29098c9855ba45ce544a136
Test/Tests-SCM/WFWRequisitionWorksheet.Codeunit.al	649	a3b166759d352c020a7d82567213399dbd8873a339b475cba8559c485dc5330e
Test/Tests-SINGLESERVER/AllProfileV2Test.Codeunit.al	691	33eee1b24c60152fba4b265193a79ce920684be55eae8ce9c5f20eaa2c8afc6c
Test/Tests-SINGLESERVER/APISetupUT.Codeunit.al	530	b14cb1cf8cc518f4222d85baa185750bf303860dcdc6acd6d8858ba9d066b140
Test/Tests-SINGLESERVER/AssemblyMgmtPlanbasedE2E.Codeunit.al	218	60bbb09f5e6e9edf13e3feadbfb56c0f236ab5581e717d497dff1489f47d9b8d
Test/Tests-SINGLESERVER/CompanyConsolWizardTests.Codeunit.al	444	6c13fcbbff54d0c1c53fa5b7e3cf0bcba3a9a108de72a856354937663b50effd
Test/Tests-SINGLESERVER/CompanyCreationWizardUser.Codeunit.al	74	5f34b825b1826343e99ff0ffefbffd4505794d00130d9e9dd4eaca8b8f14e51f
Test/Tests-SINGLESERVER/DocumentApprovalComments.Codeunit.al	666	783dd4cbe79af0b331a5c15aa78319f0fcde096aec19376f542f8757e170d5a6
Test/Tests-SINGLESERVER/DocumentApprovalDocuments.Codeunit.al	573	bf50cf7f59385743798356bdab4f14a648b640679844d63f2992de0e1c2fd62d
Test/Tests-SINGLESERVER/DocumentApprovalErrors.Codeunit.al	514	7eb040cffc690763921265cd220cef54b6327c9b01a1b28d51ef9586da39caf2
Test/Tests-SINGLESERVER/DocumentApprovalUsers.Codeunit.al	1270	150e7856991fbcd6601e550602c55033a7a636ee97988144b645633555d809b3
Test/Tests-SINGLESERVER/DocumentServiceMgmtTest.Codeunit.al	184	5f73ab564024f0856f1f48ad8c75f7fd5429469ff5a246c57179e5eaca7c4c23
Test/Tests-SINGLESERVER/DoublequotationsinItemNo.Codeunit.al	83	c9616bcabaeaa8db60e15a21df51a413a89928c65647ffe389924e69482c9392
Test/Tests-SINGLESERVER/ERMPurchaseReportsIII.Codeunit.al	1285	a1ad1a32fbdf593be9e0d6aa10adb691cedfcfc472d85cacde5af6c881a90286
Test/Tests-SINGLESERVER/ERMPurchDocReports.Codeunit.al	1415	e811e3529fea782dd2c1d75ad91e027bf93ab90f489efde7162a2481a97df6cc
Test/Tests-SINGLESERVER/ERMRSDataTemplates.Codeunit.al	874	4f80995fc8431260401ebe93ef808b0e593a1b21a007dd8742e34258e73d3683
Test/Tests-SINGLESERVER/ERMRSPackageDimensions.Codeunit.al	209	f4fb8cac44ff8652a2b4fce8aa2b35ccc7e2600d7bf613998b04a3d89bf3df65
Test/Tests-SINGLESERVER/ERMRSValidateandApply.Codeunit.al	1057	61d4f0caa3cabdd5872849fd79d13c2aa4d7d35c469229f876b7b36855e190cd
Test/Tests-SINGLESERVER/ERMUserPersonalization.Codeunit.al	295	647a208447537ca61e128c7304a511b5a7302cb0723fabf9fc11399ea8006465
Test/Tests-SINGLESERVER/JobQueueCategoryTests.Codeunit.al	14	5c89e80f45655ca0bc86784861dd5d27875d4b7aec0ca42d0b900ae3b1cae242
Test/Tests-SINGLESERVER/JobReports.Codeunit.al	159	e43ab1dcdf50a3794d3c6a813544dcdb29886641e1c6ac9c818ce1439915c3fd
Test/Tests-SINGLESERVER/LibrarySingleServer.Codeunit.al	4	4d837db577a9f7cc1dbb9f887ea30e851b700456bc9581635b765b286bffb5c3
Test/Tests-SINGLESERVER/MyRecordsDemoSetupTest.Codeunit.al	261	7df5d65b511a19cb1e0dbeac6d7b602f86fe83da42fc7b785b990f1a2d5a92d7
Test/Tests-SINGLESERVER/NewTimeSheetExperience.Codeunit.al	843	0b1e1f6d7a87c11ef7fb09c4e80a458ee64ba35494b3ce12e92aa40b8b671459
Test/Tests-SINGLESERVER/PrepaymentsPlanbasedE2E.Codeunit.al	352	4d75e0d4d265a60648b75e5cdbfe67cb9cccb43983c7cb1987d7c85237a27a40
Test/Tests-SINGLESERVER/ProfileImportExportTest.Codeunit.al	217	bd654f2add3185b2b4e82c19f098805e89ba53d642d2f23b76aa39370dc2c668
Test/Tests-SINGLESERVER/SaaSLoginTest.Codeunit.al	59	926460fc3506ef52a350d684b8d7bb0ed0edd7d00a3aeacc87bccc7a75b76576
Test/Tests-SINGLESERVER/TestApplicationAreaSetup.Codeunit.al	722	337814980accbb505a5d1172467e16226e83f0b6214b255306caf64852f91291
Test/Tests-SINGLESERVER/TestAppPermissions.Codeunit.al	457	d4d1e46cb23aee24caa965acdb389ed261a517e459ed4e7610866081bf35a3a2
Test/Tests-SINGLESERVER/TestMySettings.Codeunit.al	141	fb6df279f038b9336190fd433fb5ce662e69f0f41a81c0532535d8863d6a6a80
Test/Tests-SINGLESERVER/TestUserPermissions.Codeunit.al	199	9490d3f6e971924880104d5f0c0bf555d4a164ef636d7167c9204696db1c13e2
Test/Tests-SINGLESERVER/UserAccessinSaaSTests.Codeunit.al	173	d961b97ece3906781a3c9845beb7e8bfa7eccd9350cfb13107577faf91b4371d
Test/Tests-SINGLESERVER/UserCardTest.Codeunit.al	455	e3769928fcc7adc4c64533d920b584c5eb5548b05aa7496626867b4c1260ab31
Test/Tests-SINGLESERVER/UserRoleTest.Codeunit.al	351	aea6f6a90c2f27dcbb62a52df1bebf3df220e3f1efcb880e8c294dc5281b3311
Test/Tests-SINGLESERVER/UTContactTable.Codeunit.al	420	684526ff87e7f3d7cccc58e20ef8be5948b3e5bf34a290795fa39300d56aea83
Test/Tests-SINGLESERVER/WorkflowE2ETests.Codeunit.al	363	1f91939e2e753f38d7408b9396dcf4c109a9e121a4fc397419025faf07f4e7a5
Test/Tests-SMB/CustVendItemEmplTemplates.Codeunit.al	1843	f72c3f645df6e5756bfedb8369d64ff9fce81bbbd1aea901c976c11bfd5cd0fb
Test/Tests-SMB/MyRecordsUpdateMgtTests.Codeunit.al	473	8b2df3c7b7e2c4dfe7f208ffd603568ff074c48f4fd084f05348edd374f54f8e
Test/Tests-SMB/NavigatetoPostedDocument.Codeunit.al	301	1de1cf5641a57970864fff55add60ce99a37b660c8059874db5088690e8a05e6
Test/Tests-SMB/O365ActivitesTests.Codeunit.al	350	d68a040cf486013b0275fc50acfa8fd6e238bcc24005a33cdcd92a78d2f1ad1a
Test/Tests-SMB/O365AdjustInventory.Codeunit.al	379	2073c30b03e52bef1529e658bcda57eb6f9062e7dad833acb86d3cf9b4ee16fe
Test/Tests-SMB/O365AdjustInvonEmptyDB.Codeunit.al	52	a08b4f8e09f7f2953601c08112a5d7e2f2fa59abb62284a45a6f6c58fb8ceb73
Test/Tests-SMB/O365AgedAccounts.Codeunit.al	599	bf3bfdf321804a91aa803ae46a32133040c1ea5e5e6fd6289906a7f8812c504a
Test/Tests-SMB/O365BrandColorTests.Codeunit.al	113	93ca7bf6258a4970fdd7c27ea80b49f4adcc9730b908a1a93f72893b20dd0e81
Test/Tests-SMB/O365ChartsTests.Codeunit.al	321	3cd4c1f2b9fbdea89247cb3d1f867c5c09e6dcc1cb65697e807fa535fc3eb3c6
Test/Tests-SMB/O365CompanyInformation.Codeunit.al	66	ed9dba9dc8d5aee8bf5db9a7920d7f3ca34693b422992c11487caf538cca2153
Test/Tests-SMB/O365CustomerPrices.Codeunit.al	1072	e84b82df7edf673af8e763bbdc4662923ca89bc517a467c6ed28bd7a21aabdc9
Test/Tests-SMB/O365CustomerStatistics.Codeunit.al	345	ab424dfd944089e133836f03da24ac90fdd51db55864ca93a8fed4d81db4b817
Test/Tests-SMB/O365EmailasPDFUT.Codeunit.al	25	13b19e8ce03dd5550772e162217bb6cf4ec1c18c0fa3fbc49fb817472f01e25b
Test/Tests-SMB/O365ExtendedTexts.Codeunit.al	117	2285f179f543a0f539fc8e285848522e9619533c35742523b1098866c1864e8f
Test/Tests-SMB/O365GenericChartPageTests.Codeunit.al	291	44d3795a42245794436d18f46bbd6a21d703175b0cccd38cad6c32072bc3b6c4
Test/Tests-SMB/O365InvItemAvailability.Codeunit.al	250	220ddfc76989877b43903364f50767b3ed09df64613a5d920edde2440ef8000b
Test/Tests-SMB/O365ItemPriceIncludingVAT.Codeunit.al	291	8154a1c62da2894a6cd71271690986df017352a1a31809e8b008aaacd26761ae
Test/Tests-SMB/O365ItemPrices.Codeunit.al	790	5b6e5570c5bd201dc5e49a2ff7dec41bd1770cc405e18b2eff6a9e653e6a5aab
Test/Tests-SMB/O365LocationTransfers.Codeunit.al	510	b996c4c98c8adfc84d9ee6c1b56fc34e014af031bd70c4114fc96e3a3bf8633d
Test/Tests-SMB/O365Miscellaneous.Codeunit.al	153	f1693d48ba53a2885aa5c9ea3a83ad4eb606a881a3b13faf5f75a886b4b2314b
Test/Tests-SMB/O365Navigate.Codeunit.al	223	09cf302cf1dcff91135dc684f02851b70221c6c57f5bf2c81b6b1c1384c83590
Test/Tests-SMB/O365Notifications.Codeunit.al	214	b1fd783efff0e605cf5ec948ea6d9eb8ca05789f1ff9104ade2ebfd093812d5f
Test/Tests-SMB/O365PageDimensions.Codeunit.al	93	142597ad4e673b46224c6bf4a34aa5f46a809a38afeed7cc023e0539fa1151af
Test/Tests-SMB/O365PostedDocumentSubtype.Codeunit.al	179	481d45bcc7e1a8633f96d4cf9fa37e82385d0cbb08d498f6a5e404f5a724604d
Test/Tests-SMB/O365PurchaseInvoiceStat.Codeunit.al	92	86b2f8c51ef41a1b43178813c7f82331244ad5e311a346703a5ef046fb6e7a04
Test/Tests-SMB/O365PurchCalcDiscByType.Codeunit.al	240	8c28dc15ba1beca6de18d5a510ade17a4c2eb0665bf0cd7d5609145b6b89e0f1
Test/Tests-SMB/O365RoleCenterNotifications.Codeunit.al	187	0d0c8492730568b7779c08e9d6f18eaaee7bbb6de47072c5a728afffc4796c4b
Test/Tests-SMB/O365SalesCalcDiscByType.Codeunit.al	269	5c79ebdb93ddd6ca763e8aaddf653d275276e4fd7299c68dba35658cd2db0527
Test/Tests-SMB/O365SalesInvoiceStatus.Codeunit.al	90	6f19bcb32c38d8c5093e7724dcafa9dc1976eb98c916fb3b3cd09c5b3ee81f0b
Test/Tests-SMB/O365SalesTotalsInvoiceCrM.Codeunit.al	876	98985b12ca7b69913dc6bdeeeb88d27064e524cfd78bc8bc496cf4caaeb21957
Test/Tests-SMB/O365SalesTotalsQuoteOrder.Codeunit.al	713	aa89a8f696a96a55e3728b31ef296c7b9f13171e802968f4a9c6a01119cdd2f4
Test/Tests-SMB/O365ShippingAgent.Codeunit.al	239	2832c1415c75992af70ed3a81b96585c18c27f0480a0cfde018f93b5a32ff8e6
Test/Tests-SMB/O365SimplifyUIPurchCrMemo.Codeunit.al	299	3ce7525d5e5adbf474fc21027d7f536f2d4124017ea09d0295d54c53b0e8aa12
Test/Tests-SMB/O365SimplifyUISalesCrMemo.Codeunit.al	313	29c87328f35468e446a6bf0c0019925c2044a9bd830db4dea9f0b342d6810121
Test/Tests-SMB/O365SimplifyUISalesInvoice.Codeunit.al	2511	dc79f9cca62dd9f2d7fe7317e232bd13cc78eeb78531d366116bdcbed13e080f
Test/Tests-SMB/O365StandardDocumentReports.Codeunit.al	271	a4f7b81a248ecf93e552ba064069f187208cdf04a6ec146e347f6337a9b9cbfa
Test/Tests-SMB/O365TemplatesTest.Codeunit.al	1229	afeed0475cd2db66462ae03f22a831a3c0a5f643293df3f63909543b60176ae4
Test/Tests-SMB/O365TestNameNearness.Codeunit.al	83	6577d3ec0f927c34d339a7fcebffdaeb383a104cb6f946d35adc4e8dfa605537
Test/Tests-SMB/O365TotalsandInvDiscPurch.Codeunit.al	798	4b13c7057f1b3f5fb1e3557ccb48ba632d8d9b41940c1e017bbe1923f226d441
Test/Tests-SMB/O365TrialBalance.Codeunit.al	182	9e0d65dd94adf5aad7b8f6ef621cffa8ed5966cb0b238ffcb77c0c1f4f297766
Test/Tests-SMB/SMBCancelSalesPurchInv.Codeunit.al	128	da7e60e12317799b0f09a67f229eae949c5b2bf87379f0261152fb0de761f120
Test/Tests-SMB/SMBOfficeAddinMgmtTest.Codeunit.al	662	661716ac8400722d3d05ee3dc392ab5c0398b87ad4b8c92481088b92323ff8a1
Test/Tests-SMB/StreamlineAutofillNoSeries.Codeunit.al	830	8296a48c425f361bfe898141532b58226d73bf4f96d9299bd742cf3f40a937e5
Test/Tests-SMB/WarnClosingUnpostedDoc.Codeunit.al	608	6e04c9f55f7147561921dbec833dcbba9b35106e75f2095075cd82921a84a2a3
Test/Tests-TestLibraries/ActiveDirectoryMockEvents.Codeunit.al	13	1c87774574113f157ed497f37bb36d4153401092b95ec0b4947c8a7b10edfea1
Test/Tests-TestLibraries/AllKeysType.Table.al	5	bacece905996166dd994b639160676a000a2c86c96afa4b961740e22d4f0e342
Test/Tests-TestLibraries/AmountAutoFormatTestPage.Page.al	18	9bb919d8ca35070ea452336edede4de001b6512112c91e3299dc3598ddf48640
Test/Tests-TestLibraries/APIMockEvents.Codeunit.al	14	7f400e9edc0618407a82b278300bd5afe741c8fadfb9fe7eceefa52790ee7a70
Test/Tests-TestLibraries/APIWebhookSendingEvents.Codeunit.al	145	b2905724150e63feecaf5b88ea12435b1925a400015544c9663a420b2f3fa909
Test/Tests-TestLibraries/AsmAvailabilityTestBuffer.Table.al	99	35ffae0dc72207da9c2b8418476793f543b0cb4835b68e827415cc42407e123e
Test/Tests-TestLibraries/AssisCompSetupPlatTests.Codeunit.al	76	0a130778f8e1b6ef79893b901b7a4f24218e406c1d58ed47a14d091e82fa5c32
Test/Tests-TestLibraries/AssistedSetupMockEvents.Codeunit.al	9	18b52f0a9771f4051982097c8eb66ea577463ab2a9f3bb8ae9525aa8f739b15d
Test/Tests-TestLibraries/BackgroundSessionsTestLib.Codeunit.al	35	c8637cf43b88e6773783cc67904a5f26377baa2e75f41e049f7f76c39c6c6eeb
Test/Tests-TestLibraries/BackupManagement.Codeunit.al	222	1807b94365189815947157719e887d0e7e0cf2bd7585d0c32f4c6c2c099f5476
Test/Tests-TestLibraries/BackupStorage.Codeunit.al	202	9d108beb3993594987024c64be5af465fd72d541ea7d8e22b7144ded5eb7dab5
Test/Tests-TestLibraries/BackupSubscriber.Codeunit.al	8	e7f024d9b1d8d5921436fc872fc4e39c938baf760ae7aff2fbf8cd4cdbecf3f0
Test/Tests-TestLibraries/BankAccLinkingMockEvents.Codeunit.al	15	cbb58374fc50ef8a299cd8b18bbe613f950571e2390fbdc16b99df794bd2ac91
Test/Tests-TestLibraries/BankStatementProviderMock.Codeunit.al	22	34ab7ee37264fd2974b3d5bd831b62b28c9359c039ae3469992413fdde2d0005
Test/Tests-TestLibraries/ComparisonType.Table.al	36	dd9ebc4d83e01d429e24c6a86fe2d01911e2a0af3f292809d2237d99df69d761
Test/Tests-TestLibraries/CRMBusLogicSimulator.Codeunit.al	85	b0a074f7c6ff441c8c1806ef471a616b7d5a37ed4e4e9ec57351facbf8df189e
Test/Tests-TestLibraries/CurrencyExchRateFileMgt.Codeunit.al	177	b10932f1a2433f7164f5452eb8048a2766111fb7321cdbd94a481cc8de939d56
Test/Tests-TestLibraries/DeltaAssert.Codeunit.al	64	d073fb543863b95af31b95cfa36280f79ce377024a81c57d77576adffff88df8
Test/Tests-TestLibraries/DocumentNoVisibilityClearCache.Codeunit.al	6	35daa10ea242dbcb483448ea011c08af01572e929718f7b1aaba7466b0e711db
Test/Tests-TestLibraries/EnabledTestMethod.Table.al	8	82a3d0a3a5bc1ddac86a8245b2e07e34c138c657223c10e418ee361f71235af7
Test/Tests-TestLibraries/ERMCashFlowChartAdapter.Codeunit.al	302	5136834c64514a18380e511e39a197849a0f3a4e202c9ae5d540aa1474fc66f8
Test/Tests-TestLibraries/ERMPEEmptySourceTestmock.Codeunit.al	2	242605a55e0ca9ead9893059e7ec9144f27b1eae6b9cf712b256826e8f069c9c
Test/Tests-TestLibraries/ERMPESourceTestMock.Codeunit.al	13	e4564173472ed3eb96590d09f9cdf19b1a010448da16a22f05e9446d10d3fa08
Test/Tests-TestLibraries/ERMVATToolHelper.Codeunit.al	1169	896a4d41ad46ca329ec9077dffa66883c2429403cde7b73672b3e7e825ceb019
Test/Tests-TestLibraries/GenerateTestData.Page.al	19	eb325caa23b3d81d91914ee6be93a305155336db2f7d808aaabc286132458269
Test/Tests-TestLibraries/GenerateTestDataLine.Table.al	40	bed345adff45734d7203b05085326348868911089eb1a97c7f5adf86f221183f
Test/Tests-TestLibraries/GenerateTestDataMgt.Codeunit.al	153	0161e72c9d3618a98586d5e15a1a04f84a765608eff5ee40228dfc3e970849f3
Test/Tests-TestLibraries/IntTableSynchSubscriber.Codeunit.al	137	93fa06bffc310987dec47ed467d6db7f485284531bf2c419868589d562e15b1c
Test/Tests-TestLibraries/JobQueueCALErrorSample.Codeunit.al	6	e1174e7518b6ae4cc9a3aa45aa9bb3ff65076c2d177282f2c998cb6fc93f377f
Test/Tests-TestLibraries/JobQueueConfirm.Codeunit.al	2	62e371a55e1a4bdeaeeab2b0eb22017b6071ceefc720172946ada0eddda19dc6
Test/Tests-TestLibraries/JobQueueConfirmGuiallowed.Codeunit.al	3	c7b89c9096fe6fe180770c08145d0713721127bcaab4612c2c7e4ed6d096a8bd
Test/Tests-TestLibraries/JobQueueExceptionSample.Codeunit.al	4	79c930bbe4234fa56b27438f6fd7ecd335f5e855a0c6777bbe7fd9e4f1cf2216
Test/Tests-TestLibraries/JobQueueFailedInsertSample.Codeunit.al	8	40ab4b6b3e6d79dcc943ea199c0af0c09f840baffd625535fad0f1db6bcc27cb
Test/Tests-TestLibraries/JobQueueOKSample.Codeunit.al	4	513d956709e6b0b122eadb2d8d006384e598b2caba39b34939b0662cc5784c35
Test/Tests-TestLibraries/JobQueueSampleLogging.Table.al	12	2038e5e9620f2a92e0e0c23d4c2ce0f9379f70f9dbe8338cd022981f5d73e44b
Test/Tests-TestLibraries/JobQueueSleep1s.Codeunit.al	2	3d703c317367b03c591a51d563fe19447f3862c3f37854f4dbac1f816c984969
Test/Tests-TestLibraries/JobQueueSleepingSample.Codeunit.al	5	f3eb92091ab5393209f2961ae5b7269d532f40cb6ee7e958ec023ccf6adfdcba
Test/Tests-TestLibraries/JobQueueWorkingSample.Codeunit.al	12	10f1252ef1b0809c2adc7bebbb574f44542a9114e1c2e4754a53642fd3c3d405
Test/Tests-TestLibraries/LibraryAccountSchedule.Codeunit.al	7	e8e036b98f3510640c14bcab97a0dd32d09293f07d0840ab2143aeb2c1ff217a
Test/Tests-TestLibraries/LibraryAltCustVATReg.Codeunit.al	46	99c6a2d1fe2bc599b72928a79a61dcb30a1e8be2299380e6047c9491eafa5652
Test/Tests-TestLibraries/LibraryApplicationArea.Codeunit.al	682	262177f7401bbe5df2f067c232b025cb9157604342a7033009bb7b61e250b02d
Test/Tests-TestLibraries/LibraryAzureADAuthFlow.Codeunit.al	42	507dc1283c6e7bc732a3d98f9ece9dc1e1e02f0e820badfd8a1aa5c207681330
Test/Tests-TestLibraries/LibraryAzureKVMockMgmt.Codeunit.al	15	a64a2c16e6744a105689af2a59f49f524f4d1f9b28401fb6140db3d3ffedb7e2
Test/Tests-TestLibraries/LibraryCalcComplexity.Codeunit.al	98	c66023dd892a43aef04e061f7fec26abdbc8e388145c1fe8af34072c7d217847
Test/Tests-TestLibraries/LibraryCAMTFileMgt.Codeunit.al	117	e542e462b81942bf0461993fffc03efd20932df874f71f528996842388381a21
Test/Tests-TestLibraries/LibraryCRMIntegration.Codeunit.al	1200	d698aaecd065dc29c28dc757c74f304ea52d4fc7e262382498902379761023de
Test/Tests-TestLibraries/LibraryDocumentApprovals.Codeunit.al	249	e15971255bf7ad6b029a35335fd350e63c34798fac7268e279a4a456d7307d75
Test/Tests-TestLibraries/LibraryE2EPlanPermissions.Codeunit.al	73	422a790f512071851e7492f41f9d64a411b7e9537b9167e320bdc65181790e7d
Test/Tests-TestLibraries/LibraryEmail.Codeunit.al	5	7a6be3bfa88b482c1a7c6d556fb0f9451e776f36dc7acb796d1e54c8b84555b5
Test/Tests-TestLibraries/LibraryERMCustomerWatch.Codeunit.al	179	da8af7627c3b7f6b3d556fa9d0b541ad07e2b05dd1c49bedf683021ce54c472b
Test/Tests-TestLibraries/LibraryERMEmployeeWatch.Codeunit.al	179	d630bd71380c2b02fae91c8b3b64851c76e126b34e83b7b6f359601fdf5942f0
Test/Tests-TestLibraries/LibraryERMVendorWatch.Codeunit.al	179	0d6dbabad8251ac2e6ecdab09966cb53bd499de81634d1b02df17cc0cedbc9e6
Test/Tests-TestLibraries/LibraryErrorMessage.Codeunit.al	96	6b0337455e3551d5215b0380be12c6789b3a04584fd5a9c4fa10a6667fe77f3c
Test/Tests-TestLibraries/LibraryFileMgtHandler.Codeunit.al	27	07c9e65c7b08c8e0227184662e3481fb89462b9f33056074a0345b3328ef946b
Test/Tests-TestLibraries/LibraryGraphDocumentTools.Codeunit.al	511	1a19d564c38256acda7a8a76c590b66a102e1981ca0bcc9eb7cfc415aea0200a
Test/Tests-TestLibraries/LibraryGraphJournalLines.Codeunit.al	210	4661237c31ed2658af992e9a6394afa11b2200faca9dcdad1f7b8c86c865fdfe
Test/Tests-TestLibraries/LibraryGraphMgt.Codeunit.al	477	97c09dd496a2768452fbca5e4d14245a1526151c3ab953d78deed445ec4b5a02
Test/Tests-TestLibraries/LibraryHeadlines.Codeunit.al	2	dfc2d6323a3f6be9ec57c5ce71923e4976e8dcd1a26137c92cf4fcb1bfe982ba
Test/Tests-TestLibraries/LibraryIncomingDocuments.Codeunit.al	25	134c1adb1facb62b5595c05d76c454b45248ff31e876eff0f43a247d76e592ce
Test/Tests-TestLibraries/LibraryJobQueue.Codeunit.al	87	ded87a942081de339bfa3ef2fd5eae5506f87e8b383e3c040fa717d1f9b51d86
Test/Tests-TestLibraries/LibraryKitting.Codeunit.al	287	38f3660ec73f4b974cd258ce900062fc6136c8ed5a219e91bef8c92d8fc17781
Test/Tests-TestLibraries/LibraryLowerPermissions.Codeunit.al	274	b7cbb2e45b63916802fe2983506210fe8d88effade857ab7e796117c61c8b95e
Test/Tests-TestLibraries/LibraryManufacturingOnPrem.Codeunit.al	46	7c10cab4b6c7ae4de046c3511b1fa1779361d6d367b2806234a3524d333a97a1
Test/Tests-TestLibraries/LibraryMockCRMConnection.Codeunit.al	23	d49f1d74c9eee3ef8dafd0269e40982564aab470ef1bc40cdf1f9d7753447fa0
Test/Tests-TestLibraries/LibraryNonDeductibleVAT.Codeunit.al	74	d7af05a441868cd4da327957c1d704fa36ae7c71cdd20c79a4fc25fb704e389f
Test/Tests-TestLibraries/LibraryO365Sync.Codeunit.al	16	3adf6fe338eeae16822beca7e650d3f3a2f609628658fdf799c454935ff7602f
Test/Tests-TestLibraries/LibraryOfficeHostProvider.Codeunit.al	100	dcc5ec1db3c5f0e103ad3f579c1ce9ea6d9a591d09d5aeccfe75a5fd43d0fa01
Test/Tests-TestLibraries/LibraryOnboardingSignal.Codeunit.al	20	e75e6b80e2b030e61ffc6444a43dbb1674b83acb6f78968a7b9a5e04ea276a6e
Test/Tests-TestLibraries/LibraryPaymentExport.Codeunit.al	151	900aff2ca82ef313c1b3da2d93a497d8bd6bef7d9964d37a0900d4f7b659066a
Test/Tests-TestLibraries/LibraryPermissions.Codeunit.al	142	92166dadeb7054cc7ac62bdc7c7ad1111b3424cecb3cef2d00eb961bb5591e25
Test/Tests-TestLibraries/LibraryPermissionsVerify.Codeunit.al	62	35e699f4f643bd45bd9369dbe1a30583f570da09bf6a49c1915b0ac4bd7d3d9c
Test/Tests-TestLibraries/LibraryPlainTextFile.Codeunit.al	11	d6c02f3cc8fea3844e90273e72b23960a5e8bb32fb97315c5ae7d2151b4c00bb
Test/Tests-TestLibraries/LibraryPostInventoryToGL.Codeunit.al	29	a9b159eec7e6c9dfb6c31800a613bb74d2e45b493393e4eb25831a013d576f21
Test/Tests-TestLibraries/LibraryPostPrevHandler.Codeunit.al	21	59211097b2df27b65d37d5311d482ebff27e6a272e5a364b1875b41c4f1e2e96
Test/Tests-TestLibraries/LibraryPowerBIServiceMgt.Codeunit.al	24	6b5713be5dd5d4400854792f80aca05c598e969730d8f94732ffcf41d57258bb
Test/Tests-TestLibraries/LibraryReportDataset.Codeunit.al	345	95c15c70cb14194cb80c2f1e5b912fdcd069a7de3622b3add2c4831388ccc826
Test/Tests-TestLibraries/LibraryReportSelection.Codeunit.al	79	2322da8c1f70e82c3e64f47d316f7e8adaffb2504d8e7a1dd07da2ab879c9d88
Test/Tests-TestLibraries/LibraryReportValidation.Codeunit.al	410	4b3bf10b76ec29c7cdc823fd21a023002550d719faa1b5f12eaff73ad472f386
Test/Tests-TestLibraries/LibrarySmtpMailHandler.Codeunit.al	18	d51dd9aa18e880ad0dfe5c5ccc0a98f524845dcde03d150e085615b3436eaad2
Test/Tests-TestLibraries/LibraryTablesUT.Codeunit.al	17	6085712ed2189d0deec8bfc78648d6c794525df11449a30fb005e085485a93b6
Test/Tests-TestLibraries/LibraryTempNVBufferHandler.Codeunit.al	32	2da9c5e18a0596b61b0926bcec2bfdab0df019b72a53d0f3d1bec18a0abe540f
Test/Tests-TestLibraries/LibraryTextFileValidation.Codeunit.al	195	07c6a1fd3220ee0cbe82d92a37b79b0c320f696fbfce0c51493b1cba3085e047
Test/Tests-TestLibraries/LibraryTrees.Codeunit.al	589	ef9245e34ea516d9c978af439d9fd83c0b3cec679a869e7ca2b344acc16b3bda
Test/Tests-TestLibraries/LibraryUtilityOnPrem.Codeunit.al	105	f2e77418052d432ab036477018885efffc01c459e5189e997f4d2fa5f8a7f299
Test/Tests-TestLibraries/LibraryUTUtility.Codeunit.al	17	129725376323ada3c242de971419672db445ec5a95bb85ffc2c987f74d51cab6
Test/Tests-TestLibraries/LibraryVATReport.Codeunit.al	28	2c962b24a28ef8f0d67f4b5970f003bd664750551c0cf30b6f001bcf27ec0d37
Test/Tests-TestLibraries/LibraryVerifyXMLSchema.Codeunit.al	49	839f80c5fe27814ed28a739526766929e827fa1a943b534c208d5947b94883a3
Test/Tests-TestLibraries/LibraryXMLRead.Codeunit.al	164	80f6c62ffaeaa0a4c8965933fac05c4e44b418c9cc28df7773a34b449aab9cfb
Test/Tests-TestLibraries/LibraryXMLReadOnServer.Codeunit.al	171	b4d8c5d658a016fefa5d50a4396e4e9a6bffad98cb1c0ed693c50a74cb2dbb8f
Test/Tests-TestLibraries/LibraryXPathXMLReader.Codeunit.al	304	fa3b725693149b1f1555920b2f5f7bea8bba7e8728aa72ebd4ac417d37fe19b0
Test/Tests-TestLibraries/LicenseManagementStarter.Codeunit.al	186	a91bb3a6c79de7446565d45bbb95728f43155041dcbf3834e02520b6db6c82ed
Test/Tests-TestLibraries/LicenseMgtC5.Codeunit.al	146	ff6ebb095c715b223cf13d69d695085c732304711adb0fb1d0f2282036f1fd8d
Test/Tests-TestLibraries/LicenseMgtLimitedUser.Codeunit.al	27	9d93786d1552d96da92b555ec78faa3bc28510eeef54fc5782e6930df4e64fcb
Test/Tests-TestLibraries/MailManagementConcurrency.Codeunit.al	17	bf5372334bcb5f34016ab807e4c9a5e9742ba5d41904a3a57ae469e918fc03fd
Test/Tests-TestLibraries/MIRHelperFunctions.Codeunit.al	101	ffe249f65e3015042b642070c94c6394781863fa8b6306bced35e04436137eac
Test/Tests-TestLibraries/MockMasterWithDimsCard.Page.al	4	c855e70c893542929f6d9419c8454001cfea88cda2407b481ca966b0ac3c3524
Test/Tests-TestLibraries/MockMasterWithoutDimsCard.Page.al	4	9d5a8d3e7caaa2824d020d2babaafd340b47464ef4dbe383dade9c8b2eb037e5
Test/Tests-TestLibraries/MockOnFetchInitParams.Codeunit.al	7	a1befb0645700b75349cfae24102b8a196b8d3e34c6667ea3bd380d96c68d8bc
Test/Tests-TestLibraries/MockOnFindTaskSchedulerAllowed.Codeunit.al	6	d90e69e2a97fa6006fdeeeeb062d39b67a1bc8e46ab3f009b6f1b5c747426742
Test/Tests-TestLibraries/MockOnPostNotificationRequest.Codeunit.al	19	96daf3bbb5bff3082ee8fa6c6c2cba10d057543f7957e3ea32c150d683ad61b9
Test/Tests-TestLibraries/MockSynchJobRunner.Codeunit.al	19	1d74757db55442e2ba11208b979f08682159e29779a14891ef463c8ef2d4d819
Test/Tests-TestLibraries/OCRMasterDataSyncEvents.Codeunit.al	30	04d9760d978df1d21ba643d5884c291c363fe6bd9a9901089e2083a2fece9390
Test/Tests-TestLibraries/PaymentServiceExtensionMock.Codeunit.al	84	9c0a7c735c620444daa79c4b7f2578121c5a36362acb8bd5d7da1ca10697ca7e
Test/Tests-TestLibraries/PayrollServiceExtensionMock.Codeunit.al	53	4483ac1fe0a32fb9093ea5f7684e3ca791701011d82f224692c5cebaeb9d87f5
Test/Tests-TestLibraries/PermissionTestCatalog.Codeunit.al	11	6db727220987abdd988394ef22bc1e59b761347a40acc69e64033be2ea180c8d
Test/Tests-TestLibraries/PostcodeDummyService.Codeunit.al	59	b0c63524e41b9ef355ba2a9c855c89f6d36b4a2c61ad24f1d33aafaafc35c1e2
Test/Tests-TestLibraries/PostingCodeunitMock.Codeunit.al	29	9e89ec105ff1fd078b48d7cd3b7c5ce724732e117a3fea0f953932da80b995f3
Test/Tests-TestLibraries/PriceCalculationTest.Codeunit.al	75	3df0aaa8d57280f615671738b02bbda2b45f100a500e8e9e883ef9c63460d152
Test/Tests-TestLibraries/ReadFileinBase64Encoding.Codeunit.al	10	9bd4b7839ca533b0ca66080cd2ef9508162d95d7683df7cb363d51d839da4395
Test/Tests-TestLibraries/ReadMasterDatafromCache.Codeunit.al	21	e15c566de854280906063a81bdc94b2cd6ac126cbde718634a6fb51f25aef29f
Test/Tests-TestLibraries/ReadMasterDatafromCache2.Codeunit.al	21	ae923aca370bcb38c76d33fef1bb56b12e0357801e51dceb1fd897974c74b4e7
Test/Tests-TestLibraries/Referencedatafieldlist.Table.al	10	860755488f6b98f392d3208c9e198fcefeb34ce51803684b2251122c4663135b
Test/Tests-TestLibraries/ReferenceDataLog.Table.al	6	3c36d98fda9f6a26057c83cd79420e78683b04a60ae1c41dc3f152af738a4aff
Test/Tests-TestLibraries/ReminderAutomationMock.Codeunit.al	17	216574e4180a14b8bc8048cf83b3c98c93c0afab275f1b8f90cad82b86ac9952
Test/Tests-TestLibraries/ReportCaptionSubscriber.Codeunit.al	6	e8b0c01f04e20b6754e7b982dd08db17c3e8fe60ac348e189fcf1da6b24f00b7
Test/Tests-TestLibraries/ResetStateBeforeTestRun.Codeunit.al	7	a71463c5a9d052d6b9e931e1c684b47f602233a4c1adeea62c54f02a8d10f486
Test/Tests-TestLibraries/SaveDataExchBlobSample.Codeunit.al	10	80e2af53f1b2c5c7f19b23a9138c7b0d48c628f5605296a2c25de9097d9a6012
Test/Tests-TestLibraries/SendEmailMock.Codeunit.al	38	9134e9b28c97af876405c6e5bb9edede4e2997ceacb60cd75802481779da1073
Test/Tests-TestLibraries/SessionManagement.Codeunit.al	42	d20b289d566493b6405187b6093e2582e1418a62a16c941442aa4729b412db47
Test/Tests-TestLibraries/SetStateTestRun.Codeunit.al	2	533e51d004c1432dc1df2adfeb40b7c73766930981bfddd18106c013205c49e7
Test/Tests-TestLibraries/SnapshotManagement.Codeunit.al	161	22de0a4f967a349ce35b0415eea2e3d40f38a2748076a77a4365725122aa6cd0
Test/Tests-TestLibraries/Snapshots.Page.al	32	c66a83dd8ee2e687ef145c12450e31f9bb7ee1be437a7b25dab5a2dfb3a8d8a0
Test/Tests-TestLibraries/TableRelationTypeMismatch.Page.al	32	d182585cb547f613a7e55bab763ed04105499f88b3b789754530f8d21a6cecf8
Test/Tests-TestLibraries/TableWithDefaultDim.Table.al	5	e62e3f7a6eec6a8cc517ced448dba09026efd00e7920f3bfce8c4d416ee27539
Test/Tests-TestLibraries/TableWithDimensionSetID.Table.al	2	8247f06f007061817c2537a2fb235889dd5031cadfaf7b31ac1ccfbc21f5c637
Test/Tests-TestLibraries/TableWithPK16Fields.Table.al	20	a6c9636cfb0e3a82d6258f96a148e1d9e449109254ee6db8f77c135e651a166c
Test/Tests-TestLibraries/TaintedTables.Page.al	16	c5adb57270110ae02e923165a16b7f497d299df1a7cdb022d67d32b28306f157
Test/Tests-TestLibraries/TestCodeUnitC.Codeunit.al	4	1eafb64a3e8ebd16ffafac7bb309bf44a931b017af8f933131898758343bf791
Test/Tests-TestLibraries/TestCodeunitRunError.Codeunit.al	2	747dd1d2b93b929113cc68ac9d0d5f9cb0fbc4c1d8dca15312208446e095f5c8
Test/Tests-TestLibraries/TestCodeunitRunMessage.Codeunit.al	2	e960088fa4d19c97bc9a6cea34edf8ac5af79aeab7bbd97fffad9930db75ee84
Test/Tests-TestLibraries/TestDataErrorHandler.Codeunit.al	7	b4912e6a8f945422a0c1d376c2d11704bef69cde3785535975d16e3418d3ad8a
Test/Tests-TestLibraries/TestDataExchDestTable.Table.al	22	9cabfc875d72db09b55427826032497b52e7f6878102de3161b9542a791e8af6
Test/Tests-TestLibraries/TestPriceCalculationSwitch.Codeunit.al	14	a26f4a905504a4fea62aef57e738ed38e4032aab28fbaea7e43d3bb76333826d
Test/Tests-TestLibraries/TestProxy.Codeunit.al	15	d255b63d448d56fbc6dbf293487fe0d33c34966076fd57786444b918fca923b6
Test/Tests-TestLibraries/TestProxyNotificationMgt.Codeunit.al	34	0bdbabf81be0db3183dfb948fd2dac9af3d224850985a8625adb514c8b75f3bd
Test/Tests-TestLibraries/TestProxyNotifMgtExt.Codeunit.al	3	825158597580a208f30d35e7bcb50faa826eca6971627ac73b5ecf382f78153c
Test/Tests-TestLibraries/TestReport.Report.al	4	a7a63ef9c707a77d4586b444d809cece8a045f1e3150f627af39c11fd1eeb04d
Test/Tests-TestLibraries/TestVATContent.Codeunit.al	4	885eff7472f2825026e4616be6348e6767b5d9dfd95e5ea60b16d8b62419898f
Test/Tests-TestLibraries/TestVATResponse.Codeunit.al	4	1a69300c39eb73d5ca0b6c7790140199b6a6ff16b1fae5cf7089bb170c884730
Test/Tests-TestLibraries/TestVATSubmission.Codeunit.al	5	025456c18989b0ac2ef0c71ed672f3f21016ce5c7cb17dbca354b850d01a0312
Test/Tests-TestLibraries/TestVATValidate.Codeunit.al	3	d2f511272b6665bf9f51e9c5b119cc06632f7dfa97be337b760b63ad4cec897a
Test/Tests-TestLibraries/UpdateParentFactBox.Page.al	10	17ccc62a43c0d179017bfc2ed3f2d0c129cc2a64f651c356aaecb7e9868ea5c4
Test/Tests-TestLibraries/UpdateParentHeaderPage.Page.al	32	baf08097bb63b5a0206d6532f9f9290428d026aca8aa322a8dd2708cf1034034
Test/Tests-TestLibraries/UpdateParentLinePage.Page.al	19	6146bab18936fcf9c549c0db150b7f4753bb97bba0eea43bcb4921ead7618b41
Test/Tests-TestLibraries/UpdateParentRegisterMgt.Codeunit.al	51	91f5c5efc89f30ae23e336ed8c6079be104150c8609a9273c116f801747f1f04
Test/Tests-TestLibraries/UserSecurityGroupFactboxes/LibraryUserSecurityGroups.Codeunit.al	3	f764d7bcffb6ebd485d6289aabe319cf49bc3259583d70888f18973e71131b7a
Test/Tests-TestLibraries/UserSecurityGroupFactboxes/UsersPBTTest.PageExt.al	3	ec9a92c71cfded5bae2b8b6a1b8d5748408161cc4bf25912826ca7a9781b7f9c
Test/Tests-TestLibraries/WebhookHelper.Codeunit.al	6	8d52d38dc518c0c2f1fdbeb4b670cc48c000dbbca1a142755d7416a6d01814fe
Test/Tests-TestLibraries/WebhookNotificationTrigger.Table.al	3	c0ceac8ddc23ceb8855a1ca206b11b3bf92fbc80fc3b79c79ab3440008e92b37
Test/Tests-Upgrade/CRMUpgradeTests.Codeunit.al	47	08631bcfc14dec200e208448e65e7e69bda60c4eda5e29a3aa159472823d9e29
Test/Tests-Upgrade/DataSetup/BufferTables/UPGIntegrationTableMapping.Table.al	7	f6751eb784d983d0695c8c0c99e15c6db40da86c7ffcb0b82bc0bfa081449d69
Test/Tests-Upgrade/DataSetup/PowerBIUpgradeDataSetup.Codeunit.al	88	3a2086642612cbcec124f3f44faafc75ad7cf6635709a221838b6d15e0084055
Test/Tests-Upgrade/DataSetup/RemovedTablesDataSetup.Codeunit.al	10	c6dcdc04fc30797ac55eeaf2b1965acc445b9aa7d0f984652a862ea56a58be54
Test/Tests-Upgrade/DataSetup/UpgradeTestDataSetup.Codeunit.al	16	885298c6f5c15433310dab81f9d706f10cefe97e8f22a75f7505732c75f83572
Test/Tests-Upgrade/Framework/UpgradeCodeunitDataSetup.Codeunit.al	10	2ba9724ab4b5465522cfeb296e06bd33538ee38b0f0e3c8a1aaf8322d362ea53
Test/Tests-Upgrade/Framework/UpgradeStatus.Codeunit.al	21	dbd4c0a88a04b4ae00e6b46d19bfaf18b80322834183a313ad3a867a274afcc4
Test/Tests-Upgrade/Framework/UpgradeTestDataSetupMgt.Codeunit.al	20	8d5c9e3dc0b6bd0ba25dae32441c950ea956da451fb9f2bbf036ceb8eebbfc3d
Test/Tests-Upgrade/PowerBIUpgradeTests.Codeunit.al	14	51ff9b86c16b71436d4d0e9f8be7ab816b0934d8e8c87ccb3e73f4922366c1d6
Test/Tests-Upgrade/RetenPolUpgradeTest.Codeunit.al	48	55899e959d0840c45343773a600a19c29bf06f2d0c55cb90d81f1f4651162c46
Test/Tests-Upgrade/UpgradePrivacyNoticesTest.Codeunit.al	5	11a9ecab110334d8ff8ba9830db5a01f6bafc2f35a9d505db34dccc575af6ac5
Test/Tests-Upgrade/UpgRefsToRemTablesTests.Codeunit.al	6	3e865e25464b84eafdf6cc6bf3dd3381689e13a1cfdb5d42d3a81ec756191748
Test/Tests-User/AssemblyBOMPlanbasedE2E.Codeunit.al	108	13d663b8d5caa0653ff20fb0ca453a3d68fb80a8abceb8688fe8c0345c6ee1f9
Test/Tests-User/ItemChargesPlanbasedE2E.Codeunit.al	397	fde25a17de500d4c16202009b87c29c6a4bef7e94c3d8cc27b637728b9048766
Test/Tests-User/ItemCostingPlanbasedE2E.Codeunit.al	301	47fac3df675d392ae3833b2d9e5eede149d1ac6ce941a0272b2e1d7448ebfe02
Test/Tests-User/LocationTransPlanbasedE2E.Codeunit.al	330	133bf115ed2a1cfa7711b746328162fc5cf43694069dc23de93b7d388a7f4c6d
Test/Tests-User/LoggedSegmentE2E.Codeunit.al	82	e3b5a06f6fd0b22a58c2ccbc0d81ffb27c5a4f2f8962b3a73ac819d2cb65163b
Test/Tests-User/PurchaseQuotePlanbasedE2E.Codeunit.al	119	f856b027b8652fcc915a0223340fe2f8f11101e4df127d6895a4a18ef85e7d52
Test/Tests-User/ReservOrderPromisingE2E.Codeunit.al	227	ed490468106344d44a67f5f9c5c69ef31fdaf3d232c9f3db7de006994360946c
Test/Tests-User/ReturnOrderPlanbasedE2E.Codeunit.al	232	54db2942ee5635a9165fc030f3db170473cd1b3972d509a6c19aa96188241e69
Test/Tests-User/RTCAdminUserPermissionSet.Codeunit.al	38	cf94afb2380f1f43ce2407ed272e2ebe30c70120c070282c592f20e296bb36b7
Test/Tests-User/TestUserTasks.Codeunit.al	171	df520fb3f3f1e57bf7e21670b3f5094a1934922c90f20259a1c4e9791d006313
Test/Tests-User/UserListTests.Codeunit.al	34	669faa117c8f27fc719ee50ea4494a0ff1a4e693362d59dae6d4147617095f9b
Test/Tests-VAT/AltCustVATDocTests.Codeunit.al	468	216195d3dd0f6059fa99b314a6ac164154445ede35f15a8efce6c67855989d42
Test/Tests-VAT/AltCustVATRegCheckTests.Codeunit.al	120	80ac7cc370bfa886f4400c19d6e8373519d4dbaea2464e0bd7b65d45a858cf3c
Test/Tests-VAT/AltCustVATRegSetupTests.Codeunit.al	191	d5b7cf0d1914308d1d2eeed54990910b8a0fa73bf3936b3940587d94dfc9fa50
Test/Tests-VAT/AssistedSetupDemodataUT.Codeunit.al	24	bc16be7ac81673a6b966b36e44c036aada42b441b4906bd86b0924bea8d5fa71
Test/Tests-VAT/ERMChangeVATOnVATAmtLine.Codeunit.al	355	1ceaaaec5ba02f0f4cfbdaed2fa4275486b569d6cc348acbced138b1793c4e8e
Test/Tests-VAT/ERMECSLShowVATEntries.Codeunit.al	52	8365ae2be3fdff2bea47dcfd2956771e901e2ca28897070a192f2c998f43dd85
Test/Tests-VAT/ERMGLVATReconciliation.Codeunit.al	87	5e2b65accddb63f3b85c0cb2daf07949a32686787ed99078946479d162fe9b61
Test/Tests-VAT/ERMInvDiscVATSalePurchase.Codeunit.al	1077	4b35faece286cb04f2a604ad71f49b3a164602697e1e696640a387bb5f20862e
Test/Tests-VAT/ERMInvDiscVATSalePurchII.Codeunit.al	500	bd8d92629f815fbf9993a7ef17944e2a86b3e67f036c1b329a2cd25a305dd407
Test/Tests-VAT/ERMPmtDiscAndVATCustVend.Codeunit.al	678	f782d25f3f4dd4dcbfdc80538dc04e65707be005675e084363a75b67b43db143
Test/Tests-VAT/ERMReversalChangeVATAmount.Codeunit.al	113	667ee495f6683f1c69befa1906933096883135f65b3962f03699cdad81e0ae8f
Test/Tests-VAT/ERMReversalVATEntries.Codeunit.al	120	f56c9a655adc3b851d14dc50245e79aa942fccd6da45bdd70ca08748afa0b101
Test/Tests-VAT/ERMReverseAndVATSettlement.Codeunit.al	548	3ea9e9cd97b6c899f3aae77061fed1b3c889a882caf72e53ada8c1bc479b0a04
Test/Tests-VAT/ERMUnrealizedVATCustomer.Codeunit.al	1102	f972c48e66fe34650d6c670d9ad532c20d0e17e4c7c25b99debbfa930052c64f
Test/Tests-VAT/ERMUnrealizedVATVendor.Codeunit.al	867	d84568f67adf56dbe6ffc5415b88307c6e1a768374ec691c3a43768d6b87904a
Test/Tests-VAT/ERMUnrealizedVATWithFCY.Codeunit.al	480	4901715dd74638411970f232c28250b463e6a15749cf59192d5b8bcd259f9b58
Test/Tests-VAT/ERMUnrealVATOptionFirst.Codeunit.al	556	baaecc3ce8f584d906671951ade8a7ffff31cb392f100c6a6eee8a2d969ced0c
Test/Tests-VAT/ERMUnrealVATOptionLast.Codeunit.al	573	90d997a25bc36a7805eb70061e90203bbd35f5eb50bc5f9fc67da81706a6ac2d
Test/Tests-VAT/ERMVAT2010.Codeunit.al	137	c386dd1985125f1f26669a9dbf4753703f2b1f7afbc05f5f4f31c9e141c5e1e5
Test/Tests-VAT/ERMVATOnGenJournalLine.Codeunit.al	437	6a9621af5604b3256022eb7364faf8541a51c1062056fb51880e87cf8bc7e24a
Test/Tests-VAT/ERMVATonJnl.Codeunit.al	466	d4597521b069a4b8ecea3aad578e60f11bc89e6184adf075363a5b1dd7aebb98
Test/Tests-VAT/ERMVATRegNoValidityCheck.Codeunit.al	754	c3121735518d27e81f0af34370fb4f7faf5c30e3d62143c7fbcdc7f612344df8
Test/Tests-VAT/ERMVATReportLineRelation.Codeunit.al	59	964fc135197d5fe1c10f32b5524028c663557377d52ae1d5b09870b36f7602ae
Test/Tests-VAT/ERMVATReportReopenRelease.Codeunit.al	76	e294cf0b379f7cb2c1bc86001afc86a404d3019338473d74bf083c4bab3d6a98
Test/Tests-VAT/ERMVATReportsArchive.Codeunit.al	24	ba9932480c0116a2602171a4134948d65f45359eb6a3189699114a13a5387352
Test/Tests-VAT/ERMVATReturn.Codeunit.al	499	5fa710dc3dd13380619f096b99ac2b412a41bbc1d8b884db7aa04683823fdaf4
Test/Tests-VAT/ERMVATSalesPurchase.Codeunit.al	3306	bd3f30b685c52633100f70d485f1c6708e479e1686758c9f726f57e660cc316c
Test/Tests-VAT/ERMVATServCharge.Codeunit.al	431	1ce86e19c5889fb6863d012994d61b5edd19a4cc4fb604b4d6e1154c37af3e3e
Test/Tests-VAT/ERMVATSetup.Codeunit.al	625	1f8acf5e44ce2b987654dceccc889e45760cd3f782df4b7d7ef163b370bee68c
Test/Tests-VAT/ERMVATTolerance.Codeunit.al	689	2a15c066b2503eaff80ea097b6a6f0291355257dc968aacb7ed002f6022b56bf
Test/Tests-VAT/ERMVATToolErrors.Codeunit.al	149	10e1d72741fbdd1338ed1722376b22e903cd1eb3df8929582fe26fee2a8c6021
Test/Tests-VAT/ERMVATToolMaster.Codeunit.al	739	570c23d8c5cb1e6e3c529f179151af78da1f472204e8deecfbd5c2cbb8aac5ec
Test/Tests-VAT/ERMVATToolPurchDoc.Codeunit.al	1310	a4ab004f555244dbc1be0e3bfd0f5afb4cd47bf7ac3037d70c626171d46d0881
Test/Tests-VAT/ERMVATToolSalesDoc.Codeunit.al	1541	18d65b8439d0e8fd7dd4f7afab0e1581798c0f1e7933383f6b8b81b0b791c5c8
Test/Tests-VAT/ERMVATToolServDoc.Codeunit.al	799	02975f35e77a07f26b29a1d7aebd756ab981f08d0673b647f87d62758fb9cabe
Test/Tests-VAT/ERMVATToolUT.Codeunit.al	358	49cd82b36254c0dae9bc9da6f550af185a8cd741fe7dcb4b1ffe2258c647fedc
Test/Tests-VAT/ERMVATVIESLookupUT.Codeunit.al	826	a7b671808d52eb5287cb63addf301f944cad9445e26aa16579f117ce48f3e892
Test/Tests-VAT/NonDeductiblePurchPosting.Codeunit.al	490	103b7ea8b59e9883d7a4222b46f969eb8114f7cb11393b8720387f9aa45712f2
Test/Tests-VAT/NonDeductibleUT.Codeunit.al	264	18366012c23fb3b76a4de4754371802f583234310c4f0c3ac2e492f6d18aa15c
Test/Tests-VAT/NonDeductibleVATJournal.Codeunit.al	153	dd9a0e43aba04d7b1580a0195678b802e8af06eebf2d20c595441e28d002310f
Test/Tests-VAT/NonDeductibleVATPmtDisc.Codeunit.al	212	8deec60646f8fae0340b7fa7c5a838150f2db7f535f32d314adaf7f69be7cac3
Test/Tests-VAT/NonDeductibleVATPostBasic.Codeunit.al	172	8213744af7fd817e1ee75c863901f2f9bc14398818890c7e524c75ee8b1d225a
Test/Tests-VAT/NonDeductibleVATReports.Codeunit.al	237	812349144f3986737c888f813aee2bf00da1f1cc1a314fc347ba8c3dcd7097e6
Test/Tests-VAT/NonDeductibleVATStatistics.Codeunit.al	419	a8148fecda6baa87cef53d5be72446daed8c9127be5dd77d7f3a7db5b50be4e9
Test/Tests-VAT/NonDedVATCurrency.Codeunit.al	127	69822bee0cdc1abf2b9bf8dc3edcb99146b23c76b9b7773e717584af27f6958b
Test/Tests-VAT/NonDedVATMisc.Codeunit.al	879	f029f4d0d0c633c0daf9a5b1c20cebdf93869fe2de0408a8207928b5006398d4
Test/Tests-VAT/ReportVisibilityTest.Codeunit.al	193	9bf568b7f74efc826995cbdb7ae5dc92ad6d833ec3d2cb89bcbad6232dd28408
Test/Tests-VAT/ShipAltCustVATRegTests.Codeunit.al	63	f2db58603b8faec1138825c2d259ab2f201211b537abde90fb6bd655f3395fe4
Test/Tests-VAT/UnrealizedVATPart.Codeunit.al	307	5bb6dcc6fc9cabbd904678d86a36c026ad7cf20362c5b505ab401d6d991e8636
Test/Tests-VAT/VATAssistedSetup.Codeunit.al	358	b1805c47fc085a3f0051c2e2de00fe621e94433517c4a302eaafc9d541d1a836
Test/Tests-VAT/VATReportUT.Codeunit.al	116	1b6112287b8850971b4f9c0546225cfad7cd564076d78c0766b61ff5dafce80f
Test/Tests-VAT/VATRoundingTestBug30865.Codeunit.al	180	6ed37182f8f6e20e71a1d08eb4773d1b88f8682e1841e18bd49a73fd49a391ed
Test/Tests-Workflow/CopyWorkflowTests.Codeunit.al	209	084b6b3507d11d8f0be5b7f5a6ca43df8c793b876dfe6ef9f034638e218d7570
Test/Tests-Workflow/CustAppSetupWizardTests.Codeunit.al	158	536b0fb0aef6d1fa0d6fa822e784eb56851ad0e3b3ec3e3e9bbac964ddfd9d39
Test/Tests-Workflow/DocumentApprovalRequests.Codeunit.al	261	47be73ca2a913749477cad48da0e19199fa2f1290908831652ac8a2b3bcae5a4
Test/Tests-Workflow/ItemAppSetupWizardTests.Codeunit.al	158	e01961456ca81eb6d81a3d5c21a90ef8f22a2d8990cb1b2c14d9a7f6e9cd2d5c
Test/Tests-Workflow/TestBackgroundPosting.Codeunit.al	393	339eb90c2f24f9761ada31e8059bfa8fd75f33493842cf250b01ddc91e300129
Test/Tests-Workflow/UIWorkflowFactboxes.Codeunit.al	126	af90970c9708d3d80b44f753fae6c47234ce716d79754bf5d320e5a363fbc295
Test/Tests-Workflow/UTTimeSheetsApproval.Codeunit.al	185	3010346d1eeec3fb495cf976882d5e267952acaf91eda365daa7d67e672c2e01
Test/Tests-Workflow/WFBufferTablePageUT.Codeunit.al	200	72f7b7fceaa460ab7158abe702e88a34d2491e994e76f507d4db76f61af83f71
Test/Tests-Workflow/WFCreditLimitExceededTests.Codeunit.al	47	8f90ffe8b50cef645a955a54aaac6d40753c492e110fb9adcab9eee1c46d0c33
Test/Tests-Workflow/WFDemoCustCredLmtApproval.Codeunit.al	474	a33177ce1a2035a1ef93081e5af722b1a19bad2f96d336bd6851d9dfc09c9d23
Test/Tests-Workflow/WFDemoCustomerApproval.Codeunit.al	344	d0778cd3e308c94817e1ce9adec92b914e80bf09fba632f9f084a9f21ab38fa2
Test/Tests-Workflow/WFDemoGeneralJournalBatch.Codeunit.al	631	bc407b5e588fc074fcdad1d62fdcb9a52ad28cdb8839a20560852fa3e8f5e0f8
Test/Tests-Workflow/WFDemoIncDocApprovals.Codeunit.al	398	7dd14936a2b8a2531fb47198d8d72a3344bfb793784f1a7fbe8a8b6dcd4218d3
Test/Tests-Workflow/WFDemoIncomingDoc.Codeunit.al	71	67f8cda1b02398fa97378627b9c355e815783bd9e0bc285647e7dc12f8d0b2fe
Test/Tests-Workflow/WFDemoItemApproval.Codeunit.al	175	ef7038b8d9d8201cfbe444ea76349173d818ddfce953903aa376c43f2d26cba9
Test/Tests-Workflow/WFDemoItemUnitPriApproval.Codeunit.al	454	bca01f07bf8cf4dc65879f1d49918c50db5dcb46e880d01501eec74f30ae5d91
Test/Tests-Workflow/WFDemoOverdueNotifications.Codeunit.al	133	9fa8413e71ffce39e269bc57fe7f216f0158ed3d8647854f9386cdce399c1584
Test/Tests-Workflow/WFDemoPurchBOrderApprovals.Codeunit.al	329	f3e6d72981b37ebd11cfeb7c9c29659e57211102d9459819b1aaab70f2fe54d7
Test/Tests-Workflow/WFDemoPurchCrMemoApprovals.Codeunit.al	375	153ca5b72243029c2ad9de79f09a90eff1dc6877add92b4784352c0511f3217d
Test/Tests-Workflow/WFDemoPurchInvApprovals.Codeunit.al	472	c791987a40edc8e4a51f4defcafe71b0242f52519165807973ccc5949dc343cb
Test/Tests-Workflow/WFDemoPurchInvoice.Codeunit.al	173	1e02a12b64976b8fb3f20e407cf6f2e46f0df73bc59ad2ac7e4ae0bb26df3283
Test/Tests-Workflow/WFDemoPurchOrderApprovals.Codeunit.al	508	5235fb2093bf2a5739f042b00d4ed2b8654895709206ad784eb67458f3f053fb
Test/Tests-Workflow/WFDemoPurchQuoteApprovals.Codeunit.al	529	0f4328ee922b594b69cd891fedb65e9cb3f4cb22675bfbc1378dc243fe6777b1
Test/Tests-Workflow/WFDemoPurchRtrnOrderAppr.Codeunit.al	375	9b867ba4c5c1223203be20a6e24b0ee04255e66e8ff70f7340d3135b7a2b702c
Test/Tests-Workflow/WFDemoReadyforOCRIncDoc.Codeunit.al	87	190171096d79f477fd61751c33f8c10aa106b6769bbb4a17e1dca366078bc81e
Test/Tests-Workflow/WFDemoSalesBOrderApprovals.Codeunit.al	342	2ed365a5755c8ea2ea94ab0f4676edcc94531284516e07989f2c63bbc3588838
Test/Tests-Workflow/WFDemoSalesCrMemoApprovals.Codeunit.al	375	3bb79cf0ac5ffae239cc25e226d0ff3571a2a782ba299e5a261acd879b4e03df
Test/Tests-Workflow/WFDemoSalesInvApprovals.Codeunit.al	486	3332ffe0cc0441e915ee2ba4612a27a33db4280f9c07540e0a4417d07807974c
Test/Tests-Workflow/WFDemoSalesInvCLApprovals.Codeunit.al	346	73f229d7b856c3cef544498fb2cc8f120e44758e2ced9df249198aee7a02bf71
Test/Tests-Workflow/WFDemoSalesOrderApprovals.Codeunit.al	443	374f3e0bbc08d14299f0a45938de30b68056bc8a3af5015dafc7628246d80164
Test/Tests-Workflow/WFDemoSalesOrderCLApproval.Codeunit.al	339	35d9f13881c7340181cfad16171781963688fdf2ae723bcf04e495cdc1f73736
Test/Tests-Workflow/WFDemoSalesQuoteApprovals.Codeunit.al	452	24dffa57c5081583bdfc4a099b2363a21656d6f454b7e6455666c218a72407bf
Test/Tests-Workflow/WFDemoSalesRtOrderApproval.Codeunit.al	375	8a6fe2155d8368f2925a4a94a0adfcd5131a24b32c4e8a42aa837bb1791493b0
Test/Tests-Workflow/WFDemoVendorApproval.Codeunit.al	271	5515ff5e676a306d7be961923339c5b9fe3b871783a6471f813973ffbb79bce2
Test/Tests-Workflow/WFNotificationScheduleTests.Codeunit.al	244	d22715fbf6739c275f198474e39093dd0202e19f055de538957209e4a24034b1
Test/Tests-Workflow/WFNotificationSetup.Codeunit.al	12	e0cc2ae7a75b7d38f3bb4b172d65cc3e5c3c517034024b6e9e9eef1f55e17a5b
Test/Tests-Workflow/WFPartnerExtensionTests.Codeunit.al	44	c6c9992bada9c236751694bfaa7652c3fd3d2100b5d87ba639cc809a3ab12d61
Test/Tests-Workflow/WFSupportedCombinationsTest.Codeunit.al	392	b6732f2517c54ead8e1b4b752b0c991271e6ddd3902af44a6d9a5c99c3a5bfd9
Test/Tests-Workflow/WFWHCustomerApproval.Codeunit.al	196	c9833853975631db8a5bf44d6cbd518405aa56be912a5c0f76724b38fa778277
Test/Tests-Workflow/WFWHEntriesTest.Codeunit.al	115	69c0593cf9cc71083e63aad8627b05e2bd42c1c47b86e708fe911848039afa83
Test/Tests-Workflow/WFWHItemApproval.Codeunit.al	160	58e62fb49134666991088d77a93b9f8718f442c7b5fbd7f3bc3c35fdba004b0b
Test/Tests-Workflow/WFWHNotificationsTests.Codeunit.al	88	d721b641a22f2f1b9c2ac5bce48f44ff8a41691958762460e9866c6e035d86cd
Test/Tests-Workflow/WFWHPurchDocumentApproval.Codeunit.al	319	ac1a790fbba9c57de4b3e9d006600fe36201179b8cfec3d15384153e53f5b839
Test/Tests-Workflow/WFWHSalesDocumentApproval.Codeunit.al	366	f3a5d73f9813c4838ebf152f468a7bb3214e528e0ed082b5ac83af859295c2c9
Test/Tests-Workflow/WFWHVendorApproval.Codeunit.al	175	8b8b9eb5fee8455f04ec589c31b1fe2f239f4ef21d2747a32c9ef13b80305c2a
Test/Tests-Workflow/WizardTestPmtJnlApp.Codeunit.al	105	931817d909a8700fd7094ad7522dd4f651fab529592c26e093e31f04394dacc5
Test/Tests-Workflow/WorkflowAdditionalScenarios.Codeunit.al	341	697872c9f6f43b1082b5ddb6b9288b563f4c5b772eb45e022a6e5e83e1179cbe
Test/Tests-Workflow/WorkflowCondEvalTests.Codeunit.al	168	29df72677be1011de93c1684bca522348b5c4572100dba2aae02fced9b04fbf9
Test/Tests-Workflow/WorkflowDeleteTests.Codeunit.al	189	fcce2bbf9e6551bb566ac56cceb6fcc51f05a13c6fefb35f43641e2b0aae2fca
Test/Tests-Workflow/WorkflowDesignerPageTests.Codeunit.al	406	9fe4b3450fe462c3c90b9e1afc6268ca2ae5827ecb9a77d8580015144dc18395
Test/Tests-Workflow/WorkflowEngineUT.Codeunit.al	955	6096322c44c2209e0f8200d509b184610ab951ca333aa3dd9572e4a931412f3b
Test/Tests-Workflow/WorkflowEventArgumentsTest.Codeunit.al	469	c9b52cbce69ba3f8021f11426a78e9b816776d4fd194b2490f2fb4c034a307d2
Test/Tests-Workflow/WorkflowEventResponseTests.Codeunit.al	201	bad9bdbedfe6522e88adbca5d4c527e9738b49a6bc78668f2a1080cb7fce2c1e
Test/Tests-Workflow/WorkflowImpExpTests.Codeunit.al	344	f911dd43b83b88ba7890d364debaa1dc73e00dd07a60388eaf35c72896358a4f
Test/Tests-Workflow/WorkflowNotificationTest.Codeunit.al	1246	b2e0ead6cc0e8a60c3ee96b3dcf65a5ebc9573cdc4f9a0e1bc213fb470288de3
Test/Tests-Workflow/WorkflowOverviewTests.Codeunit.al	181	1148dd3e313f6cd9eca24f98b0ac236944365d60f414c9f10f8a82987b3a87fd
Test/Tests-Workflow/WorkflowQueuingTests.Codeunit.al	27	f9f155983377c75d016a10d8b4a87f61f8b275f098a39218fed435df23b8d152
Test/Tests-Workflow/WorkflowRespoLibTests.Codeunit.al	1650	017106be60d256cfb34fdc6ec890ff3fb121a35a378d3b8d21c6e22845003a03
Test/Tests-Workflow/WorkflowRuleTests.Codeunit.al	294	9525937cd4eae77f2a720b9b7ca4b76a600bff89bb445e61d0b0f4ac20f33c20
Test/Tests-Workflow/WorkflowSingleServerTest.Codeunit.al	39	c652e34f5daea67a35adffe7560096cbb47cd6755d365d98d5853e6d48329ad2
Test/Tests-Workflow/WorkflowStepBufferTests.Codeunit.al	530	12a00807cf720bde1b5e5d9d5a348890299f993c06bf91d79fc9c0ba1727cf51
Test/Tests-Workflow/WorkflowTriggerEventTests.Codeunit.al	508	567ae6f05d64e88f78e4ca1fc96eab3f8b9f59d5bdd02d20570a45146ec8b712
Test/Tests-Workflow/WorkflowUITests.Codeunit.al	781	0aaa2c7c1753cc47a38897afbe1b1acff06fac9cc82948c46373a6dc7bc29c3c
Test/Tests-Workflow/WorkflowUserGroupTests.Codeunit.al	19	44d16f09110098da70920036058233614ef9fd0b058c8d0184a32a4c60aff48b
Test/Tests-Workflow/WorkflowwithSubWorkflows.Codeunit.al	480	4238831114a1f14c270097dbff0ec26b93921bb97ccd7a82bd098015e63ecdb4
