# corpus dc set 1 symbols [BC20,BC21,BC22,BC23,BC24,BC25,BC26,BC27,CLEAN27,CLEAN28] hashTargetSource bfd5f11c8a92b254b08ecd2b90887e1cde5d611581ece6cdab92bb2f34c0ffe7 git 5d1bf414225459aff9e447158b139c6d1702bcc7
.dependencies/DC/Codeunit/CDCAboutDocumentCapture.Codeunit.al	47	5f3a50629d8a0adf696c7e5ef03c927e723edbf3f419dda334748a15a833a766
.dependencies/DC/Codeunit/CDCAccessMgt.Codeunit.al	15	f2d83b9bfa1ebdcc19064d7d8d5bd3b73dc6bbec1a3a12d00939d07d612c2d0f
.dependencies/DC/Codeunit/CDCAdvancedAppvlManagement.Codeunit.al	830	660fad56481cf2accb3293405323ee0b365c9344cc6ca441d13dbc8d4ce25911
.dependencies/DC/Codeunit/CDCBatchDelegateDocuments.Codeunit.al	14	3bb6b856652005fa5bc2725a8c79dd12871ae53c9b174296df0fb60efd6580eb
.dependencies/DC/Codeunit/CDCBatchMatchDocuments.Codeunit.al	15	3060a9d1ba9c68de2722f849abd2d8ca93eeb919587029295838e2bc7a84a725
.dependencies/DC/Codeunit/CDCBatchProcessMgt.Codeunit.al	7	7fdfc2f13e20021729e577fe73456ae104a28db4ef23afc08f33ae1bfc6a49fa
.dependencies/DC/Codeunit/CDCBigStringManagement.Codeunit.al	35	a5b32e57462900776979f2a9e18f866d945daee30c742d9a7575ba2d7156dd1c
.dependencies/DC/Codeunit/CDCBusinessIDMgt.Codeunit.al	254	3b28641a8e323bd3ae3b8de4f9de9cd8bbed3923e807ad719038b323af0534dc
.dependencies/DC/Codeunit/CDCCaptureEngine.Codeunit.al	1083	cf33917d1cf3d6deecd83f11eae11a21cd5eaaf18407e11681ded66fa7ef5811
.dependencies/DC/Codeunit/CDCCapturefromeDocumentMgt.Codeunit.al	236	85c19747a1ac8384fce7b3efb04ec33c7d6cedd7794a2c758d9ac71d7cf9525e
.dependencies/DC/Codeunit/CDCCaptureManagement.Codeunit.al	2789	b5b8a9f830a5bc46786a14dd6857d574d2ee64b0a058e5f5e7d0ec66c74ce8fb
.dependencies/DC/Codeunit/CDCCaptureRTCLibrary.Codeunit.al	456	560292d30be18b0169b1221a4b42d7fe3b1dc712766b40763776f073f2cbd57d
.dependencies/DC/Codeunit/CDCCaptureRunner.Codeunit.al	8	4d1c1541863589869f5a8dd044c73cf9f38e3d2aec003b0ddd9fad0a8788fb28
.dependencies/DC/Codeunit/CDCCaptureUIHandling.Codeunit.al	389	dc9b755936c1031feaff5221291d6021f64d7e680f1c175fdc376ed3b66fd19d
.dependencies/DC/Codeunit/CDCCDNDocumentMgt.Codeunit.al	63	6eaf0d02c9c963ac0730d5083e937dffe6b72bd87ffcb657a5b93e99a7ccbccb
.dependencies/DC/Codeunit/CDCCDNProxyImplement.Codeunit.al	20	109da616864b1ec81a7e0c55149b83404d0dec8492585e2a00165434d58c4a3f
.dependencies/DC/Codeunit/CDCCDNRecordIDMgtImplem.Codeunit.al	4	ddfea7fd9de82967e1360b35676df66eee1ac382aa01118417cb9d961cc807c9
.dependencies/DC/Codeunit/CDCClientAddinResponse.Codeunit.al	94	ac953b338504aec1c5cb1c999e57bfbe100ec6912da83f15c6411612a0cd33f8
.dependencies/DC/Codeunit/CDCCompanyTriggersSubscr.Codeunit.al	1	78251fe1d9023c5c4ed6aa87fc90877df0f7f4422cb1d3352d8934123f5a7ba9
.dependencies/DC/Codeunit/CDCCompSetupSubscr.Codeunit.al	8	17c9e613b12ea600db743a216c425619b1bfa030c9f9f238b9ec2071cd8dd1df
.dependencies/DC/Codeunit/CDCConfigDownloader.Codeunit.al	11	2f1f343150a39b84124e8c076f10de38d3eb2c13fade56df2981edb150f6adc9
.dependencies/DC/Codeunit/CDCConfigurationMgt.Codeunit.al	256	f96ba8f0ab81475613e7349f1ceea256bbecc1383622bc50f97030dc457c4e89
.dependencies/DC/Codeunit/CDCContactCatReopen.Codeunit.al	21	2b755943f1fcbb00adc0a57d77b8e6eb9851409a2c34a247f06300025911aaaf
.dependencies/DC/Codeunit/CDCContiniaConfigMgt.Codeunit.al	1180	b92d5443f61e63b2a8eea0d0c8a513df7da4669901e47d30c8143eee1f04c413
.dependencies/DC/Codeunit/CDCContiniaLicenseMgt.Codeunit.al	118	8075cd90cea040a6b3676b7a2816aa927e9062f03d67ad0571395c746f3816bf
.dependencies/DC/Codeunit/CDCContiniaOnlineLicnMgt.Codeunit.al	15	265160bb40b7a19b454f6b867db15f3e51bf3aaf7bae25c3699c921b92486f31
.dependencies/DC/Codeunit/CDCContiniaVersionMgt.Codeunit.al	2	4dedc6f3a926f9cfdf95f1daa4af06468297c2d8f558bc2eaf9d0eb0d35176ae
.dependencies/DC/Codeunit/CDCConvertTemplToeDoc.Codeunit.al	182	5b36f578d69df643734288607ef21fd7030006563cd5d1b4defa3ab34ccf7242
.dependencies/DC/Codeunit/CDCCoreAssistSetupHandler.Codeunit.al	31	f92bcedc4b8ca68d28cb700d941686547ca441f60bf23998fccd894d6f557354
.dependencies/DC/Codeunit/CDCCoreWizardSubscr.Codeunit.al	29	a3f968ed30814a603992a68c7fff80dcf7ae39d7e692e8b88b5a57e4309d35d4
.dependencies/DC/Codeunit/CDCCreateMasterTempDims.Codeunit.al	64	1fca2a411bcb3400d30c936b99409253ac9480854901430afcba2e04f0fcbad9
.dependencies/DC/Codeunit/CDCCTSCSEventHandler.Codeunit.al	37	6e9750ef83d2230766f6fcff3807b0d9f059503e597353fb7e90d4bbf0a36a08
.dependencies/DC/Codeunit/CDCCultureInfoMgt.Codeunit.al	81	9cc5f8f9933b9ed7f59a0712f8ec30550b6d6419fc9b8ba0f5a5a6431a80359d
.dependencies/DC/Codeunit/CDCCustomColumnMgt.Codeunit.al	117	882f38a6e8401ce8db8fbae7a67ba133ef77121019685b8b7cc90cb86bcc61d2
.dependencies/DC/Codeunit/CDCCustomerandVendorSubsc.Codeunit.al	48	85a908558075d31b72f8332cae70ff8ee4740a2a2670abb6b503b2b88ee8a591
.dependencies/DC/Codeunit/CDCDataMaintenanceMgt.Codeunit.al	164	909c267403eaf44007c17dd8ebb1ef0f38d5edb2719986c18053522a0eced798
.dependencies/DC/Codeunit/CDCDataTransMgt.Codeunit.al	212	5c0a177593d9fc455a6d8b25fcac2c3921ba8a949749dd986a1c3f4b2b7f2247
.dependencies/DC/Codeunit/CDCDataVersionMgt.Codeunit.al	6	183a540b652c518563fd037e29eceaf6f65c6431bf26a5fd2cbbe19150d1e4c6
.dependencies/DC/Codeunit/CDCDefaultTemplateSelector.Codeunit.al	17	7e06d743330155f4524491491e44188a948e217435b361a03a39c78c39ffd018
.dependencies/DC/Codeunit/CDCDelegateDocumentMgt.Codeunit.al	231	da2a632aea27b9c4ac27d5762784fe217659ad8a86f08b9d25015269e667933e
.dependencies/DC/Codeunit/CDCDigitalVoucherMgt.Codeunit.al	404	bbed86fe89caeb3d3c089a1d6790895a0fc25d19da1fa64fb99344b0baa7753b
.dependencies/DC/Codeunit/CDCDimensionHandling.Codeunit.al	90	32f408c7e1c3a12952bc936f4f171e846fa1f2812a4722c30282b64c2fb3db5c
.dependencies/DC/Codeunit/CDCDimensionMgt.Codeunit.al	76	8dd248a8cee178dc69a7f90a4704931d15b4497c1078f33ec558d3894fd80397
.dependencies/DC/Codeunit/CDCDocAICaptureMgt.Codeunit.al	474	1e5deb8d624d9f13e7b7f45e7a3d7ebec0938dbd49f9741dd6ea848e0dde9a05
.dependencies/DC/Codeunit/CDCDocAICustomerMgt.Codeunit.al	25	218991ad0a972f7ad1be6b87a39641a6268c51251f6355061dba05c06a6fe321
.dependencies/DC/Codeunit/CDCDocAIImport.Codeunit.al	138	9bbb61807ba803e0abf24e20ca6fe57c84a989bf4bd9e23a22aaec6cfa19e276
.dependencies/DC/Codeunit/CDCDocAIModificationMgt.Codeunit.al	31	4192564e31a81170b737e93cc04254c893dafd21777b4470c83956e5e6bb3234
.dependencies/DC/Codeunit/CDCDocAIVendorMgt.Codeunit.al	25	6680502648d0944f2b788dd359c23c8b1605073ab643d51f9ae5214db7421adc
.dependencies/DC/Codeunit/CDCDocBarcodeIdentific.Codeunit.al	26	86e054358438f46a8423c51437de6822918ef4c6926308b0077f7f66a4f58c18
.dependencies/DC/Codeunit/CDCDocControlLogMgt.Codeunit.al	132	4f9573814bc204d78c33181664a68edbcf4f29687c81109c8e60c087ce49e040
.dependencies/DC/Codeunit/CDCDocFieldValidation.Codeunit.al	45	3dd575cc879315c9bf9444123100fee3716a1f2b487048bc37c9bbc0581d73b9
.dependencies/DC/Codeunit/CDCDocFileValidations.Codeunit.al	18	01d2c0e5df1c0a5f03f27b479a99de1f193fc26d55f4305b92eca3b3eff324cb
.dependencies/DC/Codeunit/CDCDocGenericTriggerMgt.Codeunit.al	72	346215772be262c224eca49665b1d67cb8f19042bf09eb2bb843032699397c14
.dependencies/DC/Codeunit/CDCDocImporterDialogMgt.Codeunit.al	27	a500ac0742fa251ba3ba9cf0342880e02e938510e7e096783fa25b3bdb26bc1e
.dependencies/DC/Codeunit/CDCDocMovetoCompany.Codeunit.al	680	e09070e5dc242bb976c1901c78b9bbc46c8d3495446f5091a4f63817d134af9b
.dependencies/DC/Codeunit/CDCDocRegisterNoAction.Codeunit.al	19	fc92d0c0247dd00168e90dcaa82674d75fcf1b01e2f9b7c2c5166b61b72d42dd
.dependencies/DC/Codeunit/CDCDocRegisterYN.Codeunit.al	18	fa1971082c99e7cf300610290be5c6db2a05aa8e69e919383f29e609fe642b7e
.dependencies/DC/Codeunit/CDCDocRegLogInteract.Codeunit.al	84	dad6b9030a17d675d7051c82c0b401debce72ca78a7292a745ef604c24f46605
.dependencies/DC/Codeunit/CDCDocSearchWordIdent.Codeunit.al	56	92fdfaca0bb2888c6184678767c6074882cf88a7d83e702f5116cd47ee98de06
.dependencies/DC/Codeunit/CDCDocUICBlobStorMgt.Codeunit.al	115	df18f22c2ca326c1ec2d18407f8bb23de0f6407cf75ef0e6f12d92fa34232018
.dependencies/DC/Codeunit/CDCDocUICFileInterface.Codeunit.al	174	21a330d0abeced4b09fd99d064cc475a20223c828da664f80bcf5d96c7badfa5
.dependencies/DC/Codeunit/CDCDocumentArchiveMgt.Codeunit.al	15	85724b4d76c821c7ee3625c9ffe198bd33982b2b0ba6a4ab4e4816a7d0dddc23
.dependencies/DC/Codeunit/CDCDocumentAttachmentMgt.Codeunit.al	913	b474eda37910ab0ce99b5bd00abb38156c53d8228262496b43bb91ba160c704c
.dependencies/DC/Codeunit/CDCDocumentImporter.Codeunit.al	676	b58b48e096f692c0ce888bf2985c9abca8b59d66c2900a1b99160e9707cbb7b3
.dependencies/DC/Codeunit/CDCDocumentManagement.Codeunit.al	126	16ee04037062f0f06c3c36b4c39d9545ae1e62a6318881ad7ab1bf3a870fcb23
.dependencies/DC/Codeunit/CDCDocumentModificationMgt.Codeunit.al	814	29df560be24a39ed64f5c915f05f0621330a2764d0e8601e15ba286eb571994e
.dependencies/DC/Codeunit/CDCDocumentNoSeriesMgt.Codeunit.al	26	31ed5a9bfa0f6523d85aed786a833a012aa19c7aca87c30cd0f80c86dc0cc8df
.dependencies/DC/Codeunit/CDCDocumentSearchMgnt.Codeunit.al	133	2954b8b661d152d8f7ee2a59076497ac6d18e1378b20e3968fee9f7b2abed5fe
.dependencies/DC/Codeunit/CDCDocumentSubscr.Codeunit.al	3	592d73908779c32dd98dbcbac6892f5b8c10f2e31da0d14e8e3b21ee4ba6ad06
.dependencies/DC/Codeunit/CDCeBillingRegisterMgt.Codeunit.al	164	3c26acf6f73e5d4cef005b3dce8245f354924b0cd88a9bdadc995cc0b8ceb8a9
.dependencies/DC/Codeunit/CDCeDocFindEntriesMgt.Codeunit.al	66	e5409c3920a286f209008d3b2307e5c6893e605495fa4f775b7a11dd391b2c2d
.dependencies/DC/Codeunit/CDCeDocOrderMatchMgt.Codeunit.al	48	dbc36433fc356dd811a92d594614984acf0c592d39b3eab046680afe74aaf698
.dependencies/DC/Codeunit/CDCeDocumentRespMgt.Codeunit.al	71	287c0b4f16ccf74bdc38640b037754403dfbef246040c15f56dcc12e0dd9b47f
.dependencies/DC/Codeunit/CDCeDocumentsManagement.Codeunit.al	303	aace857b129f5d4721b21ddbebcaedd5411f04b9f8e1695640b6e7a95864dbcd
.dependencies/DC/Codeunit/CDCeDocumentStatusMgt.Codeunit.al	216	77c06b9a05a47e57abf058e6c149930d3f70ca41c5239c8f360adc3fd2160ae0
.dependencies/DC/Codeunit/CDCeDocumentsUISubs.Codeunit.al	28	d3a4b352877d8abbe48413bb6e3dc3607c0fd5052fda984b6c4d41825ba0861c
.dependencies/DC/Codeunit/CDCEmailScenario.Codeunit.al	8	1cc0993babd5bf723a6493aae2b949d1c61c8b5370442b385ff6922a44d4d41e
.dependencies/DC/Codeunit/CDCeOrderMgmt.Codeunit.al	326	ff1d5d0cf8fe6a67ecdf33f7c2720ca8de5c4812b59e3899a34aaa06285f20d6
.dependencies/DC/Codeunit/CDCEventRegEntries.Codeunit.al	3	78440b878b9ad9bfdcbfdcb9ada601bc047ec6808dbf3a66226f3d6ff555a930
.dependencies/DC/Codeunit/CDCExportDocCatConfig.Codeunit.al	240	c8f2b3276b6f1e7165d112a363eed61da67baabb48dcc62cb1e8531ffbd20376
.dependencies/DC/Codeunit/CDCFunctionalAreaMgt.Codeunit.al	6	cfde095b2fcd6ec014b9ff2c44c44efffe2b1e3dfdf461c30b232956516845ad
.dependencies/DC/Codeunit/CDCGDPRDataMainMgt.Codeunit.al	231	a42e8665fc5e2cb9ca2856d23f43cb34c46cec959eb3883cdd1df762fd61b542
.dependencies/DC/Codeunit/CDCGenericLineCapture.Codeunit.al	225	95ac0371cdaede0be4a55dc407a3baf094fd91a80142de1aea952d77360ed23a
.dependencies/DC/Codeunit/CDCGenJnlLineSubscr.Codeunit.al	106	592e4e40428fbb31717fd930b760dbc3bd2814c014e85461455c506dc6f52764
.dependencies/DC/Codeunit/CDCGenJnlMgt.Codeunit.al	49	f635ffd8107b18d6ddfe9274f86badfec7fb938982256afa19196465065315cb
.dependencies/DC/Codeunit/CDCGenJnlPostPrvSubscr.Codeunit.al	6	1a0cbe38bfe8761d21f6d1ecd457079a13fb296fbbe22421030b062cd1f4b602
.dependencies/DC/Codeunit/CDCGenPostingSetupSubscr.Codeunit.al	3	17f6ba8f47f016cbd9c78fbba4ea76c469b9f9394536f58da202d190f3bda1dd
.dependencies/DC/Codeunit/CDCGLDocRegister.Codeunit.al	23	d8154c56199e3359a42284bb4eefdf553cc904031c4c847308d4799b0d09793e
.dependencies/DC/Codeunit/CDCGLDocRegisterYN.Codeunit.al	20	9bbdc5217d77b94606cce630e1dbea733f11e2ed4b45d5d330d86f207d3546d5
.dependencies/DC/Codeunit/CDCGLDocReopen.Codeunit.al	14	3b0ca2d8a80181493825d414621c003e0913ac76b1d6d15b809ce8ad4b41cd0e
.dependencies/DC/Codeunit/CDCGLDocValDocNo.Codeunit.al	7	9405fc34fbc4ca9f2c8d00c98787639b499d82ccba928e6261627cfba81bf80d
.dependencies/DC/Codeunit/CDCGlobalTriggerMgt.Codeunit.al	63	778d874c40300820688ea77948d72ddddcc614cd0f7c43681d69a3234087a8b4
.dependencies/DC/Codeunit/CDCGlobalTriggerMgtSubscr.Codeunit.al	13	cf30ffb60a60984c03c75ca74d70c20183d000a4b81ede659b39bd419455e525
.dependencies/DC/Codeunit/CDCInvRespAfterCapture.Codeunit.al	20	c77c2eec430879c29a635ec89a2af745d573044eee69d9953421838bd7d63516
.dependencies/DC/Codeunit/CDCInvRespRegister.Codeunit.al	2	144033f6cd7ebfae91bc081800e22ffa5c71d8bfe4f5a99308c93249703a155f
.dependencies/DC/Codeunit/CDCIsValidCurrency.Codeunit.al	3	881ffe38e99116b4cbcc8f5076759c2cad01d0a922c412f34630751125929b27
.dependencies/DC/Codeunit/CDCIsValidGLAccount.Codeunit.al	55	aa3164c130d1d684bc71b8d8d8278d191762453ed2616b715886569f309c9509
.dependencies/DC/Codeunit/CDCIsValidGLDocumentNo.Codeunit.al	5	5581d1866e447572254897c06a90546d5c2f4b0d9f36af8921768d78304252ea
.dependencies/DC/Codeunit/CDCIsValidGLEntry.Codeunit.al	4	3007a78a3c8795cfae504a59b29e0c29d60dec2febaa012cb977d6d1c4986461
.dependencies/DC/Codeunit/CDCIsValidNoSeries.Codeunit.al	20	a413374a438933a2a087ce4dceb6b085aa3837c4cffecf6c3da2bc57f88b6f74
.dependencies/DC/Codeunit/CDCIsValidPaymentIdDK.Codeunit.al	71	7836040ba6ef2abe54ba58f42c51fc4a3475bf3a407a117acdbb813b0962b38b
.dependencies/DC/Codeunit/CDCIsValidPurchaseOrder.Codeunit.al	2	b37aaaec898a10254dd6842bd1f0a0f4ef64a58e10762bdc93310a1af8be3ed0
.dependencies/DC/Codeunit/CDCIsValidPurchRcptNo.Codeunit.al	2	26d334298d120904acf3608d04354bf77c713fd0115ed9dcce1ead3e4de64a14
.dependencies/DC/Codeunit/CDCIsValidRcptOrderNo.Codeunit.al	8	99e2a2814150984b4f2b3fc0b8620a7df0eac6b7915e9bed13f11a65726782e4
.dependencies/DC/Codeunit/CDCIsValidRemitto.Codeunit.al	12	b508013d37fb016d8f94e7142aa766cffc8a09d6b4a7ecf70ed568738272da68
.dependencies/DC/Codeunit/CDCIsValidRespCenter.Codeunit.al	2	add8d7e8197e73a2f101c9b473acc5b54c7c0098c1e0fd2650b5b02ac0cea395
.dependencies/DC/Codeunit/CDCIsValidSalesOrder.Codeunit.al	2	dd204adb6fa5a9a4c22d615e88d8738ead49e4f80fc002fe50e85a589ae3b2ea
.dependencies/DC/Codeunit/CDCIsValidShipto.Codeunit.al	3	0143059dc9f54d85ecd6f633d752b273b17b721ef732e3d5393affd74f309f67
.dependencies/DC/Codeunit/CDCIsValidUOM.Codeunit.al	19	575ab90bc52b1778bd378f6442085d14a1ed236e2cab040bf808d6eb0b435706
.dependencies/DC/Codeunit/CDCIsValidVATNo.Codeunit.al	34	93a0e501db10b96f4f4daf8b9bf1ee52c787bfb03c9c3032ac3239d7af69aafa
.dependencies/DC/Codeunit/CDCIsValidVendorBankAcc.Codeunit.al	44	2ef90f2ec75390b7231a0b6eb9371d6c00f589636d4581b17a2fadfebf0fdf11
.dependencies/DC/Codeunit/CDCIsValidVendorPhoneNo.Codeunit.al	20	1185f901c0562d83e723240e1abd748019ffda906a98212de437266e15f22be4
.dependencies/DC/Codeunit/CDCItemChargeAssignment.Codeunit.al	48	eccefc6014598a254dd629d82007321d8b9097588b7a9dd8c3ff4852337561b4
.dependencies/DC/Codeunit/CDCLineCapture20.Codeunit.al	809	f4e38943f2128197dcb79e054b83b91620c2614dc7e3c604c028b2d1da858b45
.dependencies/DC/Codeunit/CDCLogicalExpressionMgt.Codeunit.al	233	f13693bc22f03cedcefaa38c1d3e45a267302ef5b4c5990979508e87a635e550
.dependencies/DC/Codeunit/CDCLogMgt.Codeunit.al	149	a965249ca0f11a1b95c9e4b2d673e2b78d4a3e13a83c4ead793cf36e53d4b2b1
.dependencies/DC/Codeunit/CDCLookupCurrency.Codeunit.al	4	ac599fced768f4f2e0a621661c4e54e218ec5b0c6e84d9ab3e9db6e651a33936
.dependencies/DC/Codeunit/CDCLookupGLAccount.Codeunit.al	38	a187a9ecf45559926cc74047b508e5b4820d44d8ec378cdb16382e2a23206d9a
.dependencies/DC/Codeunit/CDCLookupGLDocumentNo.Codeunit.al	10	7e1e236f851e355524e86993c8bc8bf366f1c8000ffabc27037ec268672a8ee9
.dependencies/DC/Codeunit/CDCLookupGLEntry.Codeunit.al	9	15a96c5a944216358db85084dbc594ddf9472393e978b661fa4ec82b2bff0060
.dependencies/DC/Codeunit/CDCLookupItemUOM.Codeunit.al	8	0af20e4b904436c2446c243fbab4bf205309f040a576c2a47a4ae00162ad208e
.dependencies/DC/Codeunit/CDCLookupNoSeries.Codeunit.al	8	eb25df4a5924450969b369b3b56be0eb936a423636294db8dd3dd9b5c97e45de
.dependencies/DC/Codeunit/CDCLookupOptions.Codeunit.al	12	b333e1d0d39cd5e67e3abfe16b0f613b67721256cd702852c2d04a9d6e761635
.dependencies/DC/Codeunit/CDCLookupPurchReceipt.Codeunit.al	4	1f83b7debd5c958242e14982860f8880428184d1df834c3939afedfdd6cc0d2e
.dependencies/DC/Codeunit/CDCLookupRemitto.Codeunit.al	14	9ef1a32ad60e478d7f4163ee4736c2bdf96127eec9e95e94707622350ad47f72
.dependencies/DC/Codeunit/CDCLookupRespCenter.Codeunit.al	4	54f31b3732d497480a768cd18009f848777a94d145ca59124db7c9ec6ded7175
.dependencies/DC/Codeunit/CDCLookupSalesOrder.Codeunit.al	5	3b85cc750f31bc0e11168cad145a760bf5d8c207f4c53396b8ef39022da7d47c
.dependencies/DC/Codeunit/CDCLookupSalespPurchaser.Codeunit.al	4	c72cc8337916e412a6ccf77480f6d21b97b172c36404437bf88f818511f4b896
.dependencies/DC/Codeunit/CDCLookupShipto.Codeunit.al	5	5410eea73f15567ff25d2fd17fc3f8d6c9bc666d530826ffc3e53e9d65a4f89c
.dependencies/DC/Codeunit/CDCLookupXMLAttachm.Codeunit.al	6	9a7ef84384730df3efcc99c929622892f0a869811114b8e75682343c32a68e14
.dependencies/DC/Codeunit/CDCMasterDataMgtSubsc.Codeunit.al	36	c268ee77accf355337f614190733fcf9869c158c086d8656e6315b599f309135
.dependencies/DC/Codeunit/CDCMatchTrackingMgt.Codeunit.al	609	3505381c00e14b181e6bc8c144920b4d6d77ee4d298ad40e4e2ead02f85afc4e
.dependencies/DC/Codeunit/CDCMessageBusSocket.Codeunit.al	12	6ebcd4b842f9c00f6b0f2a7556f9ad3fa5ff3869f7af60284ab802bbc03b92e1
.dependencies/DC/Codeunit/CDCMessageCenterSetupMgt.Codeunit.al	633	13b14ab7eeaacbe930839a9095d4c14e76746fb88d5580ac9473596ba7e5e57a
.dependencies/DC/Codeunit/CDCMessageHandler.Codeunit.al	11	cb12f6c6d6b203f576f188b314df1e94e574c4d79735384df5cbd7d1bff520a8
.dependencies/DC/Codeunit/CDCNavigateDocumentCapture.Codeunit.al	465	438a0fe3dcff062aa801e229450b17e3a0c797295ad52477f63ee43042de0142
.dependencies/DC/Codeunit/CDCNewVendCustfromTempl.Codeunit.al	92	b0bd2e9ff6a601726b05fc0b9fa7e8b48ea366d53d66faddf69a082d08a81b2c
.dependencies/DC/Codeunit/CDCOCRLicenseMgt.Codeunit.al	196	2563feb877d91985cffccf126e52d23fa75d09ad5feef00581aa6a98b455a8c2
.dependencies/DC/Codeunit/CDCOnlineFileProcessMgt.Codeunit.al	122	3d24dd073c2ed4b6e3f876522ccb8054eeaea68fba27f60d298b2364edade03c
.dependencies/DC/Codeunit/CDCOpenDocumentEMail.Codeunit.al	218	1323747e8ab276f7bb28090a0a23c6a7f8654c2944344c6375521033db5b152f
.dependencies/DC/Codeunit/CDCOpenDocumentorFile.Codeunit.al	145	4628f3337adb5e0766b7f6aef8291d50dc73887db1e7cb229fb6df4c3d3b1c5c
.dependencies/DC/Codeunit/CDCOptionFieldMgt.Codeunit.al	47	fb11a7575dd2287693c81011b1f26c31385283605eb61e1d8e40847b1a5bd7be
.dependencies/DC/Codeunit/CDCOrderCancelAfterCap.Codeunit.al	35	5ab9f3744f30f77c8c32e8557f562d74863a9d0f2f8f9480e00170775f29f856
.dependencies/DC/Codeunit/CDCOrderCancelRegister.Codeunit.al	39	43ba3dc6355895cd84bf373393ff25e9cc4dba3b07cb80c60dd6e8a986cddc3c
.dependencies/DC/Codeunit/CDCOrderCancelValidation.Codeunit.al	54	0f0e921592fb389b14ec427a599e6f8ebe7ac796e2654b1bf38d90b915e2a2b1
.dependencies/DC/Codeunit/CDCOrderChangeAfterCapt.Codeunit.al	55	b4b0d71f0c1abc147c0a2be261fd86cd7c2f19befc76ffdc98d9314e00431a36
.dependencies/DC/Codeunit/CDCOrderChangeLineValid.Codeunit.al	132	e37fd3974fbb5063adeadd18658f9ceaabc68d36653d3a681bda3c11ad68fbf0
.dependencies/DC/Codeunit/CDCOrderChangeRegister.Codeunit.al	135	d6dd8d4d6397ae6a90af92d0398d826e4365d1a2c31b5dbe86da6d1ad24255dc
.dependencies/DC/Codeunit/CDCOrderChangeValidation.Codeunit.al	146	9468ec03615d26296f8bbe68e5f1e3a256416a1fe7d19f4425dcea678e9787f7
.dependencies/DC/Codeunit/CDCOrderRepAfterCapture.Codeunit.al	87	e94f44c6cd54518fcdb764b7d534cd8ebc06cb1ef46360f63ede6be5879a1de6
.dependencies/DC/Codeunit/CDCOrderRespRegister.Codeunit.al	198	1e84d485507f1c7c58599ace04491d5003e022b68a9f8c2f54c153210ec74f1f
.dependencies/DC/Codeunit/CDCOrderRespRegisterPrev.Codeunit.al	12	46477897b2d35559ccea54826902a08a8f1d56e2ea4e9ae0dd362362d6d3909b
.dependencies/DC/Codeunit/CDCOrderRespValidation.Codeunit.al	120	f44a76c642d895edffa908fb8f48ac737003d6f9995ced034508b4b1d8e7e39e
.dependencies/DC/Codeunit/CDCPageNavigateSubscr.Codeunit.al	7	ec4f927f28a3496e077b6419fadb6b036036026b5028dbc3770bbf23db37897d
.dependencies/DC/Codeunit/CDCPaymentBridge.Codeunit.al	42	f78b1940e86108c0363b14d64c8acd7b899b273a40bdabf6f141c74cee78f7ad
.dependencies/DC/Codeunit/CDCPaymentMethodMapInit.Codeunit.al	17	679ea28c7dbef5b321b14e1432214bf6455ae3b9c6a24a5bb40b821b8959633b
.dependencies/DC/Codeunit/CDCPermissionMgt.Codeunit.al	94	c718c536260d034fc0aaec086fcf25206f48abd18a375dfe18d11a95774c6aba
.dependencies/DC/Codeunit/CDCPermissionPagesMgt.Codeunit.al	39	da380b8fd64b922f8c793d92a484f51d63442c0de3e75564600797677db0e551
.dependencies/DC/Codeunit/CDCPermissionSelectionMgt.Codeunit.al	330	4289bacfc8d1c299fbf5c1da8421f0cc82a8f042584b8acc79b0db4545dc1bf3
.dependencies/DC/Codeunit/CDCPgPurchCrMemosSubs.Codeunit.al	22	d5419cdb1dfdc3f0059e5937d9979b24232f79af4354ad112516f5927c018e66
.dependencies/DC/Codeunit/CDCPgPurchCrMemoSubsc.Codeunit.al	24	fe6accf1d43f2e8b785a111cd0e3b4ce2515fb022cea10946bbe4c92aa4f4e4b
.dependencies/DC/Codeunit/CDCPgPurchInvoicesSubscr.Codeunit.al	22	b62438fe56949fbb7e0c944db24f4c7da19c59b5f546ad60f7188840e67784a7
.dependencies/DC/Codeunit/CDCPgPurchInvoiceSubscr.Codeunit.al	24	561793fe1634ab425bd0d12edc952b9f10befc28f64b90f03c5d232564dd8eb8
.dependencies/DC/Codeunit/CDCPgUserTaskSubsr.Codeunit.al	23	533b4f00ccafa88d0610bdad21aef24bba1c9750339cdaa521e23211b8ca12a0
.dependencies/DC/Codeunit/CDCPreCloudMigrationMgt.Codeunit.al	161	78917562fb6738972727866babe5c52e4c10e6e8c04d7ba635fc3037e2f8e066
.dependencies/DC/Codeunit/CDCPurchAllocPost.Codeunit.al	264	fbb6c242dc99cadc051cd59fa85bb4b8bc4e03f9bc9247b54e62927f54bc4c01
.dependencies/DC/Codeunit/CDCPurchAllocPostYesNo.Codeunit.al	7	af11df9bb93c5855252642fa5b339dd30899a25b9c68e7df4efc7d1b3e9636b4
.dependencies/DC/Codeunit/CDCPurchAllocReverse.Codeunit.al	73	5ff6b40798a72a21e5f1e405afb963415e731547de7caca08984709547ef7a05
.dependencies/DC/Codeunit/CDCPurchAllocReverseYN.Codeunit.al	7	7409eeafcddeda28c5bf85cd5d1748e0450ade862039043cf2198530794006ea
.dependencies/DC/Codeunit/CDCPurchApprovalEMail.Codeunit.al	473	5f7b7dd1e33af69d67133a7010a9b3aa4423c44ebe386ca0d9b29c88810def74
.dependencies/DC/Codeunit/CDCPurchaseHeaderSubscr.Codeunit.al	67	690b4ff10cf1da5c0d946fe6383a3253ae0a8d84a125ebb17847347c5992bb0a
.dependencies/DC/Codeunit/CDCPurchaseLineSubscr.Codeunit.al	234	8cb5a9c2e0c00cb287fe7492b6779275d1b289b3842e2c8f1c544cb4ed6bba58
.dependencies/DC/Codeunit/CDCPurchaseOrderRegister.Codeunit.al	1055	7c507ab41e91e983d3103bb87b438a79196c410a0236106477de0a75069f6c69
.dependencies/DC/Codeunit/CDCPurchCrMemoSubscr.Codeunit.al	15	4d2cf1dc4b6dbb12df8bdca9227e18614601eaca4537e007fb675e9a1f812149
.dependencies/DC/Codeunit/CDCPurchDocAfterStep1.Codeunit.al	39	85e34b516ef4830c6b093478caef48b44b27f3b05a8a0846d767268ba899603f
.dependencies/DC/Codeunit/CDCPurchDoCaptVATNo.Codeunit.al	2	34f797541ee3b4bf5e82a21c8d2a809320d45395ca1f2de2977199ba6f058770
.dependencies/DC/Codeunit/CDCPurchDocGetStatus.Codeunit.al	67	ebbb6c9cfbd97c63dcbfecc2232fd2108fdfa5f7f3f0f73a47e29654268f5174
.dependencies/DC/Codeunit/CDCPurchDocIdentificat.Codeunit.al	185	9825ac6bfe7d28ee663a7a0405dac4a32ab036c72281c3a9969fad4999dd1a0c
.dependencies/DC/Codeunit/CDCPurchDocManagement.Codeunit.al	4134	3bf5801baab87287c8868b699cf576c035b53237869ef9f44fcfc612eabeafa7
.dependencies/DC/Codeunit/CDCPurchDocReopen.Codeunit.al	165	53292f13165d596335d482fd17b7f7da96cea4b830d4491aee39cb06104afd29
.dependencies/DC/Codeunit/CDCPurchDocXMLIdentif.Codeunit.al	270	d9caa68a0e97ffbf535667081e56e895237157a1c41e4d0c841bf9ab1489c8ed
.dependencies/DC/Codeunit/CDCPurchFullCapture.Codeunit.al	363	4535b9494971bef41e8e8b23145447351e3e6b1d1e1ac8c24cb11ad626c45690
.dependencies/DC/Codeunit/CDCPurchGetOrder.Codeunit.al	257	873ad6e6b2eef37876862f87b06d234cd0fd0f2f39e7df8c7634503e29eab9dd
.dependencies/DC/Codeunit/CDCPurchGetReturnOrder.Codeunit.al	165	0dace01ee678e65b813bbadc6c43dcd655f2ce33ff6dcbdb7b6d879c8c728259
.dependencies/DC/Codeunit/CDCPurchInvHeaderSubscr.Codeunit.al	15	0bd36c70e2728e82780c2592f941cfcc2d539bfa340012326c25b03db8b31555
.dependencies/DC/Codeunit/CDCPurchItemPrice.Codeunit.al	104	da649a17b6d112ccd7b966555d5c361ff866ef178e5c7c0fc314d06dbc4418da
.dependencies/DC/Codeunit/CDCPurchLineRelMgt.Codeunit.al	186	99957df4e11e72dd487e0351ad47ecedf7f60bad9cb6cef2137d036a77335ed6
.dependencies/DC/Codeunit/CDCPurchLineValidation.Codeunit.al	93	5dc0c58b29f4ca31e27bb9f6d37a6842e74414c21cfd5a1b2accf6819a8defef
.dependencies/DC/Codeunit/CDCPurchLookupOrder.Codeunit.al	44	b0af25bff26878c59b9f163ba09dce9513157e7c7ffce5c03fb7008f2055d25f
.dependencies/DC/Codeunit/CDCPurchOrderReopen.Codeunit.al	77	1f92b0db32a17f778d9b2baeae0f138431528888a9a1c3f332438a2dcfc39858
.dependencies/DC/Codeunit/CDCPurchOrderValidation.Codeunit.al	731	5be9d0b61598ffa12d4e96fcd4c35a5cb8a55473ed7d78511de81a752e5b251f
.dependencies/DC/Codeunit/CDCPurchPostSubscr.Codeunit.al	83	37ddd75f3bda37e639bd4a5afe53b4d66a3f612b5be6f6219c9cfd53c3767aa4
.dependencies/DC/Codeunit/CDCPurchPostSubscrManual.Codeunit.al	4	d9d8e5b933336a8475eb6f38b4a2f682650f1151ab3c01d21c8ee3f5d3fb65fd
.dependencies/DC/Codeunit/CDCPurchRcptAfterCapt.Codeunit.al	23	002db836e9cd6930ec642e74deb98fa0685c6d0916519bda0afa229625146f69
.dependencies/DC/Codeunit/CDCPurchRcptLineSubscr.Codeunit.al	11	629aee950a90021fa41296365fcc1652f0a63c63b7ede96a3b2ff23c9a6f9ebe
.dependencies/DC/Codeunit/CDCPurchRcptRegister.Codeunit.al	19	8ef6da251f8524832022805efdcfd1d20424e7f1f63412f908d5bc93a43bdfb1
.dependencies/DC/Codeunit/CDCPurchRcptValidation.Codeunit.al	21	e9ed57cfbb325a9bf626946770bfcf35eac13bb6bada1dbb7e770b44c20d8b7d
.dependencies/DC/Codeunit/CDCPurchRcptValOrderNo.Codeunit.al	12	44190da8ca16df3de2923bd4e4e5f2433c7d71bf160b79c7b0656ffeffccbc46
.dependencies/DC/Codeunit/CDCPurchRcptValRcptNo.Codeunit.al	8	efaed46a97e84e4e096590575b13b46cc9c4e1e8ac2ca56a2b60f0bd37158779
.dependencies/DC/Codeunit/CDCPurchRegister.Codeunit.al	2479	0dec9c1920432ce2d152e014e353bd33f7291f28ea71f2bb74d5a4e8da136511
.dependencies/DC/Codeunit/CDCPurchSalesLineCapt.Codeunit.al	313	63fe667c4ce2a6907e9ef42981b3872f28d0be2bbaeee85b0f92d959f2cf6a74
.dependencies/DC/Codeunit/CDCPurchSalesTaxCalculate.Codeunit.al	30	ff6c198e24b031dbc62859c5542ee3b8a091a7d166bcd4f7ee2801d4c94e9fc1
.dependencies/DC/Codeunit/CDCPurchSalesTransl.Codeunit.al	87	d2a01bd5089195ef4b7bbeb8febfd7fde7f0a5ae3d4b4e174bc4522acc908116
.dependencies/DC/Codeunit/CDCPurchSalesValGLAcc.Codeunit.al	138	f6b487ef5dec4c9353844cd726b34059577d5a8d41e0a2dac9df018522bf5830
.dependencies/DC/Codeunit/CDCPurchSaleTranslTempl.Codeunit.al	54	4c32ff0b2ef521a29920c183d307c585ff85becbba9dd5cc57b90d68a048c5b7
.dependencies/DC/Codeunit/CDCPurchShowMatch.Codeunit.al	19	3e6be5b8c8b7cc6cb4aa758f495b96676e78048852b28e3c077c4567ba677de1
.dependencies/DC/Codeunit/CDCPurchShowRegDoc.Codeunit.al	132	ce69efb1e4d79d2d03a5b78168008b4f4d34d1b37c51567367e0b6477f37348d
.dependencies/DC/Codeunit/CDCPurchValDocDate.Codeunit.al	38	3b94c1057545d2f56f935c438d931900f51c0bc5ac6a8177cd3efb24f3cb33c9
.dependencies/DC/Codeunit/CDCPurchValDocType.Codeunit.al	11	9f9b40fab986ec8615b208346ee39ca93488109133be60749be1b1ad41d401f5
.dependencies/DC/Codeunit/CDCPurchValidation.Codeunit.al	905	a24a4728488b59e1a630737e398e4830f4ce219a6fbd07f5b5eb175994cbc27e
.dependencies/DC/Codeunit/CDCPurchValidCurrExch.Codeunit.al	16	481866eee01d10ac1ea27ded26cf58091aec497f7e10cd299cce23e71d2dc3f0
.dependencies/DC/Codeunit/CDCPurchValMatchField.Codeunit.al	28	17d2bf70ec93a45ac914e4912e241fc4d8d28a7d5676b02b93b194556ef21563
.dependencies/DC/Codeunit/CDCPurchValPurchOrd.Codeunit.al	25	98c454efc082aef7995bb5e21f8f728434f234e4020a310ee37c8454ed327702
.dependencies/DC/Codeunit/CDCPurchValVendorDocNo.Codeunit.al	8	6942b6e6d78287ae1fa2894494dae34a4008e307713b43fbc8aba56d67ddd2db
.dependencies/DC/Codeunit/CDCReasonCodeSubscr.Codeunit.al	3	2ae092fc5abec9c878653fdbd2e7900425a21a6f09f960f8d7f34bc2a5a69fc0
.dependencies/DC/Codeunit/CDCRecognizeFieldsinComp.Codeunit.al	9	bf63d9004ebdc312aebecd4977ce3405630054a13000ab4d62de690fb1f16d80
.dependencies/DC/Codeunit/CDCRecordIDLookup.Codeunit.al	21	198a9562120c2cc6014808da36aeda26a1058de3a1e089a46cb8252bdf95b129
.dependencies/DC/Codeunit/CDCRecordIDMgt.Codeunit.al	613	f7669512ff93de9aec0dbe1f57829016bfe2cd344a181098a7f814d3006651d4
.dependencies/DC/Codeunit/CDCRegExPatternLibrary.Codeunit.al	220	4dc6f65a9bcb75f7c48bc0351ff184ba5dc721a1e115d4bccb293fd78dbd05dc
.dependencies/DC/Codeunit/CDCRelPurchDocSubscr.Codeunit.al	5	a6c5b2448a04af53691344a3bd78e8362f939ca3d3d299331c39fb6be6c9afa4
.dependencies/DC/Codeunit/CDCReportHandlingWS.Codeunit.al	4	cbf47f5ba9a3ba4bb4b0acec4b853d0ba5803cc4cd51258a06e074b2eccb7388
.dependencies/DC/Codeunit/CDCReturnShptLineSubscr.Codeunit.al	11	c36e43e3687baa68f2dfb2a8323484aaf8b379099290c8cd2eb03e76d4109450
.dependencies/DC/Codeunit/CDCRunDocImporterfromJQ.Codeunit.al	2	bd0368ac96925c7df00df9cf535e6afb2a0b7f1dcda8c00e7b359454096c6d8a
.dependencies/DC/Codeunit/CDCSaleDocXMLIdentif.Codeunit.al	234	7a6f6bb39f3fbb364fa6dd69dfc53255f8d7bdfebb2056a3a4baffc704f350e1
.dependencies/DC/Codeunit/CDCSalesDoCaptVATNo.Codeunit.al	2	6be65efa569d8748b66ea20c6c7787179d5a9b40d2ffd4548b7a800de2c70a8e
.dependencies/DC/Codeunit/CDCSalesFullCapture.Codeunit.al	246	75ad7472a500c0a62b758fff802279af6ba13a8a97136522b3f7bee76fe53356
.dependencies/DC/Codeunit/CDCSalesGetStatus.Codeunit.al	25	e8b9eddbcfb7bd2f449498409aebecd6995bdb509468e19e5b4f74f94f501f87
.dependencies/DC/Codeunit/CDCSalesIdentification.Codeunit.al	71	6a9924b90dafd583ca396371abca6aa38f36a9e2fc10711214da3971814a4373
.dependencies/DC/Codeunit/CDCSalesItemPrice.Codeunit.al	97	9827dee79ccc569265701ec8d7695b671836a45ca2eb05efa0ef27a4732273c5
.dependencies/DC/Codeunit/CDCSalesLineValidation.Codeunit.al	64	71fd9d9861cefc5c231b1ed51e05124bfe2b45dbaf064aeb1e0b023e9a27f3ed
.dependencies/DC/Codeunit/CDCSalesManagement.Codeunit.al	689	9767fdc3884ff4aff4c21545ba207cb6b48a32d28815c47f860f892abf7f096e
.dependencies/DC/Codeunit/CDCSalesPostSubscr.Codeunit.al	3	e7f082e50a6a8d765dd0d04230a83d924aec36ba128fcb8c28e817623b4d41bf
.dependencies/DC/Codeunit/CDCSalesRegister.Codeunit.al	668	c3070a7d5cf787f490ec2537cc59b3090ef1e9fa820faefa4d6e1058d33b5e0f
.dependencies/DC/Codeunit/CDCSalesReopen.Codeunit.al	74	138059eb2ae4b29f118aa251898a05d19bfafbc3bb4b639b787349f28da858db
.dependencies/DC/Codeunit/CDCSalesShowMatch.Codeunit.al	7	8e50f30393e4a11bdf076f4285f666005a54022c957f3c2a664376301662dbed
.dependencies/DC/Codeunit/CDCSalesShowRegDoc.Codeunit.al	44	c828563be6d31b88d309b6f330147d4d7dcb24b67fffcee70a29e7075e0ad41a
.dependencies/DC/Codeunit/CDCSalesValidation.Codeunit.al	201	3e98fc770d49a23d26a33e48a18356e37df26c32e73364cc5eae62ace6e37fab
.dependencies/DC/Codeunit/CDCSalesValOrderNo.Codeunit.al	5	af18e1af45506865d168cd64d16c53264aa0205ea3eab337990f64cab7c23e25
.dependencies/DC/Codeunit/CDCScannerManagement.Codeunit.al	51	dab096b237c8bc14ac37bcbc8d8bab8be1b319ebb2c295929c123aa1dc149d57
.dependencies/DC/Codeunit/CDCSecureArchiveManagement.Codeunit.al	464	dd98e64f18bf4c7391399ad63a559449ce2a16f38d0c838c1b36b3bd4929725f
.dependencies/DC/Codeunit/CDCSecureArchiveManSubsc.Codeunit.al	3	81bde5a772fd4da43678623cdea912f2aee8044cb72348248baae6b3e6ce0df4
.dependencies/DC/Codeunit/CDCSecureArchiveSubsc.Codeunit.al	73	a797e7d99b9a7fb0d89ab6ee94e34503f8b4af2bf3dddbe571c1c53b28efc779
.dependencies/DC/Codeunit/CDCSendDelegationEMail.Codeunit.al	29	fa4c6734ad09e7cf21f608df3df1b74fd40bf0efdd6463f8f4a4b33ca6225a8f
.dependencies/DC/Codeunit/CDCSendingProfilesSubs.Codeunit.al	20	339c42ef5e1a5aaa3ff17b0f227e3590df85a236409f70f0d56c44f9a8bf6c7d
.dependencies/DC/Codeunit/CDCSimpleCategoriesReopen.Codeunit.al	12	e7ff987c0828fc71672b46a205f29025a3fdce5d0377c05575b43f0418144dc7
.dependencies/DC/Codeunit/CDCSingleInstanceStorage.Codeunit.al	105	57e7a150b824bc9b4e76e3fe4055f785c35173f75c3c9c60500d2bc4620964a4
.dependencies/DC/Codeunit/CDCSmtpMailManagement.Codeunit.al	194	111fd9a97958f88b483acc9cd5f97875ea7dbbbcb5cdc580f74b386013c13b8a
.dependencies/DC/Codeunit/CDCStorageMigrationMgt.Codeunit.al	117	c9d9a2edf31d527c7fb178bdaf44c1de0d0778478b4b5d01ad5bec03b5f119c0
.dependencies/DC/Codeunit/CDCSubmitReviewMgt.Codeunit.al	4	bd026db497d5a3bc0bca0339224c118aed5335f68aece86bcd6f8dded9aebbc1
.dependencies/DC/Codeunit/CDCTelemetryLog.Codeunit.al	64	e411a80856c48e65b1f97af41c09aa25764e37efaeb231553cd7373072ece826
.dependencies/DC/Codeunit/CDCTelemetryTranslationMgt.Codeunit.al	4	3926607ee39f2a31ee8234561a02cee2d0c10814d375ec84dcb191851199a076
.dependencies/DC/Codeunit/CDCTempFileStorage.Codeunit.al	148	6e071b8186cd1dc58adcf7f0ee9b71cfda4ebcb3157e593679d6946a88202504
.dependencies/DC/Codeunit/CDCTemplateFieldSuggestions.Codeunit.al	207	b9f7307d237a2b027eb9a90f356f3a984c7f1a5bb35c5b4a19300bff425e7d1d
.dependencies/DC/Codeunit/CDCTemplateSuggestionMgt.Codeunit.al	511	e833c5fe9c82e01a27780ceb63cc3a7d1bc2b92f101c2c9cc0288a7927bd4f8b
.dependencies/DC/Codeunit/CDCTenantInformation.Codeunit.al	11	2e1c268c53672b1ad9bca5e114394de02a4f144453a91b0832e58bdcd9f231ff
.dependencies/DC/Codeunit/CDCTextManagement.Codeunit.al	7	66f3cb7098b04ef07d33d4b257a3a01f59fc0933a028c18d74663d0e9ea6bd75
.dependencies/DC/Codeunit/CDCTransformXml.Codeunit.al	123	0deade13a7b6edc24b17c384be3d5fe1abc1ef2a972751c8cd71cd7351d9a53e
.dependencies/DC/Codeunit/CDCUpdateDocCounters.Codeunit.al	85	511dbfdd7e6ac162746786cac0ca8dfd9e4673cb45ea42091de5cfb2229b8668
.dependencies/DC/Codeunit/CDCUpdateTemplateFormula.Codeunit.al	43	846239753ce4467cf7df48823abb13cd78130636a60fbf354aa150385996ed92
.dependencies/DC/Codeunit/CDCUpdateUseGlobalCaptions.Codeunit.al	8	4bba35020426c65c14dca8db072b33f8807fff659d0a78efcd48f207b54d702c
.dependencies/DC/Codeunit/CDCUserPersonalisationMgt.Codeunit.al	35	28d9f66f700cebd717f68f5a098a02312a4c3d9350b96d9ae0957f8829fcadee
.dependencies/DC/Codeunit/CDCUserSetupSubscr.Codeunit.al	9	2b55aba820f2083026a954e60cd670861372c631e645c52cc19d0e35ce914133
.dependencies/DC/Codeunit/CDCUserTaskHandler.Codeunit.al	40	79ce63f90a5bd149d2fa5fcc34cc71e8985accda3c9b06c26729df138eb2491f
.dependencies/DC/Codeunit/CDCUserTaskManagement.Codeunit.al	26	7d6098eace32f7344a405c95bc0bb070bbe2e7553900faf9b0b768b024b773e3
.dependencies/DC/Codeunit/CDCUTSRegister.Codeunit.al	56	90817ab5d05d16cb8c973505f067a74b08a27895aa9d2f7637cc8432dc1ef773
.dependencies/DC/Codeunit/CDCUTSValidation.Codeunit.al	147	aeb940069826aa9c948ac82a4d2721cfa2b8b6eece51cc6ecdf82aad4d860913
.dependencies/DC/Codeunit/CDCValidateAccountType.Codeunit.al	32	da32a34756b9a9ad49531199ed86e69f531051f9c3e7c6ca203597a4abb5e742
.dependencies/DC/Codeunit/CDCValidateBalAccountNo.Codeunit.al	22	41e001f728468439f72b26af7e32c40d9bc45248284907f32bfa93c00ccfa9e8
.dependencies/DC/Codeunit/CDCValidateBalAccountType.Codeunit.al	16	104081acda9a71f2809174962b34317624383c6c4b6f88160eea4c856cbc476c
.dependencies/DC/Codeunit/CDCVendPostingGroupSubscr.Codeunit.al	3	10c2883ee8d2ee7d0cede0bd55dcce240ae76e2da10fd3233010f3a1132466c5
.dependencies/DC/Codeunit/CDCWebApprovalMgt.Codeunit.al	185	1e712eefba0f69dde657684d5a1f2ee3caffaf12e7139995bc0f20c038941f8a
.dependencies/DC/Codeunit/CDCWebJobandDimMgnt.Codeunit.al	195	941f50000fcf84395f75c7705bf4278e9668c931fb372bd3477252380ddfc5f3
.dependencies/DC/Codeunit/CDCWebPurchaseLineMgt.Codeunit.al	6	407b15c5bd4c60a58df090cb40d9b513e183286879a6834e03439342258508b1
.dependencies/DC/Codeunit/CDCWebSearchManagement.Codeunit.al	137	a95b4a028d758bddb4c0a7f4c01eb9dc1bc64b4874fd82d58ce40443119cda94
.dependencies/DC/Codeunit/CDCWebUserFunctionsWS.Codeunit.al	30	f9d459c7d1f14f7d614d1e74890f4d2aa594a173be2c37c7569a660285ca55a1
.dependencies/DC/Codeunit/CDCWizardMgt.Codeunit.al	12	3140f5c5ee1a17a70e15cc250d1d2740755a89de789b3b40fada021dd507273f
.dependencies/DC/Codeunit/CDCWordFunctions.Codeunit.al	192	3c8f328df662237c51e6050ce33bfc3e0536c716ed5917462d7ceab09ad88d2e
.dependencies/DC/Codeunit/CDCWorkflowEventHandling.Codeunit.al	54	ed4b7fea0827f9d5ef3e84902c6c4c0b8e502e3f37feb97b97ff31849954df95
.dependencies/DC/Codeunit/CDCWorkflowResponseHandling.Codeunit.al	98	0335c73800a44d1a4842edb2b299788d66d3baf832e1f7f16be24696142525f4
.dependencies/DC/Codeunit/CDCWorkflowSetup.Codeunit.al	366	8cd66163d2c3f13e14ea7d56a7dbc39757fc1f64ecc1b832d54b624f5baa9a18
.dependencies/DC/Codeunit/CDCXMLBufferProxy.Codeunit.al	18	0ab6ef03e76f43d8f1cf36eac0a59deca0532f8f1f4d553f4233b6cefb377de5
.dependencies/DC/Codeunit/CDCXMLeLineCapt.Codeunit.al	91	6ac65936e6e8599029cb35b77256299a69c811b92f7a781a15b9ff55f6fddf3b
.dependencies/DC/Codeunit/CDCXmlLibrary.Codeunit.al	326	25899ea08f2f36cf804db981e1170fa87a405d215a9bd085b06c3a7ba05bf061
.dependencies/DC/Codeunit/CDCXMLLineCapt.Codeunit.al	102	359acd418d891cda1cdc53bb6bfd0d7cd08bb092486ca461e6adb24177be17a5
.dependencies/DC/Codeunit/CDCXMLMasterTemplSelector.Codeunit.al	141	6bc34028ffc2cf1892b894263e5b90bb88cb03b6278192ef8bb52fb4ab961ccc
.dependencies/DC/Codeunit/CDCXmlTransformerSaaS.Codeunit.al	41	d6688d834bbcc9a85a3ae5e6968dfa9057e2c919628d57521f2d82ddb08c5a9b
.dependencies/DC/Page/CDCAccountTypeList.Page.al	42	65f1689b3c516949e1321c6260e5a3ed3572b0e8957bb067d9dc15c630ff6077
.dependencies/DC/Page/CDCAppUserGroupPerm.Page.al	46	22ea26f3e9eb5550ae095d458483c79a97c7d661df72303d068370df839baf83
.dependencies/DC/Page/CDCAppUserGrpListComp.Page.al	8	86970b6b8bae61c0c0ea1dfc9a146f602d5e6233bb810593d7beb26c24039f4b
.dependencies/DC/Page/CDCAppUserGrpMemberGrp.Page.al	38	83dc61d57caf9c438ea2128b6a78a6a4fdc1ea7f0455533eb308205ff252ec11
.dependencies/DC/Page/CDCAppUserGrpMGrpFBComp.Page.al	8	dbbce4a8671daaafe8ef92479667d10aad0129fee109b0fc3406d99f2eff30ad
.dependencies/DC/Page/CDCBusinessIDFields.Page.al	11	e5b95d432106048aed5447774d8e0a438aeca40db2d6fd1248697cb53734e9b0
.dependencies/DC/Page/CDCCapturefromeDocument.Page.al	92	c29ee122593e57ab3f3f518ffa641d4b4c0ee53c062fe5ad20514a4f77b5a3ff
.dependencies/DC/Page/CDCCategoriesList.Page.al	2	8036da4867e3e2aab21d625ebc7f160875b04e35cc8d0239234a86b97128f18f
.dependencies/DC/Page/CDCChangeDocumentAmount.Page.al	14	6ac96dc7eb40db78ed5f37d6d98eff9bec3f37a3955cc5fdf5d940e9a41ec28f
.dependencies/DC/Page/CDCChangeDocumentAmount2.Page.al	36	82de533cbf04bb814d1aaccd71633fb63e2aa3d2cf08fcb28c4a53b913e656b8
.dependencies/DC/Page/CDCClientAddinApprEntry.Page.al	215	c40a1caf5cffb8fe0a55a7faccf4bdcd40594b9b6a87adc51441fc72eb782d46
.dependencies/DC/Page/CDCClientAddinDocument.Page.al	212	f39b522e56b0552af160c10e812e51b3f0409148cb537e4c97242eaf529050b0
.dependencies/DC/Page/CDCClientAddinPurch.Page.al	150	b40d5fefc18b411b3fea0c9a7e82d005e9a5dd78d6af3f24722c050312c2eb4a
.dependencies/DC/Page/CDCClientAddinUIC.Page.al	171	f6dd05a257c88ab43939b5212d6e2e5b2c050e80527cd487243218499b6b0287
.dependencies/DC/Page/CDCContiniaConfigSubpage.Page.al	115	27b6caff6c12b97d4f8f5e3b03d185dc093d42822a348b42e46be71a846a6907
.dependencies/DC/Page/CDCContiniaLicenseTerms.Page.al	7	7129bf62b74ef4c1a62026590128f63d97ab01c654e535f1a3adabaf48d8f8f6
.dependencies/DC/Page/CDCContiniaUserPermissions.Page.al	92	4bc686c5ec5b42c90a26c99bb90e3a64df4eec4b357725d7d6e5ac8077d9348e
.dependencies/DC/Page/CDCContrLineExpFactBox.Page.al	7	6c48dc0bc9943f308a16e526fe0ebfcff602f88523ef59e037b8aedec27861e9
.dependencies/DC/Page/CDCControlLogEntries.Page.al	2	53c79f1547e504eef3a4f934c06812a5a221c7bedd7922504e625ffc0a24b135
.dependencies/DC/Page/CDCCreateBusEntityDialog.Page.al	93	7811b1830b9b77ec4b4e384b6fc4b4578a2bd7e3c551a203f4360d65a0cadc8f
.dependencies/DC/Page/CDCCustomFieldCard.Page.al	6	108c1c696216cd9837b739f876c2a19610a1da2348bc95b90a00dbb2ada9ba4f
.dependencies/DC/Page/CDCDecimalPlacesLookup.Page.al	30	21279e13fe44837c2b16994dc76e9673d1653425b1664b38bfd19a47d789e126
.dependencies/DC/Page/CDCDelegatedDocsActivities.Page.al	13	b110dc14d30b4a373d512bac3b9d52e52a2c7d84f1e1bb8cd22c20ddd1831103
.dependencies/DC/Page/CDCDelegatedDocumentsList.Page.al	202	1d34f906b6c8c355a904768f32ba673464813bee468890f86ec6a3b8ba23930e
.dependencies/DC/Page/CDCDelegateToUser.Page.al	7	a2801f0218743eae652208b1d46b82cc6a1284b25e1e9467a27838ca554ef5e7
.dependencies/DC/Page/CDCDelegationSharing.Page.al	21	c7413c56fdce84c3648a571b204d31e8977f356fd5dd2689b9a83ef4d7e8cde7
.dependencies/DC/Page/CDCDimensionListComp.Page.al	10	fa96add8b5b48f2af54ee21666727078efa6e7edd473d4f917fb1fe030fef935
.dependencies/DC/Page/CDCDimensionValueSelections.Page.al	43	02eecc6dc7f2ea8d71f22f32e38716d99ca56c564330baf38a8dad7ed92a71be
.dependencies/DC/Page/CDCDimValueListComp.Page.al	68	9ba71842e3c3595f0a852be66a49190dd979eb06c46e2701d7e3fac5cbc91808
.dependencies/DC/Page/CDCDisplayDocumentList.Page.al	61	7b3c8002e51aecd343a25fafb738ca17da89505ee1f7092c198334487a09d818
.dependencies/DC/Page/CDCDocArchiveCrMemoSubp.Page.al	17	cdfc99ce7f13bcc273d0aee778963da676bf7a259321761b704e176512eddac3
.dependencies/DC/Page/CDCDocArchiveInvoiceSubp.Page.al	19	62aef7aa13e5bc1f92d1b2c500561097c69e46f5884fcd64577a4c4cacd259c2
.dependencies/DC/Page/CDCDocArchiveOrderSubp.Page.al	19	60128305756be0cf9c14992567fdcf848a206b370d519b15e3d028ab8c53892e
.dependencies/DC/Page/CDCDocArchiveOwnSubpage.Page.al	20	a9d63ee893fe9ea031293d1984fb9d4419bf7f72818b1d5f354b6af072d6ea20
.dependencies/DC/Page/CDCDocArchiveRetOrdSubp.Page.al	17	769d60b69a038d8e1a8cba6bb53105500bd024db1d060654706ec883015fd188
.dependencies/DC/Page/CDCDocCaptureClientAddin.Page.al	337	559f116f45acf3e0f1de704f98f2e9e9a49f6336626c50c71a3d37e1f3f042ab
.dependencies/DC/Page/CDCDocCardeBillingLines.Page.al	56	b8b658f458aeeee3060a6541c9cb40493e949c231fd01d7add2f3c4c9199f58d
.dependencies/DC/Page/CDCDocCardeOrderLines.Page.al	54	a69d01a566f45f144202d638a133b3bb27a95c0fa602a0b27f9b3b121ca268cf
.dependencies/DC/Page/CDCDocCategoryIdentField.Page.al	12	e3cd709ce2c3945be1cad8d0df7a897d261421652eed19039879695fa1da11b1
.dependencies/DC/Page/CDCDocCategorySourceExcl.Page.al	16	34a972984e7a7ae30d8d2cfb8f9139066e313eb4b7aa10c098c2e2352d976522
.dependencies/DC/Page/CDCDocCategorySubpage2.Page.al	56	29d96665a70e16d8edc99b93bc7961ff86cb19ce3a0901d0d22c0e478d03ac4d
.dependencies/DC/Page/CDCDocHeaderFieldsListPar.Page.al	308	ef842ba46c77a215c8ebcd3d04e1ea0a8b950b524d2e09ce46ccdb68143dd92a
.dependencies/DC/Page/CDCDocumentArchiveSearch.Page.al	121	eff8302d9b9be7ee1e8030259d99e9cf15d7866c39035c2a39886ddff2a00143
.dependencies/DC/Page/CDCDocumentAttachmentList.Page.al	16	f58108f024185cd4b1bafacfe17e0c40d5be77ec28b7aa5ddc9ed00b2e428475
.dependencies/DC/Page/CDCDocumentCard.Page.al	490	dcc53f76b21b83df5274f363742fa4025704f8215034e649586e62f7bacecc42
.dependencies/DC/Page/CDCDocumentCategories.Page.al	36	59317e8a2e0211c3cbba1c9126a7717c5fc9fd11fe46601cee4db2cb919b534b
.dependencies/DC/Page/CDCDocumentCategoriesPart.Page.al	98	b01068622db79cd77f978481da08835dbd2b44bc9c5a51ca16e285ca3679ab5c
.dependencies/DC/Page/CDCDocumentCategoryCard.Page.al	312	0a5ceb08750ef3809ca1fc08d33c584c48e3a83188e43b7af00382ca3dfca1f4
.dependencies/DC/Page/CDCDocumentCategoryLanguage.Page.al	22	c1ab0c752bfec4c4407670f560b637dd220c32e68fd178f6bd1e063e681caaa2
.dependencies/DC/Page/CDCDocumentCategoryWizard.Page.al	27	4843daf294b946c7cb035cbfd2fd4368229841fed6a02d1f8c422339fb7cb911
.dependencies/DC/Page/CDCDocumentCommentSheet.Page.al	4	16b09e441073ec5ffd5dd91cd0b7bc05b407831af43d8a9915faf11bd5947604
.dependencies/DC/Page/CDCDocumentCommentsListPart.Page.al	11	7935cea3adb4ff7b827aebefa3bfcf2a0f4ccb95b96592682479e4002c2023ed
.dependencies/DC/Page/CDCDocumentControlLog.Page.al	50	b3b35703eaac88122b58e7ecfc098722f98ffabe6489f85ff103d71a6e7667b8
.dependencies/DC/Page/CDCDocumentEmailList.Page.al	22	facf559feba0b31f134f45d67d91362c133092c264efc463d45829add7bd1bb3
.dependencies/DC/Page/CDCDocumentFileList.Page.al	55	d47b8d594187256f3cf4af63dabca756c30231aa2ea5947d2b359933ff0c0766
.dependencies/DC/Page/CDCDocumentFileViewer.Page.al	169	52bfc73f65a15ac4a29f228f2cbeb8cf60fc2b514a899728cb80c11440f87ddf
.dependencies/DC/Page/CDCDocumentLinesListPart.Page.al	708	646e263ae644d7d364d86c1faba60109fedbe20c8f2b26a133baaf9f2a448d58
.dependencies/DC/Page/CDCDocumentLinesListPart2.Page.al	246	da374dae9388215c763823c539b40aec82e58d5244c2f4c1340630e74dbf5342
.dependencies/DC/Page/CDCDocumentList.Page.al	2	14e651aad4129cade7d503a70c77366ef64eb7f9a3fc67fae5b419a6d56d445e
.dependencies/DC/Page/CDCDocumentListUIC.Page.al	47	8f04f4b6c10ea034164c1512a3b3d3e5da3bc98cbd88d5ed471fbeae67f54318
.dependencies/DC/Page/CDCDocumentListWithImage.Page.al	837	a0a54a90bfaf09066cdf9b0013b842681455b191f761a182ea634f74950d62d4
.dependencies/DC/Page/CDCDocumentLogEntryTypes.Page.al	1	d474da5595bc4c17a021fc975c2b8ce84df31ee94f4faaab4770835e0abe93ce
.dependencies/DC/Page/CDCDocumentLogList.Page.al	15	12a1546b10c45e63a6b4790738864514223371d351102a0340f559390780e5cb
.dependencies/DC/Page/CDCDocumentPageClientAddin.Page.al	167	2b9098a5cf17180acd43cd3650d6d1ab9f3618a099a38be398f7c89f0d90f703
.dependencies/DC/Page/CDCDocumentSearch.Page.al	35	27c32513e4f1c2586da9b4575867f15758ecb721b6f4c5020f601be25f4bf054
.dependencies/DC/Page/CDCDocumentSplitandMerge.Page.al	250	98ab2b20f18ce6263e3ea35302ba9398bc6da0c8981f3a678838bb02af393fdb
.dependencies/DC/Page/CDCDragandDropCategories.Page.al	25	c3ef32f64809c7e527b76adbb5147162986ea214b06275e6c430c61115b82f87
.dependencies/DC/Page/CDCDragandDropCategories2.Page.al	13	9fd90dc7a0f56d287d32619d7f7d9b7eaf51287b4a31f6487fb8989f9524b036
.dependencies/DC/Page/CDCeBillingDocuments.Page.al	8	09537d022a161f8ba255dcb7da10d3edd62d41273fdcda0be1abc09ef7bc0dfb
.dependencies/DC/Page/CDCeBillingIncDocCard.Page.al	45	46d8063dc8dee57e7623b78f141de4264202ba4e5c509234afebaf6317be3e8b
.dependencies/DC/Page/CDCeBillingLinesSubPart.Page.al	108	38f4094b52cda45f6ebc09f7c86fc565dd82868e273913d75cca855419e05a1f
.dependencies/DC/Page/CDCeBillingOutDocCard.Page.al	143	d4d265749b409907a03fd2e1e7cc2f4b0c612c972b1d3325baa38572dd6ed1e4
.dependencies/DC/Page/CDCeBillingResponseCard.Page.al	40	93fced63aa6219c96dc0c7dd67e1276be8c23d9221e9ffd82a50f70645e7be86
.dependencies/DC/Page/CDCeBillingResponses.Page.al	3	92bcaeedd9279edbb0b85293ffe8ed909a2d565b209974161315015b72f60f36
.dependencies/DC/Page/CDCeBillingResponseSubP.Page.al	5	524193b6991a59a847096962528d6a51bed018918f1d28c41afaa780bedae39b
.dependencies/DC/Page/CDCeDocFindEntries.Page.al	77	200995247e9fa13f45dfa04a14b0e9d4586399aee59f73eab3ac96039bb92bd8
.dependencies/DC/Page/CDCeDocReqAttList.Page.al	41	2601d6a2bc038e8dd4fe9ce6d15a7a5cdfd2f4b0b54ebac253cd41ee487dc582
.dependencies/DC/Page/CDCeDocSourceIdenfListP.Page.al	45	22c6d0b8c07013a73f13707832f541ebc669bfd59cf42c747504805645a806a5
.dependencies/DC/Page/CDCeDocTemplFieldConfig.Page.al	65	6036abc2daf98f6cc36c00c96119b48e85f6b30a51ad40b35ff385ae2d793d66
.dependencies/DC/Page/CDCeDocumentOverview.Page.al	14	464e83ba25902919922543171ba93f839c59b184afed155dfc59d39cf4231f57
.dependencies/DC/Page/CDCeDocumentsWizard.Page.al	122	be3fc51840334d1bfab7835ca0389740a99b548f61e0a0f1a13265830c70177b
.dependencies/DC/Page/CDCEMailAddressInput.Page.al	3	c91a77d29a07f60c7b25c3fd46940edc3f5fb233dd923950dba082d79cd83e26
.dependencies/DC/Page/CDCEMailList.Page.al	21	58ae931634d39d6202a270f5a5048d2ec4bd8d00f064bebc3c3639c86fb13f07
.dependencies/DC/Page/CDCeOrderDocumentCard.Page.al	252	7bad49b2aec828049aa7625431527b15a8205ed2bc0cd0902d7659fc3a1350a9
.dependencies/DC/Page/CDCeOrderDocuments.Page.al	2	ad09ae66d93f52c88ad6413e27f6c5ced31c184d6bfdc1bb614815ff9404e568
.dependencies/DC/Page/CDCeOrderLinesSubPart.Page.al	111	9ed8949ef803c01945f8a8e94caa963266e4063dd2290b411b780b0c9acde3fe
.dependencies/DC/Page/CDCeOrderResponseCard.Page.al	45	c4c0f9fc997ced74ea7fc6568ca5e873eb6d72b472feeef8c1aeaa90b2d53221
.dependencies/DC/Page/CDCeOrderResponseLines.Page.al	2	8197fa817a926603eaeecf752e223eaddcefbefa9fc379f89a46d40d2c60a31e
.dependencies/DC/Page/CDCeOrderResponses.Page.al	3	0a222fd77623ec20aa2d36810c120f4511dbbd130bbb8b006fb4450ce7aa8474
.dependencies/DC/Page/CDCFileList.Page.al	23	73f720cb4bd9d4d90fe67d8ad5b70a35eb3767bf7f5f10f2525e37525dae45ad
.dependencies/DC/Page/CDCFileLookup.Page.al	7	ecd25946bd7fe98643b022a4e00055419776d9b9a249789f457ad24f95c012bc
.dependencies/DC/Page/CDCFileLookupListPart.Page.al	8	6289d9da071d3b29a2093f5fd2fbf18816a0be8eedabf3800b0a3471ba9aa7f9
.dependencies/DC/Page/CDCFilterSourceRecord.Page.al	23	5fd337f57af6c8fbbaccae9749a1eb8a1cb7dec71a1029f130f0f6ee74a27db5
.dependencies/DC/Page/CDCFixedAssetListComp.Page.al	52	537e8c70e924bc1646427a6c794d06444f40fe65c9351b44b520de5ceab07d0a
.dependencies/DC/Page/CDCFixedAssetSelections.Page.al	36	671decaa005106b5b6d41e0703d2486c431b4cdb9799ced1b01eccce6ef97994
.dependencies/DC/Page/CDCGetOrderLines.Page.al	36	565cbe42fadb639aab3d697a6a015de8e367b21d662236feefdd9dcb0c880d2a
.dependencies/DC/Page/CDCGetReturnOrderLines.Page.al	35	8dbb59e1df5d87fc34afae2df2b4a5268f76feaf8e612971e369d4f05aa4ef34
.dependencies/DC/Page/CDCGetStdPurchAmtDist.Page.al	77	e3748904925694d28f942ab7e3b85c9f5509290fd59993e0c8e8240c777631d6
.dependencies/DC/Page/CDCGLAccountListComp.Page.al	62	940dca14d289d8cae38e6de1bcba1d1045fa729bf58a86d3eee2217c5294fd42
.dependencies/DC/Page/CDCGLAccountSelections.Page.al	38	5a506be2455ef639c3e2d2d01e71f28858110940e67e7747f318712310f6e66e
.dependencies/DC/Page/CDCHeaderAmountPosting.Page.al	100	326f20c50ee0974ae67d8d75ea03745125f924e3c40af6329c7249a96333a194
.dependencies/DC/Page/CDCInputAmountDialog.Page.al	7	40d3e476a161b10ac9c258d1e42bbeefc101137b9a408ed8ccf489561605ac77
.dependencies/DC/Page/CDCInputDialog.Page.al	14	a35c6a5bb573329a84f477572a7fecba130e78e796428a9099c5670b1779495d
.dependencies/DC/Page/CDCItemChargeListComp.Page.al	52	a1f6c9041df8e1b171111e50f1bdbca3180c8d6ef883f7a838f277ef0ce752b7
.dependencies/DC/Page/CDCItemChargeSelections.Page.al	36	6a5d7973e0bcd0f610d6fae3abda6f8b20de516178badf2cda213e397be88da3
.dependencies/DC/Page/CDCItemListComp.Page.al	51	2f2439b302e4844759f146cbe51fb8acbb43f8622874229b9e94c8f7349df40e
.dependencies/DC/Page/CDCItemSelections.Page.al	36	ff68546380c0dee546a3677647bbc3d2c8af1bde3b1c2e3b6fb41cce5ae76329
.dependencies/DC/Page/CDCJobListComp.Page.al	52	188a6b5fa5ca302398d006480334ebf3af391f9251d0bc025e1c31223ca027f3
.dependencies/DC/Page/CDCJobSelections.Page.al	36	ff5c5599f4368bd0a51bdfdf1edb9d518604cd24f15912b22f1a2b531680bf31
.dependencies/DC/Page/CDCLocalizations.Page.al	2	28977b8fa52e378dd5a97dae54b5eba494ac4a40d2d13eb103986477fae21f3a
.dependencies/DC/Page/CDCMatchPostedItemTrackLn.Page.al	143	d2d717ce2171684a44bfe9eb3e27f1714e7f510c56588b5f97f819d82a29839b
.dependencies/DC/Page/CDCMessageCenterSetup.Page.al	110	354f73f422b1d72e5b30356de6a3d8344b6dbb8db5d31222f8b9b135dca17258
.dependencies/DC/Page/CDCMovetoCompany.Page.al	50	3bfcb00a7596b4ea1d5807478a862147a65c9102ce0cac4611d7e55be42f6a99
.dependencies/DC/Page/CDCNewDocumentDialog.Page.al	47	ad058e40501ca560f53e036bd04da8ead13e38295d00d1e901f370759d52cc3d
.dependencies/DC/Page/CDCOurConttoPurchSalesp.Page.al	63	35a6e0bae8dff423676e01992d50803f2afe35d5e04e31e6a06f44a203cb15cb
.dependencies/DC/Page/CDCPaymentMethodMapping.Page.al	2	a0dc7a939e8dea47a8c7f38b31881b7f8402ce1d71a2c0384be1daa21d27abab
.dependencies/DC/Page/CDCPostedAppCmtFactBox.Page.al	7	306622c6bde1722244a46c776c59bb138e36f95b97c422cc4edb78cf15acbe55
.dependencies/DC/Page/CDCPostedAppCmtList.Page.al	6	cb73acfa89fe3e045e169f3b86656ec80a24174ce7d455d1a640791d69f489ee
.dependencies/DC/Page/CDCPostedAppLogFactBox.Page.al	5	e685df0f73c0a53698b496e3f1d903e3610822bacc8d3234f162ad70ed267fb2
.dependencies/DC/Page/CDCPostedAppLogList.Page.al	18	1ae683f3ef5f753554aa423cc59bf8c021a5d766a076891d6075427528b5c37c
.dependencies/DC/Page/CDCPreCloudMigrationWizard.Page.al	44	81b219ad8c8fa00abbf77d0ae7c8b7310d000c779634050cf85892ede8557a98
.dependencies/DC/Page/CDCPurchAllocation.Page.al	15	e7dcd0eb96de4595dd06cf6296c7b020544ef55b99fe7aaacc11761585ea965a
.dependencies/DC/Page/CDCPurchAllocationEntries.Page.al	3	c2e521727f23a4bd21a004745016211df982851aad85a2bcd8330c37c8f687b0
.dependencies/DC/Page/CDCPurchAllocationList.Page.al	12	f0279ae2c3c0506c7ffa696a024cf702ef58bbc416630a82f74435deba816e80
.dependencies/DC/Page/CDCPurchAllocationSubpage.Page.al	2	294fe5ff303488648b1da1fa1e47fa4a95510d21f41cf3a08c20b851263476fd
.dependencies/DC/Page/CDCPurchAppCmtListPart.Page.al	17	57891129e9d67adec7cc0a0fa06e2674b2a462e8d765e0334044798017b0a8ec
.dependencies/DC/Page/CDCPurchAppEntriesSubp.Page.al	24	f44b17bfe1715c9e53afe347df2316be35b6d0c713eed60bde7ce9691ec695be
.dependencies/DC/Page/CDCPurchAppReqEntries.Page.al	92	38ca8986d405453cd77ce445c94de6916dc4113f1866ae7e04e0b41dce9f4f12
.dependencies/DC/Page/CDCPurchApprovalEntries.Page.al	166	055240735786a62071c29ea9f1792169e7da1df3dbfab66b88b44664368e3d9c
.dependencies/DC/Page/CDCPurchaseCrMemoArchive.Page.al	5	20898d4ef45a7c0d55b70ef1ea56d6e9563cecd3a5c2d1fc741d3bd6ba16f59d
.dependencies/DC/Page/CDCPurchaseDocuments.Page.al	54	a3e7699cc05f6158104bfc73e0fa1b9280329d22f06ee99ef510493c7e9dddfc
.dependencies/DC/Page/CDCPurchaseInvoiceArchive.Page.al	3	1f633b756e934ff4f16b7cb0e813c8f85c7cf7f511a5cfd5c48cae73711e8728
.dependencies/DC/Page/CDCPurchaseJournalFileFB.Page.al	200	072b7bbeae60dca09b8174dfa2c888424cb5f10f93f7e3548054bf4973f381ba
.dependencies/DC/Page/CDCPurchaseList.Page.al	19	5deb3a254bb9f9f57b972129caf8ee1d9352ccfb6fc81b8db1554af5cde1d4c7
.dependencies/DC/Page/CDCPurchaseListArchive.Page.al	15	0f9b543508ef05d93f1e1bf374e3f663960afe798e70010045696d7e29d60375
.dependencies/DC/Page/CDCPurchaseReasonCodes.Page.al	44	d3d9d3f84623a366023418ddef9dd66dfa3b1c5d5e6c2404006e31ad13be9f77
.dependencies/DC/Page/CDCPurchaserTranslation.Page.al	94	d5475d6c9094e1cfe22726f0385f51383cb644dbc54faff558799cc4f7a67e5e
.dependencies/DC/Page/CDCPurchCreditMemoMatch.Page.al	168	39a7f8f32827c9f3b073e8bd74bb1e06c6ba73e29d189b0d2fd4ab23c3ea2329
.dependencies/DC/Page/CDCPurchCrMemoArcSubform.Page.al	2	a06a4a1d70529f1351be10bb19659ecd501b6769aab55bba9556d328a258dcf1
.dependencies/DC/Page/CDCPurchDelegatetoUser.Page.al	2	a35b343f8b0448113628c349ce2a2d375cf6d5e8ec690176fa09d059659e79b6
.dependencies/DC/Page/CDCPurchDocMatchTrckSpec.Page.al	2	0909a53e68f150ec38d93784319501e985b2809663773afab46f5d924e375535
.dependencies/DC/Page/CDCPurchInvArchiveSubf.Page.al	2	bcb758d3cb0a4d001b95b3084ac5086850b670c883214658318c6312819ac907
.dependencies/DC/Page/CDCPurchLineTranslations.Page.al	94	d386aa7e6d1be8a8e54da4536f0fa644387e54bcc1e97b907edc68e24510fd27
.dependencies/DC/Page/CDCPurchLineTranslLookup.Page.al	60	50b494cc50c3f70f2069a8d16bf4e40abe963b3cfde26fc5d7cdd38219454d09
.dependencies/DC/Page/CDCPurchOrderPreview.Page.al	8	3d7dd122063c1d79b488447f2cc0356594c3afb00b558afd48b1843a1c3ca6c7
.dependencies/DC/Page/CDCPurchOrderPreviewPart.Page.al	8	66b97ca827281c45cc15d1bc9bd5b3b61d161ad2b14e473e188fb44a36f56d45
.dependencies/DC/Page/CDCPurchRcptMatchSubpage.Page.al	201	389f90e699be0c14687e2713c4adabb2bd7b5b27d66bc7af9395a5b75497cf80
.dependencies/DC/Page/CDCPurchReceiptMatch.Page.al	98	928959481afce6b2353a63fc73928125bac2155f5e837f4e6678b0a7bb5672c6
.dependencies/DC/Page/CDCPurchRetShptMatchSp.Page.al	186	305913e9791077b0b2b4f5b2035b3cf4004c78aec9e394cad17f57af64fc67be
.dependencies/DC/Page/CDCRenameDocumentDialog.Page.al	12	1e0bbfbf70e5b75825756402552cb8460a2e76e302894b72e39c10b0bd9938b2
.dependencies/DC/Page/CDCReqApprovalComment.Page.al	23	88b611fb0eabc65d7d06d8e42ff0064523be0f6624c6a2e1d5f59be5bc65ad74
.dependencies/DC/Page/CDCReqAppvlReasonCmt.Page.al	45	0378ed963cde6bfaddf36035548954c0a543b3ba06e8b76e7fd8700a37ef786e
.dependencies/DC/Page/CDCResourceListComp.Page.al	52	208a05bc84a181862460e95a0b381d1e0b090b3363561fc1d4c5f0e791d140dc
.dependencies/DC/Page/CDCResourceSelections.Page.al	36	4d7a031828c5bb51c482f35e1ec520936177be37277dfa53d884224feb53e979
.dependencies/DC/Page/CDCSalesOrderMatch.Page.al	63	e8cdcd7d633c27471324c78dec92b4bfe21cbf23cfea6577470bc78e38e6653c
.dependencies/DC/Page/CDCSalesOrderMatchSubpage.Page.al	168	229e36f708303f1e26c2fc2b1e0a7baf125d0ae622c2d99e51fd9065da5d5c9f
.dependencies/DC/Page/CDCSalesTranslation.Page.al	94	8950b97c31363739f865dba712ff13f3d79027ab73b531a3534a2a4aa4aee566
.dependencies/DC/Page/CDCScannerList.Page.al	2	b20cc857e99ece587291bece8762e78fd787e27d123d75e83bb822c91db96759
.dependencies/DC/Page/CDCScanningOCR.Page.al	174	002af417507b72f19e6cf867280ca3c95c9378b2e4a35ff9d232892e67144509
.dependencies/DC/Page/CDCSecureArchiveSummery.Page.al	45	0c689f538400116901c6ad20fb6f0537ca70eb860045a528c543dd47da55f9d2
.dependencies/DC/Page/CDCSelectFieldOption.Page.al	36	f2911f210fd932472de569d40e6c6410430bd69df31a85113ff7bc4e4597d8d6
.dependencies/DC/Page/CDCSetupOutofOffice.Page.al	44	b62e0d2a41253a75e7a139f4875708c6e64be46e0d1973d96dbee3282bf98bb7
.dependencies/DC/Page/CDCSetupPurchApproval.Page.al	96	a76a9c38f6c8243813c60ef140313b5328d9153905151fbf109960bb7c4339cc
.dependencies/DC/Page/CDCStdAmtDistrCodeCard.Page.al	2	d700cbd3249911ba7af1c8a96557a3bd3d3ef4ad41058a264d3d3a94003584b3
.dependencies/DC/Page/CDCStdAmtDistrCodeSubp.Page.al	39	9cabd1f9d5744161c1b9e563035794956960da3ed6f2cb6adbd2b4677a09b5cb
.dependencies/DC/Page/CDCStdAmtDistribCodes.Page.al	1	c3c0dff1e780b23e705dbaa90cd1a52b3243ae1754d1a871a4b1c556a784db5c
.dependencies/DC/Page/CDCStdVendAmtDistCode.Page.al	4	fd67106939e05f6a65f10fd434281a533380ef4ab469ca12bfd365d23d9f3463
.dependencies/DC/Page/CDCStorageMigrationStatus.Page.al	21	52585904f6a31ab2bfa0beee6fd4099d8a5ecd506634df21aea5fe700c40050e
.dependencies/DC/Page/CDCStorageMigrationWizard.Page.al	290	000ddd0fb272da2fce78f7930ff599bfda5bcae1db50f769388c7bbc03a3d783
.dependencies/DC/Page/CDCTableFilterFieldList.Page.al	84	913cb575fa295100af5e7ee20393d4f2e57aee9e3c15502d412d123a1d9063e3
.dependencies/DC/Page/CDCTempDocList.Page.al	30	5b7d6b15d08fb2be8817cf42389ba5a955afd76a5350f90d38f3a7612778c9b0
.dependencies/DC/Page/CDCTemplateCard.Page.al	396	98db5bf292c075f710d7803cb263acdfdedd28b9029ea0c0a42c35a95fdc93bc
.dependencies/DC/Page/CDCTemplateConfigGLAcc.Page.al	42	222cd0fca470693a1c09d31618d1192d7793ee34351db6c2a3f076fda18a8693
.dependencies/DC/Page/CDCTemplateFieldCaptions.Page.al	2	e8c1d03b7832d800351fbdac30507279a8f7c981b33a2454493c08d4fe4ecdd7
.dependencies/DC/Page/CDCTemplateFieldCard.Page.al	548	46fe33c4c589852f8e2fb74cda067dd3cc95ec5cd76690b019258ba2d23ad8b4
.dependencies/DC/Page/CDCTemplateFieldCodeunits.Page.al	29	382dc088b409898ed45ffb3d3096ecee63fb1ff8d6bf3b71cd1b026b67858c5f
.dependencies/DC/Page/CDCTemplateFieldList.Page.al	3	32959268f065b879d9c7580727c9a8ef9c87a16e74344cea247398e8ac11fbb3
.dependencies/DC/Page/CDCTemplateFieldListTemp.Page.al	12	ea8a16993d61e4a745732eb63540b847c80b89de06c4ca09313cf425e6ea7a9a
.dependencies/DC/Page/CDCTemplateFieldRules.Page.al	4	36b52fdf29f135489101c1a6a6b3dd2d941dc412712a7a7ce239a9e554ae3a3d
.dependencies/DC/Page/CDCTemplateFieldTranslat.Page.al	2	3790e6434a3e4f41e76888d07dcf5d00a4faa2e9301b6b95ccf8bb37b63119dd
.dependencies/DC/Page/CDCTemplateFieldWizard.Page.al	491	b186b77a575fb6019e1551a59ad8c3985d711cf54a2bceb559050fc9218c962c
.dependencies/DC/Page/CDCTemplateList.Page.al	53	f20c510bc117fa4f9e36bdafadc4e224400f7b70d9282a71ebc3e2d3bb235d12
.dependencies/DC/Page/CDCTemplateSubpage.Page.al	190	cb1fcdfdf6333275a973755ab825ff8def3037b772eef991b83701dc9645155b
.dependencies/DC/Page/CDCTemplateSuggestions.Page.al	23	355270b57570d7e371322d322e73d321208c946eae42e67a66cac63738bd8002
.dependencies/DC/Page/CDCTemplFieldCapSuggs.Page.al	20	599fce553b5c09601a2c625eaec571cdb79fd874030bd44550949c050f305db8
.dependencies/DC/Page/CDCTmplHdrFldCptnSug.Page.al	99	b150ca27b94faca2d4cbc4f91ab44e5d78a3b794f0decf38e0d0cfafc66c9279
.dependencies/DC/Page/CDCUOMTranslations.Page.al	7	1a572159c55a0aa222e40591f114c241703494d169fcbad94fc415f28f775c49
.dependencies/DC/Page/CDCUpdateStorageSettings.Page.al	132	060ba9dde549ba4f66b28557b018a6714ec69b3f4b3b2a92a370c54a9e54ce90
.dependencies/DC/Page/CDCUserbyAppUserGroup.Page.al	88	3dc1db704306e2da86e833149772932b3206f4dffff1fe84d478e6fb070067f0
.dependencies/DC/Page/CDCUserPmsFBComp.Page.al	14	1c231ee0f61687ee235cc1b3b6594c32ad95e0e66ee84aeda8a2f3a386a9d416
.dependencies/DC/Page/CDCVendorStatistics.Page.al	20	b6acffa6f284a2db6f2d8c0af41d4b4da4c47067ee18d320b0164849d636491d
.dependencies/DC/Page/CDCXMLPathLookup.Page.al	54	9d6cf156f7efe4ff77caec3f3361015303bdf99be6e677875d6c9128950bd404
.dependencies/DC/Report/CDCBatchRegisterDocuments.Report.al	25	137d91e273a8ebfc5c69e96a12b0b233918c6db464c35ddf3363846180a8eca7
.dependencies/DC/Report/CDCCopyTemplateRTC.Report.al	43	b6cde577feda79de570a633cc20538d284c3f2bd4dfdf1d1792d5288eaa4342e
.dependencies/DC/Report/CDCCreateControlLogEntries.Report.al	23	8283d1bae7157439564881ea1727348fae00a2d8ccc7ac9f93c8f558304a548f
.dependencies/DC/Report/CDCCreateDigitalVouchersDC.Report.al	6	d00530bcaef7c0303759d6cce01290318f0ed6ffa5a1d922ead5c75d727f7a39
.dependencies/DC/Report/CDCExportAttachments.Report.al	145	ea3ceaa84d4bb34299a76f0ec46e264a888fab4bb49f7fcc014f1a5af6523673
.dependencies/DC/Report/CDCExportOCRConfigFiles.Report.al	2	dd7b5d466cc0feb5ece7ac1b4bae5a9def128fa6ecfc953bfcd59ffe870763de
.dependencies/DC/Report/CDCExportPurchaseInvoices.Report.al	64	6c2aac5197bf2184bc57cd47e62ab757825eeb9c40373f6d7b93da457ca8978d
.dependencies/DC/Report/CDCSendStatEmailCatMan.Report.al	2	339bdb22b9552237215b189a5c7c8690e8cafb82f2eb04f86ae9028c4f478f73
.dependencies/DC/Report/CDCSendStatusEmailsRTC.Report.al	3	2e9421f35dd6f79fe4a4ea21ef379fd474444f8e3bf77de0e53282188aa77311
.dependencies/DC/Table/CDCAIField.Table.al	59	1f36fdcb98dfc8554f67b83e89be1b423cfce183c507491c2dad5e931d363707
.dependencies/DC/Table/CDCAIKeyValuePair.Table.al	18	d8245c62a4866ca5feead330a622c39994f5d998af8f61f630f584b785a03220
.dependencies/DC/Table/CDCCompanyIdentificatText.Table.al	2	a772cd7cb31a8c6d29a2052659886ddbeaa12c9ef07c56bca7bc30248e3dde93
.dependencies/DC/Table/CDCContiniaUserProperty.Table.al	7	51054359712ab69b7216b9ddeae68bc4f9c8bcebf722c5651647370a5b46cd89
.dependencies/DC/Table/CDCCustomFields.Table.al	159	75c2cec3de957be6977aa904864c66580d5295c84571f6a02382dc8d5bc27b7f
.dependencies/DC/Table/CDCDataTranslation.Table.al	112	8213fd0d9664caf87f75cabe259e6301af50da9e7cd2e9bda9925ef03a1a8a4b
.dependencies/DC/Table/CDCDelegationSharing.Table.al	125	74658f5aed6c2d5932f2c0e8625807404438412cd5bc274b468e514336db120c
.dependencies/DC/Table/CDCDetailedApprovalEntry.Table.al	5	219b1267f953e031b57e7a2454356a08771aab6ea4b5951ce049214a0f0d58d8
.dependencies/DC/Table/CDCDocAITempBusEntity.Table.al	61	6eae493db1f7c769fa70f2f6f88d221e3e6c182a58bc68522b71dfccf7a2c96a
.dependencies/DC/Table/CDCDocCaptureTestMessage.Table.al	7	cd7c55f7c270f84bab235d67bd1e332f34fb8186e2febaf3108ab11e9e1ce718
.dependencies/DC/Table/CDCDocCategoryIdentField.Table.al	4	7a4697bfc47a073e84423dd72d48072de3f58f606954584ff381fd6a0f25e6c1
.dependencies/DC/Table/CDCDocCommentLineUIC.Table.al	20	3d911c0e34d81eccd01f7978d8392701857f7d060666277d260938eb149294d5
.dependencies/DC/Table/CDCDocument.Table.al	1370	08670cb67de1f2e3cddfe4ab44c21ee14eed0156a791bfb445162faf5c232cd7
.dependencies/DC/Table/CDCDocumentActivityLog.Table.al	2	d97d9cc3784a0086d8a1c7fd18eacca4a9c3e534dea9c368b2b5f22595559769
.dependencies/DC/Table/CDCDocumentCaptureCue.Table.al	34	f03d4ce913b427beb9baec25fd358547185c5f12ebd8033da797b1e101d22cab
.dependencies/DC/Table/CDCDocumentCaptureSetup.Table.al	763	169d95c7e0b00f03730aa6cd02c4043acc3aa584985ea372aec4fcc0f1a712e4
.dependencies/DC/Table/CDCDocumentCategory.Table.al	534	429de232ddcd273db7b0f22e8650854a4f4a232b30947e26b61d6d648884df4c
.dependencies/DC/Table/CDCDocumentCatSourceExcl.Table.al	8	c4e735dbc349915805694ccd10a5f653d87e4a0530dfedc18b635bd59860996e
.dependencies/DC/Table/CDCDocumentComment.Table.al	32	a9b358d41495a027b872b012af5f722dd9d05c8e54e45f7917869870aecd0b2d
.dependencies/DC/Table/CDCDocumentCommentLine.Table.al	26	529c2f7cda1a8f27a8826ddb6cfb7627b1796bb33b4ed398d17c7d74051935c5
.dependencies/DC/Table/CDCDocumentControlLog.Table.al	16	15f6debb0fd7728aadffbb6cda03c615a9e7273d7c4f7df33c9013a9cc1a63db
.dependencies/DC/Table/CDCDocumentImport.Table.al	5	bb5859da46fff41c93777feaa79e3d747594551fc79e2f21064d6ca556e4f23e
.dependencies/DC/Table/CDCDocumentLogEntryTypes.Table.al	26	239b9875b0f73772556b9964dc593cc18139dcfaaa5421558adce654473da0af
.dependencies/DC/Table/CDCDocumentPage.Table.al	71	08e353ad6c6ce74f686674cb2c19086e7d61eb97d2f89c1b61e94b72e0560d59
.dependencies/DC/Table/CDCDocumentPageLanguage.Table.al	9	7e14daff067849f98d491aa92e799db9ff7c868d079159264cdb14d344c9d162
.dependencies/DC/Table/CDCDocumentPageUIC.Table.al	43	b27966deedcc6b442c274cef8a0eeb4025f2a851489efadc9723e8b3441893c4
.dependencies/DC/Table/CDCDocumenttoRecognize.Table.al	2	be85e2e689ebf524e78a079f0a59011e995d37e2c5a5015eecbb0da762b3406a
.dependencies/DC/Table/CDCDocumentUIC.Table.al	208	b42a93586f0fc28c9ec69481889264f846e55b87283e82fe8bbda885a57acc9e
.dependencies/DC/Table/CDCDocumentValue.Table.al	58	27021d89c037cabf2d990e8b14aff45be29b6aba124a663b1b5e811aaaba4d91
.dependencies/DC/Table/CDCDocumentWord.Table.al	10	f82b4583e6efd247e8a60c351af57bdc81a9588cb19371a3df87c55fa969f9af
.dependencies/DC/Table/CDCeDocSourceIdentif.Table.al	9	e5e2ef59bde5a49c74cd98878f40a723ca9a4190b7582030cd7e1bc8d080b79d
.dependencies/DC/Table/CDCEmail.Table.al	19	8bdbde42f15e6e84614b724881d2d8e19ea087b99d14f16a7131c166891bd0d2
.dependencies/DC/Table/CDCEmailUIC.Table.al	15	6d496dcbb13288a2246b762c1798d55ea7b1de2c51d7001e73b3acf9d3904cab
.dependencies/DC/Table/CDCEventEntry.Table.al	12	f89e679a93441e03f695c4660e83a4d8f9e69cc0dfba6da8c9be1308810e6b63
.dependencies/DC/Table/CDCEventEntryComment.Table.al	6	75c0f4b97bddced81fd141df9aa69eb0367bed4aef809d4c81485086536d41e9
.dependencies/DC/Table/CDCEventRegister.Table.al	13	3a78cbdddae6fcf088526bf4a64a95ae61681678bc77b2c327d01ff3e6491f8e
.dependencies/DC/Table/CDCGenPostingSetupInfo.Table.al	11	e7323ef30bd93fb4089dbec7190a00171047b5a5c68043dc895e7d59d4f07f3c
.dependencies/DC/Table/CDCMsgCenterSetupTemplate.Table.al	64	60f7b8305f4baec5ee2c91a64d6ab510737e92b454f530b0bea2f1fd938e5053
.dependencies/DC/Table/CDCOpenDocRemEMailSetup.Table.al	3	93d5f8d37987232e2760531a6435cc5804e7e80187b4afe4c00899f7a37e6e5e
.dependencies/DC/Table/CDCOurConttoPurchSalesp.Table.al	8	f29e33f51cd960d48dbd2db08ea94f4af9fbb91f99ca7c887c25073d379347a5
.dependencies/DC/Table/CDCPDFReportSetup.Table.al	8	0d0ff5cbd2f1eb5923b02d32611057623549aa108aa7128096f53835982bef40
.dependencies/DC/Table/CDCPurchAllocationHeader.Table.al	297	bc487925666e06d59f51665ea519361545be53d9c7846b347e1e0a0826fd45db
.dependencies/DC/Table/CDCPurchAllocationLine.Table.al	154	fc334702106b78e9a8ed4a1faeb9459ed1d4eeadd761204abb23cf8958649b10
.dependencies/DC/Table/CDCPurchAllocEntry.Table.al	2	12be8b9a22ca50fd6a54646b5fa353002471300f2904f30377ed31eec9c32332
.dependencies/DC/Table/CDCPurchaseHeaderInfo.Table.al	58	cb6aae5261f150f0afe7f22b58fdcc3ae435192d802889334aae893fd6c9ba02
.dependencies/DC/Table/CDCPurchaseLineRelationship.Table.al	3	271027745e1d7c12a0dc8cf311a401cb71a114398503447221e213f81e6505ea
.dependencies/DC/Table/CDCPurchCrMemoHdrInfo.Table.al	2	4e5303fcb50e189a8961f89514e6b653c5ca476199e7e95b1fd88890b92b4032
.dependencies/DC/Table/CDCPurchDocMatch.Table.al	10	9a8eabec0cea98384e38512d547631a842539900e4e374ff4d00fa2746aa6aa5
.dependencies/DC/Table/CDCPurchInvHeaderInfo.Table.al	2	cf420532b7161e0d35ff7ccfba2c8480345ffab7266f2cda818d9d7f6a916351
.dependencies/DC/Table/CDCRecordBarcode.Table.al	39	c6e17c38600d1a60f580f3ab53fbc4a3552876dc67764445190067110dda53f8
.dependencies/DC/Table/CDCRecordIDTree.Table.al	5	fc0e05e266f989c1e26eef602d6c67983f78c6b9cc93fd6991d9972ef4b3c9b1
.dependencies/DC/Table/CDCStdAmtDistribDim.Table.al	32	06835889d060d1084780d8d20298c71b342f419c12af354838aba2a76ddf1cf7
.dependencies/DC/Table/CDCStdAmtDistribLine.Table.al	184	f66ab288cc24a137d5fe8c01a8b06e20c1435801f7c2e222e1b9c53885dedfff
.dependencies/DC/Table/CDCStdAmtDistributionCode.Table.al	38	e0cbebba95cf43311735bf638c4b333590e485f86551dda261678b3f5a8dd3bf
.dependencies/DC/Table/CDCStorageMigrationSetup.Table.al	20	bbf0fb475c8462eefe6d637d1fff5835a15f82c6bae0c47b0dea73ee8d6915be
.dependencies/DC/Table/CDCSystemLog.Table.al	2	a60ff35248ce0bb5eff8ad105dc2ca33f6b058f4a95e6c8e6fc0073a381f291d
.dependencies/DC/Table/CDCTableFilterField.Table.al	63	228ee5afefe9a79c0f432e80bdc320021ace4fb57e53c41fdb5849c26b48b93a
.dependencies/DC/Table/CDCTempDisplayDocument.Table.al	239	923e6b23e70b547c527501d937d64865158610ca9d82046a8325dd3148308a75
.dependencies/DC/Table/CDCTempDocument.Table.al	5	beb188e636a6df41760a779f90c93c2c5f74c8617e75dc1df276f274c18db979
.dependencies/DC/Table/CDCTempDocumentLine.Table.al	443	94b3aea2b3d645417d74e14d9666af68497d693c08dd568f480473af1e9e0577
.dependencies/DC/Table/CDCTempDocumentPage.Table.al	27	0fab029d32677c59107b66693f528afe96c1949967594e32cce2243808ade378
.dependencies/DC/Table/CDCTempeDocReqAttention.Table.al	47	dca10179bff3bfdc902a1a8f26cd780aecbf558beee79b270b2b85961879f15c
.dependencies/DC/Table/CDCTempFile.Table.al	157	81850daa2a5f5006a95c899a9ca7b330f2d540b0581b7d20dacdb5e26d83a2fd
.dependencies/DC/Table/CDCTemplate.Table.al	1415	de7d402d5a328c17a1e037895bb5638dc9724328a6d86b011ca9b6e476e0b728
.dependencies/DC/Table/CDCTemplateField.Table.al	625	7da55bf58c6833c898cae618393803880b81dd4dba9c5d4769c14048fbbd241e
.dependencies/DC/Table/CDCTemplateFieldCaption.Table.al	2	0bf31b9c8b9880c7e899d6666c33d9079d2f723bdd083a49e6c50983dd8f3172
.dependencies/DC/Table/CDCTemplateFieldRule.Table.al	41	8d80de45087377ac18a3e03505adb1649e1f88ee2fda0ea891fa1930eb939379
.dependencies/DC/Table/CDCTemplateFieldTransl.Table.al	13	39794a7a7138db42c009f035fca608f8eeb3e8617dd72c219b7772d02609ec29
.dependencies/DC/Table/CDCVendorDocuments.Table.al	94	d068d4f5f4af2fc171c8868886ada750dd126ad35c91deef50f2d734b94edda4
.dependencies/DC/Table/CDCVendorPostGroupInfo.Table.al	24	fe71e75932c474ceac12647cea09862106eb0a85ece93e39c5c2ce62ce7b293f
.dependencies/DC/Table/CDCVendorStatistics.Table.al	83	934df2992248e521c89d3a973eec217c530554514dacd64e459045774d57bea3
.dependencies/DC/Table/CDCXMLBuffer.Table.al	10	5afc9300cce08293f390bcd50427dda37f81cbdc9670ee33021a1420e1ef1ece
Al/Cloud Migration/CDCCloudMigrationMgt.Codeunit.al	69	64b852312b9d4eec04cc8ae95158eab050f456df78d9dc999a9ff492cf937ac6
Al/Cloud Migration/CDCCloudMigrationSubscr.Codeunit.al	91	c2ab6eaf4ed4150669b7dc34d35b95a75e56fba8f5b9e6f11ac320586c0661fd
Al/Continia Hub/CDCContiniaHubSubscr.Codeunit.al	123	2daac949d415b408e09671ae15cbd92df86492b6bf5c816c3e7217c3bd41d804
Al/Delivery Network/CDNDocumentsCounter.Codeunit.al	58	f441888c38c4b643e38f6be106b56846db82b64785048640fb509818f952fc19
Al/Delivery Network/DocCategoryRetriever.Codeunit.al	39	55dd989ac193e1b3ac6538f72aa9c27d0690862edbc76d12d28eeb31e73ba799
Al/eDocuments/XMLStructureSetup.TableExtension.al	13	43ba9c26ddf78485474a9e0b7b8153b86b4fac12a1631ceb3fdbdaf6cb21fcb8
Al/Environment Cleanup/CDCSandboxCleanupSubscr.Codeunit.al	13	ca65bbca85c02d1319ffb074213cc8b678f048c49b5591bcf4844b3c34541d23
Al/Error Handling/CDCErrorActions.Codeunit.al	4	7e6a70d3d186cf01809ab02c3e0217f216de332a9e3e356d38701bae87bf159c
Al/Implementations/CDCCryptoMgtSubscr.Codeunit.al	6	93ae20d1e4f0937d92fe00483d4ce49073538a11743839ab6281f533eea1f0c2
Al/Install/CDCAppInitialize.Codeunit.al	30	b836cc70421e18ed11e0af8c170a8130ab8e345cde839e3bcd9cbbfa20f11861
Al/Install/CDCExtensionUpliftMgt.Codeunit.al	43	9b25fd0bfc7ec848a935f3b45f7265117e16d1e9bb62d14cf2ea2851dc733299
Al/Modified/CDCAppNotificationSubscr.Codeunit.al	76	f43e78d465ab2e1699560d78fde04a7c137eadf46952b54ce60b25441fac024b
Al/Modified/CDCContiniaCompSetupMgt.Codeunit.al	20	4d52147b709edb8fd333146f8f89469cc0ad783b0469f65f9a6b758375508fa3
Al/Modified/CDCDocCaptureSetupWizard.Page.al	448	e69df73fe44c8445ccbf67ede457179f7504c0a576ce1c79e531a80cdc7b6ffd
Al/Modified/CDCDocumentCaptureSetup.Page.al	270	8438d2155877d308e1917e4534b27ef5a4c26626bbbc67c5e57339fecd16365e
Al/Modified/CDCSaaSManagement.Codeunit.al	35	dfc71dcf79d2c4c323f0297503b424d7a208a852b91d1592b09356707b8d8a44
Al/Modified/CDCSetupWebApproval.Page.al	60	954b82ba19e18e95b19905fe12a46abd9a0beb941822272ee30b7ddfe677ddff
Al/Modified/CDCURLManagement.Codeunit.al	58	a6913dfc78b5f6d775a972dd934c0349970f876dda620dc46456551538b59caa
Al/Modified/CDCWebApprovalSetupWizard.Page.al	282	dcdd2c24fd1c9cb44a1f189edc07978ad5d75cc6020bdf44689c00812f8bc464
Al/Module/CDCCoreModuleSubscr.Codeunit.al	73	b218bc87a952b13109c244b66e6d897e85603de8fc066c3892ea928e85c2feae
Al/Obsolete/CDCeDocumentsFeatMgt.Codeunit.al	3	77aef3e15a9be5477328267ec5509a33e8be4e781e4fe63f76dfd853764929b1
Al/Overrides/CDCAllocationAccountMgt.Codeunit.al	20	1cac1805ab17069f5209f621f79f78dabaf8c9b8ed3477bbe5374b7b13e553ec
Al/Overrides/CDCAmountandRoundingMgt.Codeunit.al	16	c3658ae24e82eae4ed189bab70c1e7218832a4b402e348a4d741024931a29899
Al/Overrides/CDCApplicationAreaMgt.Codeunit.al	75	abed9ab71b0be4fc9964446d7d3f59bace147b5063762e0b08797cb17f97d1ba
Al/Overrides/CDCBatchProcessMgtSubsc.Codeunit.al	48	bd0ae6d9eab945b00d54faa8fd3586ba6577c94b539ee0d5606874be7e387070
Al/Overrides/CDCConvertBase64.Codeunit.al	5	5c6c70f37ed9eb9752489a946c7939d9eeac57afe039ff94d617953e5dee503a
Al/Overrides/CDCDateParserManagement.Codeunit.al	84	d8a91261d3852423254a884369fef3d5540407bc427b762c9fab001b0332f882
Al/Overrides/CDCDimensionBridge.Codeunit.al	14	2ee4347b1ceeeea23b87205a3c904fefcbb3e1337a6d1e2597e818c2255e6c35
Al/Overrides/CDCDocumentFilesFactbox.Page.al	295	c58eab431fef8d6306ed1362978939a0b4f273ffa6398c88b0a0ff4be621e540
Al/Overrides/CDCEmailFeatureMgt.Codeunit.al	150	9668c3c40b3f91d268aa931fdb7b759eb6f8f71a409ab4d3c3a25f59e806fe49
Al/Overrides/CDCGenJnlPostSubscr.Codeunit.al	8	2d167e4f428ff5b2afeefebf5b146b93f8940ac3d5837dc1e31e8bac25480a65
Al/Overrides/CDCIcons.al	33	f53594ee40375661f4ea109be3fb5dc7bb4d705591b0098f90bf7d3953c48e85
Al/Overrides/CDCItemReferenceMgt.Codeunit.al	141	0b0247d0d54e8f12ea31ed4055eee4a360c5439c79b991822d376a1638f5137d
Al/Overrides/CDCMatchTrackingPacketMgt.Codeunit.al	64	60ad58a1a6eef39744ce62d493c39c0b73804cd165da8185b2c911bf2210a7d4
Al/Overrides/CDCNAVAppMgt.Codeunit.al	27	851fe17ff728e19dd542d1c1887a42dcaab0c11ba42aa3769fc6ec58ea439d10
Al/Overrides/CDCNoSeries.Codeunit.al	18	ab6cc1a8fbc40212771e4acf04fb32ab029a94f2a3b88574b3c465372f3d111c
Al/Overrides/CDCPurchInvoiceMatch.Page.al	218	0601f63e1217e5b0592240b27a6cca49a2dfe1febedc021ec55ff272a3832adb
Al/Overrides/CDCPurchInvoiceMatchSubp.Page.al	222	489c7270adbe80827daf2b9be2c59561571001b04925a0904602861b6c3cab74
Al/Overrides/CDCPurchMatchSubpage.Page.al	242	ac69391b4ba5456b2205eb952cb3dc14308ce8a6fbb50803a125cad7c94e6303
Al/Overrides/CDCPurchPageID.Codeunit.al	8	8615463e89e5a0fe17cd3ea0adb3aaa5672962add62c161c7c7c966941ae0732
Al/Overrides/CDCRegExManagement.Codeunit.al	46	acac362f1c5ccefb1fae1fa80981511857b47e253cc136bf9653b0102bb6f4dd
Al/Overrides/CDCSalesHeaderSubscManual.Codeunit.al	5	e789adbfa590f0cd7c4d57aafc8dffd264066c47056d9cf2b787320fd93d1d39
Al/Overrides/CDCSMTPMail.Codeunit.al	27	f4528c03c9ad05c352bb6c114c77ec3e61bb5efbb435cc243e63f3bc75610f29
Al/Overrides/CDCUnitofMeasureMgt.Codeunit.al	6	c9a379c0658c7520e9fcee47d8254af1ec05acea92b8ff804f173a14140a8e64
Al/Overrides/CDCWebClientManagement.Codeunit.al	7	e932c2bcf512850056439862eec71a55f324ae5db2da071bf091d9a423bcccc7
Al/Overrides/CDCZipManagement.Codeunit.al	29	27f5cfb44b1d316aa08848ebb1911b6706ba7ff4ecc08fe2953d6207295e5ae8
Al/Overrides/Publishers/CDCClientFileSysMgt.Codeunit.al	29	f6e08723a81a736bd6a81cc9ad1d821fb14ea426e2fad2080f96d0c6caf95016
Al/Overrides/Publishers/CDCCreateDCProfile.Codeunit.al	2	97ead94c6ec69173fa2d0453ce31c2c81aee6e44e80ffcbe685ab76d3f9b6da4
Al/Overrides/Publishers/CDCCryptographyManagement.Codeunit.al	34	59f284dac6a1e9f4572f491cdf02c29749ee7c93ef36ccb672e955123db723fb
Al/Overrides/Publishers/CDCEnvironmentInformation.Codeunit.al	4	5583c6d053c6b96b9b6045ebc944005b00c2d0924e771c13455b29b2e21ec4b2
Al/Overrides/Publishers/CDCFileSystemManagement.Codeunit.al	66	ec578091abe0e6daf60c6f2920c3e60d88223294a16a819d917bef981b48eceb
Al/Overrides/Publishers/CDCImageManagement.Codeunit.al	13	5882e39cad41ab0b7675424e437a0c8264055235b472b9c4c5b089b2d30135ff
Al/Overrides/Publishers/CDCPDFManagement.Codeunit.al	89	90b11922b2e62c777cd1b0fda2d40caa2151eceef60f14b28d198341891480bd
Al/Overrides/Publishers/CDCPlatformTargetManagement.Codeunit.al	11	a5f98a9aacd43c1c1b18a29f665b37d24155056536e7649a7569a005e04f2cb8
Al/Overrides/Publishers/CDCTIFFManagement.Codeunit.al	83	6e8f6bbc06d61cae859635c937478ed922978e9101ba60cec369f84f074825fb
Al/Overrides/Publishers/CDCXmlTransformer.Codeunit.al	11	a1296718ce6bf7c615120e52fae71a7b90fdaa6da26aa2187adf55ac21519eb0
Al/Specialization/CDCBusEntityTemplMgt.Codeunit.al	91	35b10f6da0b6fae12e2038388348dc52194f1aa2c262dc4a0d7f07498726ebf4
Al/Specialization/CDCClientAddinJournal.al	209	a2ada122cbcae0ab39e86c30457d2d13c84f7170af601b92437ae4ecaa739947
Al/Specialization/CDCDocActivitiesBackgr.Codeunit.al	37	0dac1e6944fe946adeca70d912dfc4b3faefc02683b235603838cf3ba2ba150b
Al/Specialization/CDCDocActivitiesSubscr.Codeunit.al	13	ebccb2038c113deebecfe5e9da7c9c31676de7c968dcb63a9f5823d0c46a6fa5
Al/Specialization/CDCDocAIBusEntityMgt.Codeunit.al	605	a1dd2f3537bc8040431c4fe59c2385e39aee0fbbbd28e3d78501b2747bee0850
Al/Specialization/CDCDocCaptureActivities.Page.al	213	20a6bf40f902964929145bc2fd794f1b8d71b8c40269a0723f91d10189258fa3
Al/Specialization/CDCDocumentSignal.Codeunit.al	6	ebb51abc2d3fd39c7ebc3a6138a56a721288edfe9919a9ab92863c1e90cf80b9
Al/Specialization/CDCMultiEntityMgt.Codeunit.al	174	fa4907750c1141bdc8f7832e062a732356fa28ea11d48648f1040fe9dd8095f9
Al/Specialization/CDCStdPriceCalculation.Codeunit.al	10	6382654465d2451e5dd1abe51237e74666bce53bca5ae816e2b0bc16a9832e9b
Al/Specialization/CDCSwissQRBillBuffer.Table.al	106	3e044bd39336527c5821672ece2b7b223b22981cc8a0f24107d0bbadb8f7271c
Al/Specialization/CDCSwissQRDecode.Codeunit.al	318	6b7b66615e57892155ffc6ba2a2589873b372f091594f40650ed87b1bbd0f0d4
Al/Specialization/CDCSwissQRMgt.Codeunit.al	304	5e7211fd941034ea9f486354c992630512d63626df894ea62e1e7bbc3b6f01ed
Al/Standard Extensions/Page Extensions/CDCCurrencies.PageExtension.al	2	42b7b036e3586cb8364681dd6cabcfc8c5be89eba861268e08ce583e5c48ff1f
Al/Standard Extensions/Page Extensions/CDCCurrrency Card.PageExtension.al	2	10f955e18fceb64fab21e056cecb74b3335305cc1cea1a0efd0c81a6602e8bdd
Al/Standard Extensions/Page Extensions/CDCCustomerCard.PageExtension.al	126	2f217e5f8b8f2a383ba9a087ebe60f459b79bb5f45e413c536a9770e3ee0d1af
Al/Standard Extensions/Page Extensions/CDCCustomerList.PageExtension.al	4	df9fbfea27598e04d4724cbdd0ddc13aa110bc9b66086a207cc3fa371fe4a713
Al/Standard Extensions/Page Extensions/CDCGeneralJournal.PageExtension.al	25	45ad0efc98ff95cea3a62a66fb070875163878477a2a23dbefb744d8831f13cd
Al/Standard Extensions/Page Extensions/CDCGeneralLedgerEntries.PageExtension.al	57	a179ba56e0d10e88d44a249cacbcb6360d909c35f2189416181e5e3f32d38828
Al/Standard Extensions/Page Extensions/CDCGeneralLedgerSetup.PageExtension.al	2	ca6a9750d745e77d2472f9579e9deabc0430a05f1996643af60e451dc6c0ed77
Al/Standard Extensions/Page Extensions/CDCGeneralPostingSetupDC.PageExtension.al	37	19de92abef15e42c94bd8f1e03138d5065c4bdb47f2eaa77c71dd5a56912df0f
Al/Standard Extensions/Page Extensions/CDCPaymentJournal.PageExtension.al	4	436cb5d981a82597bc7698ad37d3af6a1111b7f7c941709a1f519b2045e4c464
Al/Standard Extensions/Page Extensions/CDCPostedPurchaseCreditMem.PageExtension.al	32	1593b47a703020ed8b5d1fcccdfe364367e2b145fae2840c71dd133b9a909260
Al/Standard Extensions/Page Extensions/CDCPostedPurchaseCreditMemo.PageExtension.al	71	0371ea2c98904668d030b12a40de7246ef6c9e4e8866e9e9a1b1879fbfb72c75
Al/Standard Extensions/Page Extensions/CDCPostedPurchaseInvoice.PageExtension.al	83	21529a62f7dc201f051b196f9c4a0b1c42e7cb37fe9c0d86d961bc0c7e213b3f
Al/Standard Extensions/Page Extensions/CDCPostedPurchaseInvoices.PageExtension.al	32	e63a1511cbf99e46518951d272c7518bf0c90788312e7bfc6959b91b439b34f1
Al/Standard Extensions/Page Extensions/CDCPostedPurchCrMemoSubform.PageExtension.al	12	eacbbfdaf12372f4ac881d90f54c3adefc5e6981be3c986f8aabc48f624f73c6
Al/Standard Extensions/Page Extensions/CDCPostedPurchInvoiceSubform.PageExtension.al	12	22320edb350b5aea8ce6ca670487987c584a7d4dbdab3b2dea1493861b08e9ba
Al/Standard Extensions/Page Extensions/CDCPostedSalesCreditMemo.PageExtension.al	28	984abab5d570c4a71e09ee10fe2545f516eaa97dcd11989c316837f617cf3e45
Al/Standard Extensions/Page Extensions/CDCPostedSalesCreditMemos.PageExtension.al	9	7d6bfa6a28108af8300a2c2f5f5125a6e07e8f7dfaeaac129ec4b3af1fdb8ed3
Al/Standard Extensions/Page Extensions/CDCPostedSalesInvoice.PageExtension.al	28	3aba3122aacad41c75aa68ec533c287907270aa689be5f4c2b060a417a7fcad4
Al/Standard Extensions/Page Extensions/CDCPostedSalesInvoices.PageExtension.al	9	8be92d4d708c97a751b1a11b3a52da86e549a4738bc002a0885feb5d0f4b235b
Al/Standard Extensions/Page Extensions/CDCPostedServiceCreditMemo.PageExtension.al	9	ff0191ac07cc6c33d33e824cb4fe5f6e0307640708aa09a8225728fcabee9cd7
Al/Standard Extensions/Page Extensions/CDCPostedServiceInvoice.PageExtension.al	9	d6c14d77df97a702de3ef36a6e5ab8cc56afea39d018ce5727e0ba0e16b382aa
Al/Standard Extensions/Page Extensions/CDCPurchaseCreditMemo.PageExtension.al	146	04b82d88825d3c4dd461f4532d565f2f922bb7fc64b1c6ab5b9e39ff15fc9e3d
Al/Standard Extensions/Page Extensions/CDCPurchaseCreditMemos.PageExtension.al	98	8cdcd9c802cbc8cc35d051e3326d8a491dc8b30c380435c30aa1c4f7bb27a880
Al/Standard Extensions/Page Extensions/CDCPurchaseCreditMemoSubform.PageExtension.al	47	35b45abe95c772148ce4389410327eb16c7009817ad0ccbd004dfd08b870404e
Al/Standard Extensions/Page Extensions/CDCPurchaseInvoice.PageExtension.al	170	1742a95f31b908dd6984606438508cd7823b99327c6676b984de28fb9494aeca
Al/Standard Extensions/Page Extensions/CDCPurchaseInvoices.PageExtension.al	104	b81c52f605f825695b92e7dc39739a93ebdf7cd61bcc098d0183db4abeb3a485
Al/Standard Extensions/Page Extensions/CDCPurchaseJournal.PageExtension.al	25	1e190c8b279457f66cff1a2c85c63ddc91afcafb8c450bdc012a7364efbfd5d7
Al/Standard Extensions/Page Extensions/CDCPurchaseOrder.PageExtension.al	201	3cedf9a7a86b8fd5213eae8e50da5a759778d6b5c58acbc6d13e3e46b7e5b206
Al/Standard Extensions/Page Extensions/CDCPurchaseOrderList.PageExtension.al	92	c98f2ab20bda98a86dc29f43b063f3fb7d15c90f7370dbfbb6f6385ede379b49
Al/Standard Extensions/Page Extensions/CDCPurchaseReturnOrder.PageExtension.al	148	1a7ebdd8a2b57fd581d6081c1c69fced97789e2afaeba4c5f7b72530f91125a2
Al/Standard Extensions/Page Extensions/CDCPurchaseReturnOrderList.PageExtension.al	87	107cf5001c3a19b460e9b16bed8b9c8b6f17c4c0b9bc4a52f09fcd3d43ebdaa2
Al/Standard Extensions/Page Extensions/CDCPurchaseReturnOrderSubform.PageExtension.al	47	6b71c1416fbda538aeefed856f1c016aaef80b8c2f94398bee049a95b03fc1dd
Al/Standard Extensions/Page Extensions/CDCPurchInvoiceSubform.PageExtension.al	92	4ac727e51343eea3817490cd5c4866cfbc4d20a76a55c1817d995b3821c7b762
Al/Standard Extensions/Page Extensions/CDCPurchOrderSubform.PageExtension.al	83	953b85111d99871f1461bcb28ecd60d6a252a6b8612a009ededc57ab047f90d7
Al/Standard Extensions/Page Extensions/CDCSalesCreditMemo.PageExtension.al	23	7b2a1aa95ffedfa251d3637b3caf034931625852d2be7953fcb31bcf32653533
Al/Standard Extensions/Page Extensions/CDCSalesCreditMemos.PageExtension.al	9	e0e1b9a9d37ed29e28ff1115bbdc0d433498c83f88079e8fe7913f0127090ae0
Al/Standard Extensions/Page Extensions/CDCSalesInvoice.PageExtension.al	23	d2051072d082339293fbcc6ffd6e20210317fd41bf5c7c6bccbe37206bca1ed6
Al/Standard Extensions/Page Extensions/CDCSalesInvoices.PageExtension.al	9	d38c8b8a1762f70fddd380942cbfe84fd0bd623f33cda541aaa2afd1e8b0a478
Al/Standard Extensions/Page Extensions/CDCSalesOrder.PageExtension.al	75	6a101405dca9c905173f515a29dca229fc089d326e536ebbaa9f9f5b4211e9a5
Al/Standard Extensions/Page Extensions/CDCSalesOrders.PageExtension.al	9	6047d89d820fd77b1b97c9b424622074c2e27370fc68d026f9d45dcb9540cca1
Al/Standard Extensions/Page Extensions/CDCServiceOrder.PageExtension.al	12	76cfd871998cd0e6b3fbfa54341c5b64e83f033f2fd08dc2fb0943f508dc8d7e
Al/Standard Extensions/Page Extensions/CDCUserTaskList.PageExtension.al	6	41dcdc6dd14b0d5b4b798b7f10b1b630e8c72039238e22789969562d23fc83c6
Al/Standard Extensions/Page Extensions/CDCVendorCard.PageExtension.al	133	11999e36b57976d29bc1d260c922218c7275634351a83c72b188f1311e84655f
Al/Standard Extensions/Page Extensions/CDCVendorLedgerEntries.PageExtension.al	45	dfa5fa39787006051e5828f3e35cbed75a473383b55158537d9309c843a471cd
Al/Standard Extensions/Page Extensions/CDCVendorList.PageExtension..al	4	2da3ba656dc59326d4701168cba2b89aea37a249928a0781ce3f2c615776fcdd
Al/Standard Extensions/Page Extensions/CDCVendorPostingGroupsDC.PageExtension.al	59	5d71b92ec10d995db2467562d8bda9f9d4a3362b6d9f7f6677c9c934d514b2d9
Al/Standard Extensions/Page Extensions/CDCVendorStatistics.PageExtension.al	7	61c62cf2a766afb0c512a11258ae6a798c44a3b88b9179cb02e38dd5ef4aca50
Al/Standard Extensions/Table Extensions/CDCDocSendingProfile.TableExt.al	17	4622cb39ab5f752540ea2fe457c28913cd4652e66a1d38001e70b9c1e2c2a3bf
Al/Standard Subscribers/CDCAggAssistSetupSubscr.Codeunit.al	44	908f7ad8e2f0c634566faab92fabb92a2b2a473cab294b87ee0ea51c06a0c9fb
Al/Standard Subscribers/CDCApprovalsMgmtSubscr.Codeunit.al	17	2ec4ecba8bd5633bce46c706fd61082698e75f1f3a58abdf6efd003be64be919
Al/Standard Subscribers/CDCBusinessSetupSubscr.Codeunit.al	29	f7d7563e5aa53163eeaa509b27a685c704e57de849ad9b9a25ff713dd46920ae
Al/Standard Subscribers/CDCDataMergeSubsc.Codeunit.al	54	908de78b7c1ffcdf408e5251679cc640d9d096cfbc9d5870aab4a8341ff2800b
Al/Telemetry/CDCSendDailyTelemetry.Codeunit.al	54	fead638cfb55fb4205c05e75c5633ae890e559a23bbb7a19f69495a8edd99379
Al/Upgrade/CDCAppUpgrade.Codeunit.al	475	96654d7dc877fb827bd564ca9468a94be987132d6ff5362d7a0080e92fc7689f
Al/Upgrade/CDCUpgrade1000Functions.Codeunit.al	322	31a3493f37e9715e26b09bf56cf8bc3564b7932bf590bef50f54a8947fc1a580
Al/Upgrade/CDCUpgrade1100Functions.Codeunit.al	357	56dcf64bfcc50d2a8be76322974131ec6f1edcbac4ceac7131902abd6421c30d
Al/Upgrade/CDCUpgrade1200Functions.Codeunit.al	304	e5950140405881b832e0c18b767cb9ee47cdc65af9c0425d260b02eef4277949
Al/Upgrade/CDCUpgrade2400Functions.Codeunit.al	171	b45605b1b591ebbc2c91fa5d85fdad4e5da435eb27e3e603f5386fa10c9a98f9
Al/Upgrade/CDCUpgrade2500Functions.Codeunit.al	108	61993a8b584eeb046d17de500f17c34525f31b09e7342fe12c52f839ad6d4ab8
Al/Upgrade/CDCUpgrade2600Functions.Codeunit.al	128	fa6f5317ee513b1c042b513357ff297a5d689be21abad51cbab323da35911336
Al/Upgrade/CDCUpgrade2700Functions.Codeunit.al	132	b2c9fdea68e4503f7d01e84443d298509a59a0c8822e5d22d95fcf0d600d23cb
Al/Upgrade/CDCUpgrade800Functions.Codeunit.al	16	968853434fefcb76005e1492f135ea215c3caba19ad733e26e7215296b5c9d7d
Al/Upgrade/CDCUpgrade900Functions.Codeunit.al	8	57b3b00106c3f26d8e510be168ffb3a85a7c1ee32c087c2fcf6151f80f68ced0
Al/Upgrade/CDCUpgradeContiniaUsers.Codeunit.al	206	981e7e20bf30befbf56195c23392f9fc06169d3622115530fbee7eca580f200e
Al/Upgrade/CDCUpgradeFunctions.Codeunit.al	35	a0b10410102f0ee40cb7e51da572892c9f5fb1609c99abc767a4941bca21d874
Al/Upgrade/CDCUpgradeTagDefinitions.Codeunit.al	75	06efe2fcb8f1e3534215c5d356c98348ed9a03151df7f89439be803926717399
Al/XmlImport/TemplateProfileRel.Page.al	11	575597907352476e0450595196f17addc9ee0807a3248c26a5c21478c21389fe
Modules/Activation/CDCModuleLicense.Codeunit.al	104	d1255e3dc244f063dd2e7339c3d0fa0d223838a72ee86e7df94cbc6629f24f4b
Modules/Activation/CompanySetupExt.PageExtension.al	9	3bbb5d1566a647b4b753137458a9292a171be681801c541eeb065a4bbd0fbb6e
Modules/Approvals/Codeunits/CDCApprCommentLineSubscr.Codeunit.al	97	c99eca4f6d6553a4d4464cfafd73ace22e47a678e77aea3d3dd87846a82b3c62
Modules/Approvals/Codeunits/CDCApprovalCommentMgt.Codeunit.al	114	f0d8387bff6587f16bd5e6ea4011e20ae8a00aaa44dcf971904d2169063b4bd2
Modules/Approvals/Codeunits/CDCApprovalEntrySubscr.Codeunit.al	4	4670d8a8116411d15b8b42ed0014f71231bc12927d20763b21881264f7643b29
Modules/Approvals/Codeunits/CDCApprovalForwardSubscr.Codeunit.al	4	be051137233bf07f887934a49cdde3b6961463fb6c2c876e73bfd765418eb12f
Modules/Approvals/Codeunits/CDCApprovalFunctionsWS.Codeunit.al	666	743722a34f24d2ddcb852d7f2e1fc4ba2f78a4360347c209f5eb0cbb2a3cf38a
Modules/Approvals/Codeunits/CDCApprovalManagement.Codeunit.al	2069	b2e56ee1ee3d66cfef5c04fdf5a63f71156d4646067d75f9418bf9158cbace5f
Modules/Approvals/Codeunits/CDCApprovalsBridge.Codeunit.al	891	bcaa56c25cd5789102beef27191ada413926ef90e28bd77eaaed78f0dcef6059
Modules/Approvals/Codeunits/CDCApprovalUserGroupMgt.Codeunit.al	292	419aa50f946e0dcffe4eaa6a4d64b3002965957b4a2098852875cb606fa38748
Modules/Approvals/Pages/CDCAdvancedApprovalUsers.Page.al	87	dfe5a4f9d2638c55863f24d968e2b06a273259aea3d7af0f03eaec77046115b9
Modules/Approvals/Pages/CDCAppEntrbyAppListpar.Page.al	21	f5a12285b220cb2ce506cbd2f478f5763892a2791f5cc081c0d8edd6a3fce6f1
Modules/Approvals/Pages/CDCAppEntriesbyApprover.Page.al	21	dffde18ae98f7bf3a6fcec0ae261f85c388de740d1281449ffdee26b30f03ac9
Modules/Approvals/Pages/CDCApprovalActivities.Page.al	26	6a8397ec08b9ef97d52a5754b9d725c74b17985e087a67bc18dfdee3bee14b6b
Modules/Approvals/Pages/CDCApprovalCommentFactBox.Page.al	14	03c13e093169a17e0271fdccc0d075404f92dcc73dcd38e21d45d769b68bc4fe
Modules/Approvals/Pages/CDCApprovalComments.Page.al	24	20b8cc28e906826a10e33f4789bb5045349e2fbc0fba8e52254694f2b1671814
Modules/Approvals/Pages/CDCApprovalFlowLines.Page.al	55	f77b3b7e0187693f75255778c9fd50a23259cdfc8ca4241cd42d48ef85e0df1a
Modules/Approvals/Pages/CDCApprovalFlows.Page.al	1	67c5028f66e039c48acb61526e54269ef78cbec54b68faa0358503681efe87df
Modules/Approvals/Pages/CDCApprovalGroupCard.Page.al	31	db74042f473af8f8167ef9408f01c6b9371472766ea500e9afb6e3a2dee5d8c8
Modules/Approvals/Pages/CDCApprovalGroupCardSubp.Page.al	26	96e3d22adf06cb1597e25eb33ec6e82b3b2de1cf802c27ae5411364c15ffcda6
Modules/Approvals/Pages/CDCApprovalLogFactBox.Page.al	5	7aa3930af31dd38407ed44fc971cf428c58f4d5aca6c6c213f192be364536d1e
Modules/Approvals/Pages/CDCApprovalReasonCodes.Page.al	10	edc0d56838d68779b2718201809791d73294e6f3cce60b66370968f655b84508
Modules/Approvals/Pages/CDCApprovalSetupWizard.Page.al	113	94e8b367bf1ed1fea8a8123e20bd7484cd7cd6c04712d39c29805ee515ae1292
Modules/Approvals/Pages/CDCApprovalSharing.Page.al	23	444bfe7ba1e62b86f0103e426328167c254e8cb67ea8415ceda893bbad3a96f3
Modules/Approvals/Pages/CDCApprovalSharingComp.Page.al	57	7cde6cc70d2d892762ae05011245bf4544c0aafbe0aff92ceac16426142589e4
Modules/Approvals/Pages/CDCApproversList.Page.al	16	459804f7926e35253b7b0bdeb5280d80b2126fd2b1048eb66caba6758dd761cc
Modules/Approvals/Tables/CDCAppEntriesbyApprover.Table.al	22	681024c0d0899d626f9577fa6e2b8b356724b45bb2c8bc083324c021f57c182a
Modules/Approvals/Tables/CDCAppEntryCompany.Table.al	116	eba2e9f1f99e4794d945e3252ed374d92175092d445da90fa535e5946cec905a
Modules/Approvals/Tables/CDCAppReminderEMailSetup.Table.al	3	011be5d953126ea9eacc3b9550362395b1ca023e5242efb88b31863d24ff282d
Modules/Approvals/Tables/CDCApprovalFlow.Table.al	30	ade05373a32e8b09f32cf020462a266bb18b4ef9a51baace5aec6176de698774
Modules/Approvals/Tables/CDCApprovalForwarding.Table.al	9	c35dc413801f7a4089d6c31c52f5fe75aa1ccca3070a1d1b9f8192a5f5c1c84e
Modules/Approvals/Tables/CDCApprovalGroup.Table.al	44	7ae1f6ce2504940e40f8c09957b5693d39ce72d3ffc4a8506007c52b00d42f11
Modules/Approvals/Tables/CDCApprovalSharing.Table.al	148	4b01a786b57b5190797b96cb4b79dd183679c280224d046bcf1f2d88453ca0e1
Modules/Approvals/Tables/CDCApprovalSharingComp.Table.al	84	c60854252179c069de3bcecbb6bf81ea160b168a41bcafeb37792035759b1c7c
Modules/Approvals/Tables/CDCApprovalUser.Table.al	9	91683d5817c3c3e04d583030af95765c4fac149fcb045be4c257723a1ea4539e
Modules/Approvals/Tables/CDCApprovalUserDimension.Table.al	49	ea9102d71a0d6ebe6a5dce9931f45dfc10f595a9aa367e35514499cea0f91a8a
Modules/Approvals/Tables/CDCApprovalUserGroup.Table.al	38	b64e53bcd34e6c77c38148bd071208670f5b5529b4beb2a281f405ec95d73f02
Modules/Approvals/Tables/CDCApprovalUserGroupMember.Table.al	45	c5de4c467a8024429c3bccf8a6e5196876158a04d0647040498f619df3af97ce
Modules/Approvals/Tables/CDCAppUserGroupPermission.Table.al	144	5001f1112323fee553f7f619a3ba8d8b68927c6d8adb9bc1ea3a4f0952581457
Modules/Approvals/Tables/CDCAppUserGroupPermv2.Page.al	46	2776aac90358b242883a2eb601f8d0af4054d3cfa349047c7d98cc9f32a5e09f
Modules/Approvals/Tables/CDCAppUserGroupPermv2.Table.al	140	bb342fe9d794a70d065570eb90c5ad9aa4de87be14ad7a357e0e3357c9889119
Modules/Approvals/Tables/CDCAppUserGroupPmsSelec.Table.al	20	e88ee61d58d26bb4c999420aa8230f116bcadc9ee0d6b1e9dffd912480849489
Modules/Approvals/Tables/CDCContiniaUserPermission.Table.al	133	4116e8da5625d5ed61746ebdefd76e1fdce82bbec7c2eb26c2d4fb1fc71d54e2
Modules/Approvals/Tables/CDCContiniaUserPmsSel.Table.al	7	c4b222415cc4eb0ab52a6c783528d8b8c5404242d212f76adbbc71f1875a8d91
Modules/Continia Online/Codeunit/CDCContiniaOnline.Codeunit.al	578	e31e8f0d39749ba8478645ef18b89dd3e750959884abcbb9288f37ef97f80af6
Modules/Continia Online/Codeunit/CDCContiniaOnlineSubscr.Codeunit.al	5	bebe39c6bc0f79c82992d486169d2e35672724ac383c3810762daca704f0747f
Modules/Continia Online/Table/CDCContiniaWebPortal.Table.al	1	cde6905b8e740d202dc7beab4dbab7a330c688bb6916f3deba3f41bc4ae1ccab
Modules/Continia Online/Table/CDCPortalUserCompany.Table.al	5	b028cebee0807a47f8b4b1846a37ac32b76eb2b77a70ef8c09706556f643600f
Modules/Continia Online/Table/CDCWebHelpLine.Table.al	10	7707ef3244eb9a5fe694cbda03cb98dc09e364743b57d4fa1935a22559f8d833
Modules/Continia User Extensions/ContinaUserSetupSubscriber.Codeunit.al	173	1edf619cbb8499bc7f9fe47a3885b10f4ab4bb9660ec3306a37c34b055146885
Modules/Continia User Extensions/ContiniaUserFields.Codeunit.al	24	3eefa0d8382476931202d9eb3e7d696898c442a160892e467a3291bc010a6e4a
Modules/Continia User Extensions/ContiniaUserList.PageExtension.al	3	e1e1e40c7009c2ed6c5ff850ea6bbb43607d5b23be758a54720b3f71a689ca5b
Modules/Continia User Extensions/ContiniaUserList2.PageExtension.al	3	79dd245b7ac5966e41b3817ef0ecc434da16373b9b4c2b885972d938620d02ab
Modules/Continia User Extensions/ContiniaUserSetup.TableExtension.al	133	f42ce4e0cc2692d2261674d7423b79250c3a831488c16a1818393c3b0666ad1c
Modules/Continia User Extensions/ContiniaUserSetupCard.PageExtension.al	38	a86b7835f08b57fbe32533a33ad702223402e9abcc1eb0048a59083735bb8720
Modules/Continia User Extensions/ContiniaUserSetupList.PageExtension.al	39	dd124071f46708dd6e38e996c6b8ab0fc3af62c326d5311aac72614d5d75a3b8
Modules/Continia User Extensions/UserSetupbyCompany.PageExtenstion.al	55	eb6bf585f3f21d2d629a2b7ab57d3e5f6d3e4a6da43222a57c1ea4b8debfd8ac
Modules/Item Tracking/CDCItemTrackingMgt.codeunit.al	110	3ac8ccedb7c69690bb0b83df63c07ed30ab7b8d6f3becb300c18fe2fb329789b
Modules/Purchase Contracts/Base/src/Codeunits/CDCArchiveManagement.Codeunit.al	30	a33e0975b3a9f4181cd8b884fc7cabe618aa24a4d980f25c433d779dfe5dfa88
Modules/Purchase Contracts/Base/src/Codeunits/CDCDimensionManagement.Codeunit.al	71	d86c50e37ac6fba8f5e3a507df18a2618d7ecb8623eb3d84673a69c79886b9b5
Modules/Purchase Contracts/Base/src/Codeunits/CDCPCApprovalMgt.Codeunit.al	207	0d0c347772558683f46f6538348b5a203430f255757f23896462e71abff44704
Modules/Purchase Contracts/Base/src/Codeunits/CDCPCApprovalsBridge.Codeunit.al	402	f8025c25d54bb179cb55a70d520663e1b6436d38420c488751a0cde64fc5d6df
Modules/Purchase Contracts/Base/src/Codeunits/CDCPCAssignedAmountMgt.Codeunit.al	135	a5de260259eb6c9817a7e3173b43b6745231b6989c8a932308a0b391b720a73f
Modules/Purchase Contracts/Base/src/Codeunits/CDCPCCaptionClassMgt.Codeunit.al	17	e884589117675110f8d95a37c167f59a3e0141b5e70b6eabe851c9a62b7518b4
Modules/Purchase Contracts/Base/src/Codeunits/CDCPCWorkflowEventHandling.Codeunit.al	34	9915bd826dc07f3bb11dce754a122e4796f3c15316a85093933a01f46cc2e524
Modules/Purchase Contracts/Base/src/Codeunits/CDCPCWorkflowRespHandling.Codeunit.al	137	d38f7920e22d0839cbca69c0ce36ae56061db9bc978f4e8cf86a869af3bd18c1
Modules/Purchase Contracts/Base/src/Codeunits/CDCPCWorkflowSetup.Codeunit.al	231	7f56fde117524bec11ef6f1c9249e9c75e4bf105727f6cb2c0e406c25b676760
Modules/Purchase Contracts/Base/src/Codeunits/CDCPurchContrApprMgt.Codeunit.al	189	166e1103b49f08ae26fb366f9562f01fa11c25a3aa5462130f75a8fcc605009d
Modules/Purchase Contracts/Base/src/Codeunits/CDCPurchContrConfigMgt.Codeunit.al	202	2940560933dbb96832823a97269b834aa31f96d79dbb2850b9a2307e56be946d
Modules/Purchase Contracts/Base/src/Codeunits/CDCPurchContrCreation.Codeunit.al	175	b2af04e3b3c551f127e426561c8a7767819c54b9491687ffd9911a2daf078875
Modules/Purchase Contracts/Base/src/Codeunits/CDCPurchContrDocTotals.Codeunit.al	138	09c741f7fbc60978400fc28dc19a01ca99a3ef9dec1a4f5d69a2d67b56134a73
Modules/Purchase Contracts/Base/src/Codeunits/CDCPurchContrFeatureMgt.Codeunit.al	8	d0cb0f72c38c9ded81ec26dea12c61b79f1f7c21345a74c3bb66d6a7bfe81899
Modules/Purchase Contracts/Base/src/Codeunits/CDCPurchContrManagement.Codeunit.al	166	ebd6e50053a7b303b4ca4f6e25b994e284c0bc233ecfbb9f26e3d45c533c1196
Modules/Purchase Contracts/Base/src/Codeunits/CDCPurchContrSelectMgt.Codeunit.al	36	90f08267417fa89ce45232e1818a38f5aac44b5746fb11bbd4a868c2536d6d12
Modules/Purchase Contracts/Base/src/Codeunits/CDCPurchDocRelationMgt.Codeunit.al	177	fc4c72212379d8c40209e4d2737355e1480bb5b48789caa59dd6263db549f552
Modules/Purchase Contracts/Base/src/Codeunits/CDCRelationMgt.Codeunit.al	122	8b550a8ef27e7110c4e75e285919ee128d4da0c2a4767a3cfc71b353962b3e3d
Modules/Purchase Contracts/Base/src/Codeunits/CDCReviewCommentMgt.Codeunit.al	95	07be676dfa133fb842e140a285069bb79a42704cce9be0160bab5777f3513529
Modules/Purchase Contracts/Base/src/Codeunits/CDCReviewEmail.Codeunit.al	187	badf527e760b43526a66e362f6c151ade741ac5f445b3bcbc85498bc3688a30b
Modules/Purchase Contracts/Base/src/Codeunits/CDCReviewMgt.Codeunit.al	56	be39928ddfd8497ca3902407c23158a92458dd2275cac2bedd6bb403e8276330
Modules/Purchase Contracts/Base/src/Codeunits/CDCReviewMgtWS.Codeunit.al	202	6983fda3846d337e7b77a4228885d56312dc61f2718214b1c1789ea3e9a97e5d
Modules/Purchase Contracts/Base/src/Codeunits/CDCStatisticsMgt.Codeunit.al	69	a31e2395f07a18cdaa514ebff09e975031e04e463a255526737767565c6ebda5
Modules/Purchase Contracts/Base/src/Pages/CDCCntrArchCmtFactBox.Page.al	8	b19efa4cf3234f1c54c5b0de3fb7b0235826f9653e628be202f15fcdc3b4e19c
Modules/Purchase Contracts/Base/src/Pages/CDCContrRelationLookup.Page.al	18	e06e82449326f22677e764a3f1294f7c0a08eef4a7350a338ebafff82f2803d4
Modules/Purchase Contracts/Base/src/Pages/CDCContrSelDocSubpage.Page.al	196	f19d37a3ad1b256433378ece61b84b38f164808fd5881427c5a4e1a5f189ffc6
Modules/Purchase Contracts/Base/src/Pages/CDCContrSelSubpage.Page.al	72	1c6b379f9cae1a5999f640ff24481b400dd6720335993cd973c8f7ed7c71a2a0
Modules/Purchase Contracts/Base/src/Pages/CDCPCApprReqEntries.Page.al	72	fc6d1715690ba9ab64306e85a5bcb242b14d283cb44ec2fc9240e0ecce5c68da
Modules/Purchase Contracts/Base/src/Pages/CDCPCAssignedAmountLines.Page.al	41	50f94c413c4c9da47340d3f64f6fd0b48b5d3bab2206d120ab4770fee5c3a765
Modules/Purchase Contracts/Base/src/Pages/CDCPricePeriods.Page.al	5	55b098e88212ef2b5144893d67678ab590a4dca4ab3223f40829291b0a1ad158
Modules/Purchase Contracts/Base/src/Pages/CDCPurchaseInvLinesSelect.Page.al	14	efdaa7f1e51804ef5456559e7641fa0634ccf047e71703620db856073e71cb0a
Modules/Purchase Contracts/Base/src/Pages/CDCPurchCntrCmtFactBox.Page.al	7	aae29d9c6e10aa81be9e50fd4085e906343961a79bc7f844e903c52d65514ebf
Modules/Purchase Contracts/Base/src/Pages/CDCPurchContApprEntries.Page.al	90	c18a7995da2e67d40c02231be7fca47be7b4827d7f7d042382d498086a7d10ef
Modules/Purchase Contracts/Base/src/Pages/CDCPurchContArSubform.Page.al	15	a6adf90220da761a8f63ff7e9987ceb579e1203ffdd347dad127568e64945ead
Modules/Purchase Contracts/Base/src/Pages/CDCPurchContractCard.Page.al	138	189f2d5e3e4f3e599cb57d0cb2777a28c85b06b435480d5a9b8ed05224bcde2b
Modules/Purchase Contracts/Base/src/Pages/CDCPurchContractList.Page.al	55	f1bae2a1ceb9cef48870e389e6020c5d00ed197c5f5c9a35fa057f22ccb5b066
Modules/Purchase Contracts/Base/src/Pages/CDCPurchContractSelection.Page.al	40	b6f5b0948051bd87ad9162397628c3955032ebe04e09706ce2e03178b537cca5
Modules/Purchase Contracts/Base/src/Pages/CDCPurchContractsSetup.Page.al	35	bd0a4471a27cd25aefb560041f79d4662ada6bbfc6173972f5a7e2aaffcbb861
Modules/Purchase Contracts/Base/src/Pages/CDCPurchContractSubform.Page.al	87	4c064699ac46e84a453a9c0ac73495eac9708bd5b365bf3e184b1538aa30a188
Modules/Purchase Contracts/Base/src/Pages/CDCPurchContrArchCard.Page.al	31	8acea375f71893bac409028bda5dfcb14cb6d064fd80fde9546f50b12ccda3f7
Modules/Purchase Contracts/Base/src/Pages/CDCPurchContrArchList.Page.al	2	05db0287360354995ef7cdf16f4af1362e81da4c6af5aeb76cb77d6533d710c7
Modules/Purchase Contracts/Base/src/Pages/CDCPurchContrDetSelect.Page.al	250	42c0756ad4bc47aa0b2691d06cf48c4b33ffec172e17f1285bdf2b354d4723ac
Modules/Purchase Contracts/Base/src/Pages/CDCPurchContrFactBox.Page.al	10	c0e9c0f75ac60be7872b46a47ae38a7bee1a790257dd9fd450beaf440393bbbc
Modules/Purchase Contracts/Base/src/Pages/CDCPurchContrTemplCard.Page.al	19	71c5ea9e4e469504fd26541a4ca4a15dceac7648a61f6ad038e11c78e3b87e5c
Modules/Purchase Contracts/Base/src/Pages/CDCPurchContrTemplList.Page.al	3	f4c0bd010d06c0f0ff189d2be7aae655565eaab95de0d9637f5796bada1cd7ec
Modules/Purchase Contracts/Base/src/Pages/CDCReviewCommentSheet.Page.al	2	6b6c8bec2ae12729e4357643a1ec09796ed551beab05a39413702cd79b6dcf67
Modules/Purchase Contracts/Base/src/Reports/CDCSendToReview.Report.al	7	b0f87b3f07a564ad15d8f20d5a97bc811e6c0cdaf4bf28a09e7e76cb63a92e99
Modules/Purchase Contracts/Base/src/Tables/CDCDocumentRelation.Table.al	10	8ba236e906a4e7f419970101d4b15813f7d727bb9f012b393925df917d3b2838
Modules/Purchase Contracts/Base/src/Tables/CDCOffice.Table.al	14	6f11c81280eb079a222b9295867a481ed5781cd85bdb089ec44d4ffe50fedbe0
Modules/Purchase Contracts/Base/src/Tables/CDCPCAssignedAmountLine.Table.al	16	ffab17ce8cc7a9af09e7dcc79991bd289293abf8a14b6b852534f99850693e08
Modules/Purchase Contracts/Base/src/Tables/CDCPricePeriod.Table.al	15	addfab26b06b66d020039b324aad264db754875fdcd05086ac8e55acea88ec08
Modules/Purchase Contracts/Base/src/Tables/CDCPurchaseContractTemplate.Table.al	13	0a05229e4c24531b06968f238b6f686105f24e927af8384512f25c8212ae322d
Modules/Purchase Contracts/Base/src/Tables/CDCPurchContHdrArch.Table.al	7	ee25d30a058789422c8e05e910f4644d4396ff04b78489ea00ba9737258d685e
Modules/Purchase Contracts/Base/src/Tables/CDCPurchContLineArch.Table.al	8	c365df240dd357c46973d828dcc5162f69bf40ecbfb30ded56e14b02c3c84a3a
Modules/Purchase Contracts/Base/src/Tables/CDCPurchContractAdmCue.Table.al	6	044164ae6adb48ed469f4e4cc020510d3c9ebe98a33d658a078f4ffc99fd241d
Modules/Purchase Contracts/Base/src/Tables/CDCPurchContractDim.Table.al	138	fa56a0c2e70220ef3421d5217fdb9d23b283922adbdfd95aa5b50749c1e2280e
Modules/Purchase Contracts/Base/src/Tables/CDCPurchContractHeader.Table.al	524	7396b4d8b37021be34d12eafe513265be94fb412866424bbc165db968f1f09d5
Modules/Purchase Contracts/Base/src/Tables/CDCPurchContractLine.Table.al	444	bb592dfa4dae52d1c5a3d975a7d9a727b9a6c0802cdf16fb793db51fe6ec25d2
Modules/Purchase Contracts/Base/src/Tables/CDCPurchContractsSetup.Table.al	5	e888af4c4d49f4d89c0a79387eba876d376031e85939102eaf75550eb5bdedb7
Modules/Purchase Contracts/Base/src/Tables/CDCReviewCmtLineArch.Table.al	18	ded08ee4858bbd9efc204042417782e7c7e5c6090fb9e996022a0d6ed94a30ca
Modules/Purchase Contracts/Base/src/Tables/CDCReviewCommentLine.Table.al	31	17eb993d21018fa2ae2d95d348dc982144777401f50fde05fb514b034af3dbfe
Modules/Purchase Contracts/Base/src/WS/CDCPurchContractWS.Page.al	24	d9dcd2fe34712430a3e49488fd2e1ab81973dcf52209d486d61fe931ffc0cb97
Modules/Purchase Contracts/Base/src/WS/CDCPurchContrLinesWS.Page.al	4	987a6f14dbaad1d350b6b65bee8e25fb3cca3e5c1f624c6aaa28d1531b8e0157
Modules/Purchase Contracts/Base/src/WS/CDCPurchContrListWS.Page.al	8	cdb0dba350fd8656e31540a05d0786b9515b231110ef92946ff5a7ceb259b868
Modules/Purchase Contracts/Integration/src/Codeunits/CDCDocRelationMgt.Codeunit.al	82	5d9e3ff13aa0ccc4d113f30328f12a62623dbf2b991798ab5e6668c7763b5035
Modules/Purchase Contracts/Integration/src/Codeunits/CDCLookupPurchContractNo.Codeunit.al	19	86beed223795e9a22350a0d59c37cf0079b94a713aba8e526cf56a4316941dd6
Modules/Purchase Contracts/Integration/src/Codeunits/CDCLookupPurchContrLine.Codeunit.al	14	634316c04ec156a10bbdc6fd5e60737278f9dd62278848c0b366c7750f29a726
Modules/Purchase Contracts/Integration/src/Codeunits/CDCPCDAnalysisLogMgt.Codeunit.al	65	07ce59f8ed4afe2368c81626529bda38903ca99bcd6859ade7c2f2324df552c8
Modules/Purchase Contracts/Integration/src/Codeunits/CDCPCDAnalyzeInvoices.Codeunit.al	557	f962e03b8c6b7a72fb0c9d4d0d052c93199fda6fd2587e51756c4f84457baea1
Modules/Purchase Contracts/Integration/src/Codeunits/CDCPCDContrMgt.Codeunit.al	219	367051d24bb5a860c09e7a62472a6fd98ba7164539240e9a574d78a933ee6781
Modules/Purchase Contracts/Integration/src/Codeunits/CDCPCDInvoiceGroupMgt.Codeunit.al	47	cdf24aa6c6bb17099a50ffaa63818ff63ababa49e8ae0f9ac29ebb7fd1037a7c
Modules/Purchase Contracts/Integration/src/Codeunits/CDCPCDLineSetMgt.Codeunit.al	144	f50d380d05d59f1d97be7ccea56fa0047067b80f8f996a4663774ba8367d13bf
Modules/Purchase Contracts/Integration/src/Codeunits/CDCPCDNotificationMgt.Codeunit.al	167	affddcf0039a8b3dca90d2f7a0d3eabe9acc3991c6fcdb87f516478b4f29fff3
Modules/Purchase Contracts/Integration/src/Codeunits/CDCPCDStateMgt.Codeunit.al	12	6a4933ebf3c900c1bcb2adf0c415aef18af1974e6cc078ee02706d65d4c8fe76
Modules/Purchase Contracts/Integration/src/Codeunits/CDCPurchContractJQRunner.Codeunit.al	59	2c7dbe12e62444aa2d9bc5da203193c8bfe0409f7e6abb3659bc03e89b3034a6
Modules/Purchase Contracts/Integration/src/Codeunits/CDCPurchContrDocMgt.Codeunit.al	379	565ad5e5eb31b22e4aa5231fd2d28c38168bd05fa23040a22bdff83a778ccd69
Modules/Purchase Contracts/Integration/src/Codeunits/CDCPurchContrMatchMgt.Codeunit.al	81	ba01adf360683e051d791f9ba71b4d028a576e08ae0c0026da1af760e49baefd
Modules/Purchase Contracts/Integration/src/Codeunits/CDCPurchContrSubscr.Codeunit.al	82	719b711d722dcef2865c2d08bda084376afe89247991e48bee9a0e6a5737b55e
Modules/Purchase Contracts/Integration/src/Codeunits/CDCValidatePurchContract.Codeunit.al	9	c6ddbbe0a0304f470ec6e407af2041f3cf2352f43684af944ede70f2f986e318
Modules/Purchase Contracts/Integration/src/Codeunits/CDCValidatePurchContrLine.Codeunit.al	9	1c56fb52205805e82d75006bc4fc9b58ca5d3fded5bf7fefe713361dd37df154
Modules/Purchase Contracts/Integration/src/Codeunits/CDCValidateVendorContrNo.Codeunit.al	65	466955b93c3ca3ae85d8b1fe5a1633edb5d530a3269dab90c8ebd6ac4d59c41a
Modules/Purchase Contracts/Integration/src/Pages/CDCPCDPossibleContractCard.Page.al	18	e40de4d659076a25ac7226e7be253e0f8817081713721c59498e8a7349e8e412
Modules/Purchase Contracts/Integration/src/Pages/CDCPCDPossibleContractList.Page.al	64	37669f12c7f856d86d36d6dc6457eedfb22edf39c7f389a62d2b3ab0079bdd9b
Modules/Purchase Contracts/Integration/src/Pages/CDCPCDPossibleContrSubf.Page.al	23	7dc476de79d62bfd2d793718da67050b99e1480ae7c758a357ebc59105eba0fd
Modules/Purchase Contracts/Integration/src/Tables/CDCPCDAnalysisLogEntry.Table.al	2	e9de6b1c1644f8ed8b1e1e59c1e4b4c8d6ad6483f29092b1a7799426d52c20fa
Modules/Purchase Contracts/Integration/src/Tables/CDCPCDInvoiceGroupEntry.Table.al	74	4a99ea8f52f7fee4f3af7af535870565e6be394c982a3f2f8deb2cf572d7046b
Modules/Purchase Contracts/Integration/src/Tables/CDCPCDVendorContract.Table.al	42	2cc2756931cf901068e0954813ca1d952e4d076b7f31a40fec32662800bff836
Modules/Storage/CDCDocAzureBlobStorMgt.Codeunit.al	179	f4f8083e0cdefb44185e956ed860819e3eeab6175924f00cb91d78f58c13ab53
Modules/Storage/CDCDocumentBlobStorageMgt.Codeunit.al	190	30a3ccc6f1c6e6fee0c29ed7cd46d9c81f08601350981af583d57b4432a06470
Modules/Storage/CDCDocumentFileInterface.Codeunit.al	468	6a4b1483d6cac844fba06bc42d409b21933c78d223405e82559f23a4002d3374
Modules/Storage/CDCDocumentFileService.Codeunit.al	249	45dda2300bd367388eb61bd91f8e7a47ee667a5dfdddd7219ebdf581e521c436
Modules/Storage/CDCDocumentFileSystem.Codeunit.al	295	0e95bd32375baee1ba9bcfed2c2c120175d1c78756ca3c4e2464a71344306180
Modules/Storage/CDCDocumentUICFileSystem.Codeunit.al	138	f3d216b000a1e5023181a129304bb30989bc47cc796fe35ccac3700f1b7188cb
Modules/Storage/CDCFileInformation.Codeunit.al	44	57b3822c33299277e8167ffd80f662413509cd55205b10f54c3fd79a0a898cbe
Modules/Storage/CDCFileServiceManagement.Codeunit.al	149	02b1ae03e302b63d476943fc54a0dc98dfb0eb94437adc414b1b8997f0baed23
Modules/Sustainability Integration/CDCIsValidSustainType.Codeunit.al	21	488cff3fc6699d9dea6cbca5600654e1efdbe666fed9c2535394481c6b22811f
Modules/Sustainability Integration/CDCLookupSustainabilityType.Codeunit.al	53	ac1bddc0eb1bb366f8900bc3afb286deca24e724dda584d611edfb9f3db9b07c
Modules/Sustainability Integration/CDCSustainabilityMgt.Codeunit.al	674	9c9c6013d4b4787913f99097a95fecaa5b718432654300ce5b8a8521269781ac
Modules/Sustainability Integration/CDCSustainabilityTypeMgt.Codeunit.al	21	6737a23b7ceeab7988134014f9bb8b414b208c8547ee50c1fa3d8e201c49104e
Modules/Sustainability Integration/CDCSustainValidateAcc.Codeunit.al	8	2ff7bb4fa9fa2ecdee37c88d48ca27dc0469e880868dad8ec784b4c84ad920df
Modules/Sustainability Integration/SustainabilitySetup.Codeunit.al	5	b560a4684165e2e835be448d92fd7c537ab62b1a1efa735f16190c226c4d241e
Modules/Telemetry/CDCTelemetrySubscribers.Codeunit.al	92	778671b0360ac1cc44ca990895f87d202a792073ec9786eb48c48e5a17060d37
Modules/Web Portal Extensions/WebApprovalSetupWizard.PageExtension.al	2	3eddbb838a126f3c2a8c9917335f1220a1f237681121bf08b038a801d5795f2c
Modules/Web Portal Extensions/WebPortalCard.PageExtension.al	3	e06d054152e78baa0cdb164a446161a211f28d8e667fec2a5b20f314df84f8e4
Modules/Web Portal Extensions/WebPortalList.PageExtension.al	3	b875f564e46fa742064d3c9cb37dce05d5508feafc78b8650d7c363b1b9860e0
Modules/WebServices/CDCAppEntryCompanyWS.Page.al	37	3c69c1c373d50f5e228eeae484ce8c911a32f10090f8fdfcece3e20e9a174ec0
Modules/WebServices/CDCApprovalDocWS.Page.al	42	1de4468a308e08ca27de3eb43e1d7cf7231c051ba66f5bd1eb3887ee66a1670f
Modules/WebServices/CDCApprovalEntriesWS.Page.al	92	c16498477f2412f9d79441c3a890521d840bbb125fdef4cd5bb5ab0f13fde68f
Modules/WebServices/CDCApprovalSharingWS.Page.al	7	7c0ef53b9337b36db889fa3776caf1f361aba8cda8c456bf180ff5cbefc41f00
Modules/WebServices/CDCDocumentFilesWS.Page.al	11	dc1e0b08bf7479cd4248d51bb544a9c76f7b5a8150709cfdcac82d24283f4f92
Modules/WebServices/CDCJobListWS.Page.al	2	1af942ccad3b95e3aaebaf59ec52fdc2d4f3cf083a453d6c0f0bdf06125550be
Modules/WebServices/CDCPostedAppEntriesWS.Page.al	112	42748c1632fb4f4f919ea8b7b3aca0a686ac30dbf202d242a34262588f32bd61
Modules/WebServices/CDCPurchDelegtoUserWS.Page.al	2	b37ba55c7c21d49c95353b7d8eb08f9bddc3e051946fc561ec59ebb839004861
Modules/WebServices/CDCPurchDocLinesWS.Page.al	188	f39f3ab6633d8be69aaebb3510bf65035b7e7aca1bbac7441112b179607a0f7d
Modules/WebServices/CDCPurchDocWS.Page.al	93	98eb4a5cef410a4f4edd522ca5fdb27e0cee27e740ce7bdcd4185d495b93166c
Modules/WebServices/CDCPurchPostCMLinesWS.Page.al	38	8ecf6b5d7fca827d45882c15155143859689a622c7de7ae21a63cea620a4a8c2
Modules/WebServices/CDCPurchPostCMListWS.Page.al	30	ce086467dfe81a861353f7e3443e458fc14dfe1078891e65cb4ada5c3a4907af
Modules/WebServices/CDCPurchPostedCrMemoWS.Page.al	37	cf2c0d6e196f52cf7eae5d3babd6b30fe63d9cf7845386361a3267a870e436bb
Modules/WebServices/CDCPurchPostedInvWS.Page.al	39	675d5e4a4d6545131076cd3800c6801c4ddc73bba8db1bc295242310217bc6a6
Modules/WebServices/CDCPurchPostInvLineWS.Page.al	38	b6790a3d26cb46f5e05893f60d8d0e025f86a3f269be50c9279678b5767e7180
Modules/WebServices/CDCPurchPostInvListWS.Page.al	30	fad141d48c58332ad54b069ce99c4dd5513701927a63a66bb71e832c17019415
Modules/WebServices/CDCUserPmsSelectWS.Page.al	59	800ff90128dcd39377022329b8e6fca9cda72bcc4b7fa761cae6323367a0e7f1
Modules/WebServices/CDCVendorDocSubpageWS.Page.al	4	6af84d0007e9a88206491cc8d00a058e25de122ece9983c831278aa9dfb95eab
Modules/WebServices/CDCVendorInfoWS.Page.al	18	939b8365b76dbd8c2c5742bf5e61ef4724b48ad2f68bf7cabd4687792b9ffff5
Modules/WebServices/CDCWebPostDocSearchWS.Page.al	55	74bb086eb0da80a72df99ac790583810c702244856482b89fc7320ed4d4dfabc
Modules/WebServices/CDCWebSetupWS.Page.al	43	b0c6159d77f9c8d798cfcf90e0521aac44bffc84cfaf3fe278839dd597227b39
Modules/WebServices/CDCWebUserCompanyWS.Page.al	10	c9d3747b0736516e898a65f4e0231c3408fad3a49cd4540735e004cea5670d87
Modules/WebServices/CDCWebUserPmsSubfWS.Page.al	6	48a46dfff81d4f762d2df7d06564eff08f82036ed2a681e510c5fb47ff50f720
Modules/WebServices/CDCWebUsersWS.Page.al	10	e069e7b97a197c9ae2ffbee3d6f330c5cc4b1a6d9173d3133f2e8f375bd7df65
